"state_code","state_name","name","normalized_name","place_type","latitude","longitude"
"DE","Delaware","Arden","arden","village","39.811335","-75.488528"
"DE","Delaware","Ardencroft","ardencroft","village","39.8056","-75.486151"
"DE","Delaware","Ardentown","ardentown","village","39.808365","-75.480958"
"DE","Delaware","Bear","bear","cdp","39.618895","-75.680821"
"DE","Delaware","Bellefonte","bellefonte","town","39.766892","-75.498163"
"DE","Delaware","Bethany Beach","bethany beach","town","38.537592","-75.064283"
"DE","Delaware","Bethel","bethel","town","38.571044","-75.619509"
"DE","Delaware","Blades","blades","town","38.635226","-75.602516"
"DE","Delaware","Bowers","bowers","town","39.062164","-75.40291"
"DE","Delaware","Bridgeville","bridgeville","town","38.72515","-75.602811"
"DE","Delaware","Brookside","brookside","cdp","39.666239","-75.70663"
"DE","Delaware","Camden","camden","town","39.099199","-75.556942"
"DE","Delaware","Cheswold","cheswold","town","39.218813","-75.588201"
"DE","Delaware","Claymont","claymont","cdp","39.803171","-75.460482"
"DE","Delaware","Clayton","clayton","town","39.274059","-75.631529"
"DE","Delaware","Dagsboro","dagsboro","town","38.546223","-75.24579"
"DE","Delaware","Delaware City","delaware city","city","39.573785","-75.594605"
"DE","Delaware","Delmar","delmar","town","38.472468","-75.543859"
"DE","Delaware","Dewey Beach","dewey beach","town","38.695716","-75.075197"
"DE","Delaware","Dover","dover","city","39.160602","-75.521659"
"DE","Delaware","Dover Base Housing","dover base housing","cdp","39.116301","-75.482959"
"DE","Delaware","Edgemoor","edgemoor","cdp","39.753895","-75.505521"
"DE","Delaware","Ellendale","ellendale","town","38.810129","-75.424907"
"DE","Delaware","Elsmere","elsmere","town","39.738446","-75.594565"
"DE","Delaware","Farmington","farmington","town","38.869911","-75.579004"
"DE","Delaware","Felton","felton","town","39.012645","-75.576588"
"DE","Delaware","Fenwick Island","fenwick island","town","38.460303","-75.053286"
"DE","Delaware","Frankford","frankford","town","38.521393","-75.233397"
"DE","Delaware","Frederica","frederica","town","39.008004","-75.466598"
"DE","Delaware","Georgetown","georgetown","town","38.68945","-75.387229"
"DE","Delaware","Glasgow","glasgow","cdp","39.601548","-75.747348"
"DE","Delaware","Greenville","greenville","cdp","39.774833","-75.603995"
"DE","Delaware","Greenwood","greenwood","town","38.807163","-75.589996"
"DE","Delaware","Harrington","harrington","city","38.924126","-75.571795"
"DE","Delaware","Hartly","hartly","town","39.168292","-75.712377"
"DE","Delaware","Henlopen Acres","henlopen acres","town","38.725559","-75.084979"
"DE","Delaware","Highland Acres","highland acres","cdp","39.116265","-75.518288"
"DE","Delaware","Hockessin","hockessin","cdp","39.7839","-75.680711"
"DE","Delaware","Houston","houston","town","38.917349","-75.503892"
"DE","Delaware","Kent Acres","kent acres","cdp","39.132184","-75.516121"
"DE","Delaware","Kenton","kenton","town","39.227428","-75.664672"
"DE","Delaware","Laurel","laurel","town","38.571457","-75.571134"
"DE","Delaware","Leipsic","leipsic","town","39.24051","-75.515486"
"DE","Delaware","Lewes","lewes","city","38.778644","-75.143689"
"DE","Delaware","Lincoln","lincoln","cdp","38.867788","-75.422463"
"DE","Delaware","Little Creek","little creek","town","39.165907","-75.448129"
"DE","Delaware","Long Neck","long neck","cdp","38.62199","-75.162058"
"DE","Delaware","Magnolia","magnolia","town","39.071409","-75.476042"
"DE","Delaware","Middletown","middletown","town","39.443394","-75.717504"
"DE","Delaware","Milford","milford","city","38.909787","-75.422301"
"DE","Delaware","Millsboro","millsboro","town","38.58872","-75.309561"
"DE","Delaware","Millville","millville","town","38.537047","-75.129362"
"DE","Delaware","Milton","milton","town","38.775145","-75.309908"
"DE","Delaware","New Castle","new castle","city","39.670017","-75.566519"
"DE","Delaware","Newark","newark","city","39.677649","-75.757479"
"DE","Delaware","Newport","newport","town","39.714355","-75.604296"
"DE","Delaware","North Star","north star","cdp","39.752546","-75.734866"
"DE","Delaware","Ocean View","ocean view","town","38.526538","-75.109666"
"DE","Delaware","Odessa","odessa","town","39.456455","-75.659626"
"DE","Delaware","Pike Creek","pike creek","cdp","39.748745","-75.694974"
"DE","Delaware","Pike Creek Valley","pike creek valley","cdp","39.729288","-75.69787"
"DE","Delaware","Port Penn","port penn","cdp","39.515236","-75.581358"
"DE","Delaware","Rehoboth Beach","rehoboth beach","city","38.717446","-75.080611"
"DE","Delaware","Rising Sun-Lebanon","rising sun lebanon","cdp","39.099911","-75.50635"
"DE","Delaware","Riverview","riverview","cdp","39.030435","-75.518649"
"DE","Delaware","Rodney Village","rodney village","cdp","39.12831","-75.539683"
"DE","Delaware","Seaford","seaford","city","38.657254","-75.613378"
"DE","Delaware","Selbyville","selbyville","town","38.46079","-75.205637"
"DE","Delaware","Slaughter Beach","slaughter beach","town","38.918307","-75.313303"
"DE","Delaware","Smyrna","smyrna","town","39.295295","-75.608707"
"DE","Delaware","South Bethany","south bethany","town","38.516269","-75.058097"
"DE","Delaware","St. Georges","st georges","cdp","39.559142","-75.648683"
"DE","Delaware","Townsend","townsend","town","39.404803","-75.699096"
"DE","Delaware","Viola","viola","town","39.04293","-75.571458"
"DE","Delaware","Wilmington","wilmington","city","39.735651","-75.532104"
"DE","Delaware","Wilmington Manor","wilmington manor","cdp","39.685798","-75.584929"
"DE","Delaware","Woodside","woodside","town","39.071086","-75.567724"
"DE","Delaware","Woodside East","woodside east","cdp","39.067544","-75.537625"
"DE","Delaware","Wyoming","wyoming","town","39.112407","-75.564916"
"MD","Maryland","Aberdeen","aberdeen","city","39.516403","-76.174518"
"MD","Maryland","Aberdeen Proving Ground","aberdeen proving ground","cdp","39.454232","-76.133542"
"MD","Maryland","Abingdon","abingdon","cdp","39.463472","-76.27314"
"MD","Maryland","Accident","accident","town","39.625688","-79.319958"
"MD","Maryland","Accokeek","accokeek","cdp","38.676533","-77.000518"
"MD","Maryland","Adamstown","adamstown","cdp","39.307001","-77.469296"
"MD","Maryland","Adelphi","adelphi","cdp","38.997067","-76.966783"
"MD","Maryland","Algonquin","algonquin","cdp","38.589853","-76.091558"
"MD","Maryland","Allen","allen","cdp","38.288387","-75.693051"
"MD","Maryland","Andrews AFB","andrews afb","cdp","38.809803","-76.869158"
"MD","Maryland","Annapolis","annapolis","city","38.972152","-76.505332"
"MD","Maryland","Annapolis Neck","annapolis neck","cdp","38.936562","-76.498084"
"MD","Maryland","Antietam","antietam","cdp","39.415082","-77.736484"
"MD","Maryland","Aquasco","aquasco","cdp","38.591534","-76.697125"
"MD","Maryland","Arbutus","arbutus","cdp","39.242673","-76.692133"
"MD","Maryland","Arden on the Severn","arden on the severn","cdp","39.06771","-76.596488"
"MD","Maryland","Arnold","arnold","cdp","39.043227","-76.504985"
"MD","Maryland","Ashton-Sandy Spring","ashton sandy spring","cdp","39.148685","-76.999085"
"MD","Maryland","Aspen Hill","aspen hill","cdp","39.093635","-77.081985"
"MD","Maryland","Baden","baden","cdp","38.669485","-76.744221"
"MD","Maryland","Bagtown","bagtown","cdp","39.582982","-77.613885"
"MD","Maryland","Bakersville","bakersville","cdp","39.514829","-77.757048"
"MD","Maryland","Ballenger Creek","ballenger creek","cdp","39.381131","-77.420179"
"MD","Maryland","Baltimore","baltimore","city","39.300032","-76.610476"
"MD","Maryland","Baltimore Highlands","baltimore highlands","cdp","39.235932","-76.637402"
"MD","Maryland","Barclay","barclay","town","39.146454","-75.864433"
"MD","Maryland","Barnesville","barnesville","town","39.22392","-77.376106"
"MD","Maryland","Barrelville","barrelville","cdp","39.702653","-78.842454"
"MD","Maryland","Barton","barton","town","39.532283","-79.016785"
"MD","Maryland","Bartonsville","bartonsville","cdp","39.388795","-77.352961"
"MD","Maryland","Beaver Creek","beaver creek","cdp","39.581545","-77.651338"
"MD","Maryland","Bel Air","bel air","cdp","39.581262","-78.855471"
"MD","Maryland","Bel Air","bel air","town","39.534942","-76.346323"
"MD","Maryland","Bel Air North","bel air north","cdp","39.553404","-76.372942"
"MD","Maryland","Bel Air South","bel air south","cdp","39.508061","-76.309365"
"MD","Maryland","Beltsville","beltsville","cdp","39.039903","-76.920443"
"MD","Maryland","Benedict","benedict","cdp","38.511529","-76.67967"
"MD","Maryland","Bensville","bensville","cdp","38.612971","-77.004735"
"MD","Maryland","Berlin","berlin","town","38.331533","-75.215434"
"MD","Maryland","Berwyn Heights","berwyn heights","town","38.992854","-76.913451"
"MD","Maryland","Bethesda","bethesda","cdp","38.987292","-77.118612"
"MD","Maryland","Betterton","betterton","town","39.367072","-76.072495"
"MD","Maryland","Bier","bier","cdp","39.55513","-78.871122"
"MD","Maryland","Big Pool","big pool","cdp","39.625094","-78.016168"
"MD","Maryland","Big Spring","big spring","cdp","39.625902","-77.939632"
"MD","Maryland","Bishopville","bishopville","cdp","38.438642","-75.209507"
"MD","Maryland","Bivalve","bivalve","cdp","38.306205","-75.880628"
"MD","Maryland","Bladensburg","bladensburg","town","38.942368","-76.92591"
"MD","Maryland","Bloomington","bloomington","cdp","39.481331","-79.07851"
"MD","Maryland","Boonsboro","boonsboro","town","39.510648","-77.664745"
"MD","Maryland","Bowie","bowie","city","38.954703","-76.738834"
"MD","Maryland","Bowleys Quarters","bowleys quarters","cdp","39.31281","-76.38227"
"MD","Maryland","Bowling Green","bowling green","cdp","39.62713","-78.805046"
"MD","Maryland","Bowmans Addition","bowmans addition","cdp","39.686344","-78.755028"
"MD","Maryland","Braddock Heights","braddock heights","cdp","39.409522","-77.493564"
"MD","Maryland","Brandywine","brandywine","cdp","38.682077","-76.885314"
"MD","Maryland","Breathedsville","breathedsville","cdp","39.54601","-77.724548"
"MD","Maryland","Brentwood","brentwood","town","38.943883","-76.957046"
"MD","Maryland","Brock Hall","brock hall","cdp","38.855852","-76.742435"
"MD","Maryland","Brookeville","brookeville","town","39.182514","-77.059725"
"MD","Maryland","Brooklyn Park","brooklyn park","cdp","39.2195","-76.620921"
"MD","Maryland","Brookmont","brookmont","cdp","38.953831","-77.12902"
"MD","Maryland","Brookview","brookview","town","38.574011","-75.792963"
"MD","Maryland","Broomes Island","broomes island","cdp","38.411433","-76.548803"
"MD","Maryland","Brown Station","brown station","cdp","38.855332","-76.797065"
"MD","Maryland","Brownsville","brownsville","cdp","39.378174","-77.661555"
"MD","Maryland","Brunswick","brunswick","city","39.31799","-77.62528"
"MD","Maryland","Bryans Road","bryans road","cdp","38.6044","-77.092279"
"MD","Maryland","Bryantown","bryantown","cdp","38.548839","-76.842182"
"MD","Maryland","Buckeystown","buckeystown","cdp","39.324138","-77.428135"
"MD","Maryland","Burkittsville","burkittsville","town","39.393497","-77.627788"
"MD","Maryland","Burnt Mills","burnt mills","cdp","39.033984","-76.998272"
"MD","Maryland","Burtonsville","burtonsville","cdp","39.120921","-76.936675"
"MD","Maryland","Butlertown","butlertown","cdp","39.282194","-76.099165"
"MD","Maryland","Cabin John","cabin john","cdp","38.974014","-77.163841"
"MD","Maryland","California","california","cdp","38.297599","-76.492143"
"MD","Maryland","Callaway","callaway","cdp","38.233918","-76.528932"
"MD","Maryland","Calvert Beach","calvert beach","cdp","38.472799","-76.489676"
"MD","Maryland","Calverton","calverton","cdp","39.058085","-76.950848"
"MD","Maryland","Cambridge","cambridge","city","38.554063","-76.077116"
"MD","Maryland","Camp Springs","camp springs","cdp","38.805072","-76.918565"
"MD","Maryland","Cape St. Claire","cape st claire","cdp","39.043634","-76.445339"
"MD","Maryland","Capitol Heights","capitol heights","town","38.876687","-76.907569"
"MD","Maryland","Carlos","carlos","cdp","39.623743","-78.95668"
"MD","Maryland","Carney","carney","cdp","39.404896","-76.522725"
"MD","Maryland","Catonsville","catonsville","cdp","39.264456","-76.741694"
"MD","Maryland","Cavetown","cavetown","cdp","39.642658","-77.5932"
"MD","Maryland","Cearfoss","cearfoss","cdp","39.699133","-77.77634"
"MD","Maryland","Cecilton","cecilton","town","39.404824","-75.867412"
"MD","Maryland","Cedar Heights","cedar heights","cdp","38.903738","-76.905879"
"MD","Maryland","Cedarville","cedarville","cdp","38.656912","-76.82201"
"MD","Maryland","Centreville","centreville","town","39.042265","-76.062538"
"MD","Maryland","Chance","chance","cdp","38.17804","-75.938788"
"MD","Maryland","Charlestown","charlestown","town","39.582121","-75.986712"
"MD","Maryland","Charlotte Hall","charlotte hall","cdp","38.468236","-76.782645"
"MD","Maryland","Charlton","charlton","cdp","39.634401","-77.894364"
"MD","Maryland","Chesapeake Beach","chesapeake beach","town","38.689456","-76.554404"
"MD","Maryland","Chesapeake City","chesapeake city","town","39.527212","-75.811653"
"MD","Maryland","Chesapeake Landing","chesapeake landing","cdp","39.269347","-76.157236"
"MD","Maryland","Chesapeake Ranch Estates","chesapeake ranch estates","cdp","38.357625","-76.417351"
"MD","Maryland","Chester","chester","cdp","38.960094","-76.287616"
"MD","Maryland","Chestertown","chestertown","town","39.218383","-76.074022"
"MD","Maryland","Cheverly","cheverly","town","38.925931","-76.913468"
"MD","Maryland","Chevy Chase","chevy chase","cdp","38.992542","-77.074905"
"MD","Maryland","Chevy Chase","chevy chase","town","38.981893","-77.083197"
"MD","Maryland","Chevy Chase Section Five","chevy chase section five","village","38.98398","-77.074027"
"MD","Maryland","Chevy Chase Section Three","chevy chase section three","village","38.979259","-77.074187"
"MD","Maryland","Chevy Chase View","chevy chase view","town","39.019201","-77.081104"
"MD","Maryland","Chevy Chase Village","chevy chase village","town","38.969781","-77.07934"
"MD","Maryland","Chewsville","chewsville","cdp","39.648415","-77.631239"
"MD","Maryland","Chillum","chillum","cdp","38.966667","-76.978885"
"MD","Maryland","Choptank","choptank","cdp","38.682282","-75.949398"
"MD","Maryland","Church Creek","church creek","town","38.504888","-76.15403"
"MD","Maryland","Church Hill","church hill","town","39.145","-75.98077"
"MD","Maryland","Clarksburg","clarksburg","cdp","39.222893","-77.266079"
"MD","Maryland","Clarysville","clarysville","cdp","39.642026","-78.888947"
"MD","Maryland","Clear Spring","clear spring","town","39.65605","-77.930373"
"MD","Maryland","Clinton","clinton","cdp","38.750917","-76.902669"
"MD","Maryland","Cloverly","cloverly","cdp","39.103947","-76.994829"
"MD","Maryland","Cobb Island","cobb island","cdp","38.263698","-76.848986"
"MD","Maryland","Cockeysville","cockeysville","cdp","39.478003","-76.630796"
"MD","Maryland","Colesville","colesville","cdp","39.07284","-77.00058"
"MD","Maryland","College Park","college park","city","38.996276","-76.935594"
"MD","Maryland","Colmar Manor","colmar manor","town","38.926801","-76.943876"
"MD","Maryland","Columbia","columbia","cdp","39.201146","-76.85905"
"MD","Maryland","Coral Hills","coral hills","cdp","38.872313","-76.920979"
"MD","Maryland","Cordova","cordova","cdp","38.86801","-75.998885"
"MD","Maryland","Corriganville","corriganville","cdp","39.694646","-78.79726"
"MD","Maryland","Cottage City","cottage city","town","38.938399","-76.949445"
"MD","Maryland","Crellin","crellin","cdp","39.388631","-79.468471"
"MD","Maryland","Cresaptown","cresaptown","cdp","39.593506","-78.83505"
"MD","Maryland","Crisfield","crisfield","city","37.975457","-75.854542"
"MD","Maryland","Crofton","crofton","cdp","39.014439","-76.680007"
"MD","Maryland","Croom","croom","cdp","38.739799","-76.755192"
"MD","Maryland","Crownsville","crownsville","cdp","39.022462","-76.590377"
"MD","Maryland","Crumpton","crumpton","cdp","39.233174","-75.922049"
"MD","Maryland","Cumberland","cumberland","city","39.65131","-78.757959"
"MD","Maryland","Damascus","damascus","cdp","39.270995","-77.196834"
"MD","Maryland","Dames Quarter","dames quarter","cdp","38.17292","-75.890024"
"MD","Maryland","Danville","danville","cdp","39.510165","-78.917545"
"MD","Maryland","Dargan","dargan","cdp","39.376676","-77.734045"
"MD","Maryland","Darlington","darlington","cdp","39.642448","-76.203521"
"MD","Maryland","Darnestown","darnestown","cdp","39.088709","-77.311779"
"MD","Maryland","Dawson","dawson","cdp","39.477083","-78.945207"
"MD","Maryland","Deal Island","deal island","cdp","38.152793","-75.939954"
"MD","Maryland","Deale","deale","cdp","38.786091","-76.540708"
"MD","Maryland","Deer Park","deer park","town","39.423961","-79.325986"
"MD","Maryland","Delmar","delmar","town","38.442149","-75.560422"
"MD","Maryland","Denton","denton","town","38.879421","-75.824452"
"MD","Maryland","Derwood","derwood","cdp","39.114116","-77.150228"
"MD","Maryland","Detmold","detmold","cdp","39.557365","-78.991143"
"MD","Maryland","District Heights","district heights","city","38.858871","-76.888436"
"MD","Maryland","Downsville","downsville","cdp","39.55482","-77.80163"
"MD","Maryland","Drum Point","drum point","cdp","38.330395","-76.435985"
"MD","Maryland","Dundalk","dundalk","cdp","39.266824","-76.496531"
"MD","Maryland","Dunkirk","dunkirk","cdp","38.718193","-76.676782"
"MD","Maryland","Eagle Harbor","eagle harbor","town","38.567577","-76.687137"
"MD","Maryland","Eakles Mill","eakles mill","cdp","39.467067","-77.68596"
"MD","Maryland","East New Market","east new market","town","38.597025","-75.923126"
"MD","Maryland","East Riverdale","east riverdale","cdp","38.959762","-76.91102"
"MD","Maryland","Easton","easton","town","38.776262","-76.070478"
"MD","Maryland","Eckhart Mines","eckhart mines","cdp","39.655233","-78.89411"
"MD","Maryland","Eden","eden","cdp","38.278223","-75.654776"
"MD","Maryland","Edesville","edesville","cdp","39.153861","-76.207235"
"MD","Maryland","Edgemere","edgemere","cdp","39.220671","-76.456375"
"MD","Maryland","Edgemont","edgemont","cdp","39.676611","-77.546948"
"MD","Maryland","Edgewater","edgewater","cdp","38.939653","-76.551401"
"MD","Maryland","Edgewood","edgewood","cdp","39.42029","-76.296846"
"MD","Maryland","Edmonston","edmonston","town","38.949965","-76.932196"
"MD","Maryland","Eldersburg","eldersburg","cdp","39.404192","-76.952585"
"MD","Maryland","Eldorado","eldorado","town","38.58304","-75.790281"
"MD","Maryland","Elkridge","elkridge","cdp","39.195483","-76.741082"
"MD","Maryland","Elkton","elkton","town","39.605776","-75.821686"
"MD","Maryland","Ellerslie","ellerslie","cdp","39.713709","-78.776181"
"MD","Maryland","Ellicott City","ellicott city","cdp","39.276691","-76.833952"
"MD","Maryland","Elliott","elliott","cdp","38.308141","-76.010718"
"MD","Maryland","Emmitsburg","emmitsburg","town","39.705192","-77.321301"
"MD","Maryland","Ernstville","ernstville","cdp","39.630387","-78.023955"
"MD","Maryland","Essex","essex","cdp","39.301359","-76.444426"
"MD","Maryland","Fairland","fairland","cdp","39.08085","-76.952544"
"MD","Maryland","Fairlee","fairlee","cdp","39.22587","-76.166332"
"MD","Maryland","Fairmount","fairmount","cdp","38.109765","-75.820564"
"MD","Maryland","Fairmount Heights","fairmount heights","town","38.901591","-76.915339"
"MD","Maryland","Fairplay","fairplay","cdp","39.53567","-77.74631"
"MD","Maryland","Fairview","fairview","cdp","39.711079","-77.840616"
"MD","Maryland","Fairwood","fairwood","cdp","38.954713","-76.776544"
"MD","Maryland","Fallston","fallston","cdp","39.533804","-76.438545"
"MD","Maryland","Federalsburg","federalsburg","town","38.692265","-75.772465"
"MD","Maryland","Ferndale","ferndale","cdp","39.18696","-76.633107"
"MD","Maryland","Finzel","finzel","cdp","39.701721","-78.951997"
"MD","Maryland","Fishing Creek","fishing creek","cdp","38.336953","-76.221683"
"MD","Maryland","Flintstone","flintstone","cdp","39.703531","-78.575786"
"MD","Maryland","Flower Hill","flower hill","cdp","39.168443","-77.184443"
"MD","Maryland","Forest Glen","forest glen","cdp","39.018914","-77.045085"
"MD","Maryland","Forest Heights","forest heights","town","38.803776","-77.011691"
"MD","Maryland","Forestville","forestville","cdp","38.851737","-76.870765"
"MD","Maryland","Fort Meade","fort meade","cdp","39.1057","-76.743278"
"MD","Maryland","Fort Ritchie","fort ritchie","cdp","39.703659","-77.506389"
"MD","Maryland","Fort Washington","fort washington","cdp","38.731868","-77.008662"
"MD","Maryland","Fountainhead-Orchard Hills","fountainhead orchard hills","cdp","39.687838","-77.717298"
"MD","Maryland","Four Corners","four corners","cdp","39.023312","-77.010204"
"MD","Maryland","Franklin","franklin","cdp","39.498927","-79.051562"
"MD","Maryland","Frederick","frederick","city","39.434089","-77.414539"
"MD","Maryland","Frenchtown-Rumbly","frenchtown rumbly","cdp","38.07445","-75.853323"
"MD","Maryland","Friendly","friendly","cdp","38.760284","-76.966952"
"MD","Maryland","Friendship","friendship","cdp","38.735845","-76.58782"
"MD","Maryland","Friendship Heights Village","friendship heights village","cdp","38.963311","-77.089792"
"MD","Maryland","Friendsville","friendsville","town","39.662448","-79.404414"
"MD","Maryland","Frostburg","frostburg","city","39.650523","-78.926793"
"MD","Maryland","Fruitland","fruitland","city","38.320393","-75.626502"
"MD","Maryland","Fulton","fulton","cdp","39.15311","-76.911629"
"MD","Maryland","Funkstown","funkstown","town","39.606743","-77.705137"
"MD","Maryland","Gaithersburg","gaithersburg","city","39.148601","-77.195131"
"MD","Maryland","Galena","galena","town","39.342465","-75.878873"
"MD","Maryland","Galestown","galestown","town","38.562606","-75.715814"
"MD","Maryland","Galesville","galesville","cdp","38.84077","-76.554368"
"MD","Maryland","Gambrills","gambrills","cdp","39.092725","-76.651034"
"MD","Maryland","Gapland","gapland","cdp","39.40196","-77.658288"
"MD","Maryland","Garrett Park","garrett park","town","39.036129","-77.093547"
"MD","Maryland","Garretts Mill","garretts mill","cdp","39.353335","-77.688911"
"MD","Maryland","Garrison","garrison","cdp","39.402274","-76.751847"
"MD","Maryland","Georgetown","georgetown","cdp","39.221577","-76.191772"
"MD","Maryland","Germantown","germantown","cdp","39.174252","-77.263754"
"MD","Maryland","Gilmore","gilmore","cdp","39.58326","-78.951127"
"MD","Maryland","Girdletree","girdletree","cdp","38.098879","-75.400257"
"MD","Maryland","Glassmanor","glassmanor","cdp","38.818138","-76.983152"
"MD","Maryland","Glen Burnie","glen burnie","cdp","39.156271","-76.606996"
"MD","Maryland","Glen Echo","glen echo","town","38.968167","-77.141101"
"MD","Maryland","Glenarden","glenarden","city","38.929288","-76.857691"
"MD","Maryland","Glenmont","glenmont","cdp","39.070413","-77.046628"
"MD","Maryland","Glenn Dale","glenn dale","cdp","38.984395","-76.800322"
"MD","Maryland","Golden Beach","golden beach","cdp","38.489734","-76.700689"
"MD","Maryland","Goldsboro","goldsboro","town","39.030003","-75.780955"
"MD","Maryland","Gorman","gorman","cdp","39.292702","-79.35275"
"MD","Maryland","Graceham","graceham","cdp","39.617423","-77.387024"
"MD","Maryland","Grahamtown","grahamtown","cdp","39.644861","-78.922288"
"MD","Maryland","Grantsville","grantsville","town","39.696916","-79.152849"
"MD","Maryland","Grasonville","grasonville","cdp","38.957459","-76.197803"
"MD","Maryland","Green Valley","green valley","cdp","39.341841","-77.240301"
"MD","Maryland","Greenbelt","greenbelt","city","38.99467","-76.885399"
"MD","Maryland","Greensboro","greensboro","town","38.976354","-75.808076"
"MD","Maryland","Greensburg","greensburg","cdp","39.68075","-77.561545"
"MD","Maryland","Hagerstown","hagerstown","city","39.640182","-77.722691"
"MD","Maryland","Halfway","halfway","cdp","39.61567","-77.771068"
"MD","Maryland","Hampstead","hampstead","town","39.614597","-76.854801"
"MD","Maryland","Hampton","hampton","cdp","39.424788","-76.566473"
"MD","Maryland","Hancock","hancock","town","39.704578","-78.16327"
"MD","Maryland","Havre de Grace","havre de grace","city","39.546572","-76.113576"
"MD","Maryland","Hebron","hebron","town","38.42426","-75.687163"
"MD","Maryland","Henderson","henderson","town","39.074942","-75.766077"
"MD","Maryland","Herald Harbor","herald harbor","cdp","39.051265","-76.57492"
"MD","Maryland","Highfield-Cascade","highfield cascade","cdp","39.713592","-77.494566"
"MD","Maryland","Highland","highland","cdp","39.187223","-76.956731"
"MD","Maryland","Highland Beach","highland beach","town","38.931139","-76.467018"
"MD","Maryland","Hillandale","hillandale","cdp","39.026341","-76.975202"
"MD","Maryland","Hillcrest Heights","hillcrest heights","cdp","38.836453","-76.970583"
"MD","Maryland","Hillsboro","hillsboro","town","38.917043","-75.941779"
"MD","Maryland","Honeygo","honeygo","cdp","39.404969","-76.430016"
"MD","Maryland","Hughesville","hughesville","cdp","38.53742","-76.772789"
"MD","Maryland","Huntingtown","huntingtown","cdp","38.61235","-76.62154"
"MD","Maryland","Hurlock","hurlock","town","38.625712","-75.867186"
"MD","Maryland","Hutton","hutton","cdp","39.414494","-79.480044"
"MD","Maryland","Hyattsville","hyattsville","city","38.961205","-76.954935"
"MD","Maryland","Ilchester","ilchester","cdp","39.21611","-76.762058"
"MD","Maryland","Indian Head","indian head","town","38.598622","-77.155654"
"MD","Maryland","Indian Springs","indian springs","cdp","39.645634","-78.007402"
"MD","Maryland","Jarrettsville","jarrettsville","cdp","39.600745","-76.47241"
"MD","Maryland","Jefferson","jefferson","cdp","39.365345","-77.540671"
"MD","Maryland","Jennings","jennings","cdp","39.648657","-79.183497"
"MD","Maryland","Jessup","jessup","cdp","39.149094","-76.776388"
"MD","Maryland","Jesterville","jesterville","cdp","38.290479","-75.889929"
"MD","Maryland","Joppatowne","joppatowne","cdp","39.416594","-76.352171"
"MD","Maryland","Jugtown","jugtown","cdp","39.614277","-77.5943"
"MD","Maryland","Keedysville","keedysville","town","39.486338","-77.697552"
"MD","Maryland","Kemp Mill","kemp mill","cdp","39.041101","-77.021995"
"MD","Maryland","Kemps Mill","kemps mill","cdp","39.62687","-77.813902"
"MD","Maryland","Kennedyville","kennedyville","cdp","39.303213","-75.994244"
"MD","Maryland","Kensington","kensington","town","39.026837","-77.07371"
"MD","Maryland","Kent Narrows","kent narrows","cdp","38.976483","-76.243412"
"MD","Maryland","Kettering","kettering","cdp","38.889656","-76.790302"
"MD","Maryland","Kingstown","kingstown","cdp","39.207626","-76.04391"
"MD","Maryland","Kingsville","kingsville","cdp","39.451907","-76.430345"
"MD","Maryland","Kitzmiller","kitzmiller","town","39.389159","-79.183284"
"MD","Maryland","Klondike","klondike","cdp","39.610247","-78.96314"
"MD","Maryland","Konterra","konterra","cdp","39.080797","-76.899575"
"MD","Maryland","La Plata","la plata","town","38.543467","-76.96979"
"MD","Maryland","La Vale","la vale","cdp","39.67164","-78.826759"
"MD","Maryland","Lake Arbor","lake arbor","cdp","38.90957","-76.830236"
"MD","Maryland","Lake Shore","lake shore","cdp","39.091978","-76.489628"
"MD","Maryland","Landover","landover","cdp","38.924395","-76.887604"
"MD","Maryland","Landover Hills","landover hills","town","38.942465","-76.894505"
"MD","Maryland","Langley Park","langley park","cdp","38.989499","-76.980742"
"MD","Maryland","Lanham","lanham","cdp","38.962124","-76.839173"
"MD","Maryland","Lansdowne","lansdowne","cdp","39.235573","-76.664629"
"MD","Maryland","Largo","largo","cdp","38.88035","-76.829266"
"MD","Maryland","Laurel","laurel","city","39.095075","-76.861245"
"MD","Maryland","Layhill","layhill","cdp","39.089652","-77.039971"
"MD","Maryland","Laytonsville","laytonsville","town","39.208748","-77.135313"
"MD","Maryland","Leisure World","leisure world","cdp","39.104079","-77.06894"
"MD","Maryland","Leitersburg","leitersburg","cdp","39.692806","-77.620642"
"MD","Maryland","Leonardtown","leonardtown","town","38.303891","-76.639653"
"MD","Maryland","Lewistown","lewistown","cdp","39.54021","-77.420555"
"MD","Maryland","Lexington Park","lexington park","cdp","38.249403","-76.443556"
"MD","Maryland","Libertytown","libertytown","cdp","39.48911","-77.256919"
"MD","Maryland","Linganore","linganore","cdp","39.413664","-77.301232"
"MD","Maryland","Linthicum","linthicum","cdp","39.209567","-76.664741"
"MD","Maryland","Lisbon","lisbon","cdp","39.336634","-77.070491"
"MD","Maryland","Little Orleans","little orleans","cdp","39.630509","-78.395843"
"MD","Maryland","Loch Lynn Heights","loch lynn heights","town","39.391832","-79.372671"
"MD","Maryland","Lochearn","lochearn","cdp","39.34793","-76.727214"
"MD","Maryland","Lonaconing","lonaconing","town","39.565581","-78.978791"
"MD","Maryland","Long Beach","long beach","cdp","38.45884","-76.473643"
"MD","Maryland","Luke","luke","town","39.478781","-79.058903"
"MD","Maryland","Lusby","lusby","cdp","38.362356","-76.437915"
"MD","Maryland","Lutherville","lutherville","cdp","39.423965","-76.61767"
"MD","Maryland","Madison","madison","cdp","38.508928","-76.204222"
"MD","Maryland","Manchester","manchester","town","39.653159","-76.886735"
"MD","Maryland","Mapleville","mapleville","cdp","39.535702","-77.646244"
"MD","Maryland","Mardela Springs","mardela springs","town","38.457629","-75.755482"
"MD","Maryland","Marlboro Meadows","marlboro meadows","cdp","38.841853","-76.711958"
"MD","Maryland","Marlboro Village","marlboro village","cdp","38.834902","-76.768824"
"MD","Maryland","Marlow Heights","marlow heights","cdp","38.821119","-76.944294"
"MD","Maryland","Marlton","marlton","cdp","38.761088","-76.786536"
"MD","Maryland","Martin's Additions","martin s additions","village","38.979552","-77.069235"
"MD","Maryland","Marydel","marydel","town","39.113071","-75.74951"
"MD","Maryland","Maryland City","maryland city","cdp","39.101609","-76.805188"
"MD","Maryland","Maryland Park","maryland park","cdp","38.889009","-76.907551"
"MD","Maryland","Maugansville","maugansville","cdp","39.693681","-77.747151"
"MD","Maryland","Mayo","mayo","cdp","38.904436","-76.512842"
"MD","Maryland","Mays Chapel","mays chapel","cdp","39.442523","-76.658627"
"MD","Maryland","McCoole","mccoole","cdp","39.453357","-78.973088"
"MD","Maryland","Mechanicsville","mechanicsville","cdp","38.42743","-76.74664"
"MD","Maryland","Melwood","melwood","cdp","38.801893","-76.841624"
"MD","Maryland","Mercersville","mercersville","cdp","39.49921","-77.765825"
"MD","Maryland","Middle River","middle river","cdp","39.339519","-76.428702"
"MD","Maryland","Middleburg","middleburg","cdp","39.71768","-77.723878"
"MD","Maryland","Middletown","middletown","town","39.44134","-77.535216"
"MD","Maryland","Midland","midland","town","39.589623","-78.9487"
"MD","Maryland","Midlothian","midlothian","cdp","39.631868","-78.951501"
"MD","Maryland","Milford Mill","milford mill","cdp","39.348002","-76.769409"
"MD","Maryland","Millington","millington","town","39.261444","-75.84259"
"MD","Maryland","Mitchellville","mitchellville","cdp","38.936432","-76.808246"
"MD","Maryland","Monrovia","monrovia","cdp","39.359462","-77.274891"
"MD","Maryland","Montgomery Village","montgomery village","cdp","39.188512","-77.205143"
"MD","Maryland","Morningside","morningside","town","38.826587","-76.889622"
"MD","Maryland","Moscow","moscow","cdp","39.538292","-79.009674"
"MD","Maryland","Mount Aetna","mount aetna","cdp","39.59888","-77.612768"
"MD","Maryland","Mount Airy","mount airy","town","39.374693","-77.153807"
"MD","Maryland","Mount Briar","mount briar","cdp","39.442571","-77.687346"
"MD","Maryland","Mount Lena","mount lena","cdp","39.554029","-77.621891"
"MD","Maryland","Mount Rainier","mount rainier","city","38.942361","-76.964578"
"MD","Maryland","Mount Savage","mount savage","cdp","39.696684","-78.876833"
"MD","Maryland","Mount Vernon","mount vernon","cdp","38.239562","-75.785308"
"MD","Maryland","Mountain Lake Park","mountain lake park","town","39.40003","-79.381051"
"MD","Maryland","Myersville","myersville","town","39.510233","-77.571363"
"MD","Maryland","Nanticoke","nanticoke","cdp","38.265488","-75.886973"
"MD","Maryland","Nanticoke Acres","nanticoke acres","cdp","38.257873","-75.905841"
"MD","Maryland","National","national","cdp","39.611928","-78.940444"
"MD","Maryland","National Harbor","national harbor","cdp","38.783231","-77.008114"
"MD","Maryland","Naval Academy","naval academy","cdp","38.984784","-76.482628"
"MD","Maryland","New Carrollton","new carrollton","city","38.965593","-76.877516"
"MD","Maryland","New Market","new market","town","39.39142","-77.273431"
"MD","Maryland","New Windsor","new windsor","town","39.54295","-77.099157"
"MD","Maryland","Newark","newark","cdp","38.268109","-75.288638"
"MD","Maryland","Nikep","nikep","cdp","39.551568","-78.99773"
"MD","Maryland","North Beach","north beach","town","38.707736","-76.5345"
"MD","Maryland","North Bethesda","north bethesda","cdp","39.036753","-77.120336"
"MD","Maryland","North Brentwood","north brentwood","town","38.944806","-76.950742"
"MD","Maryland","North Chevy Chase","north chevy chase","village","39.002145","-77.074145"
"MD","Maryland","North East","north east","town","39.608037","-75.941655"
"MD","Maryland","North Kensington","north kensington","cdp","39.039196","-77.071562"
"MD","Maryland","North Laurel","north laurel","cdp","39.128849","-76.846597"
"MD","Maryland","North Potomac","north potomac","cdp","39.09677","-77.238503"
"MD","Maryland","Oakland","oakland","town","39.417143","-79.402352"
"MD","Maryland","Ocean","ocean","cdp","39.601533","-78.945033"
"MD","Maryland","Ocean City","ocean city","town","38.393125","-75.071208"
"MD","Maryland","Ocean Pines","ocean pines","cdp","38.384784","-75.148009"
"MD","Maryland","Odenton","odenton","cdp","39.06614","-76.693788"
"MD","Maryland","Oldtown","oldtown","cdp","39.544966","-78.614743"
"MD","Maryland","Olney","olney","cdp","39.14434","-77.071429"
"MD","Maryland","Overlea","overlea","cdp","39.364143","-76.517548"
"MD","Maryland","Owings","owings","cdp","38.711906","-76.603723"
"MD","Maryland","Owings Mills","owings mills","cdp","39.410494","-76.789371"
"MD","Maryland","Oxford","oxford","town","38.687407","-76.168182"
"MD","Maryland","Oxon Hill","oxon hill","cdp","38.788793","-76.971864"
"MD","Maryland","Paramount-Long Meadow","paramount long meadow","cdp","39.679776","-77.692106"
"MD","Maryland","Parkville","parkville","cdp","39.383198","-76.551876"
"MD","Maryland","Parole","parole","cdp","38.987941","-76.552716"
"MD","Maryland","Parsonsburg","parsonsburg","cdp","38.391673","-75.479581"
"MD","Maryland","Pasadena","pasadena","cdp","39.155703","-76.559807"
"MD","Maryland","Pecktonville","pecktonville","cdp","39.665971","-78.048184"
"MD","Maryland","Peppermill Village","peppermill village","cdp","38.893998","-76.887694"
"MD","Maryland","Perry Hall","perry hall","cdp","39.406741","-76.477793"
"MD","Maryland","Perryman","perryman","cdp","39.464679","-76.215865"
"MD","Maryland","Perryville","perryville","town","39.572968","-76.064923"
"MD","Maryland","Pikesville","pikesville","cdp","39.391773","-76.699634"
"MD","Maryland","Pinesburg","pinesburg","cdp","39.626891","-77.856121"
"MD","Maryland","Piney Point","piney point","cdp","38.147854","-76.522283"
"MD","Maryland","Pittsville","pittsville","town","38.394002","-75.407178"
"MD","Maryland","Pleasant Grove","pleasant grove","cdp","39.680201","-78.690514"
"MD","Maryland","Pleasant Hills","pleasant hills","cdp","39.486182","-76.393933"
"MD","Maryland","Pocomoke City","pocomoke city","city","38.063177","-75.559199"
"MD","Maryland","Point of Rocks","point of rocks","cdp","39.278194","-77.529101"
"MD","Maryland","Pomfret","pomfret","cdp","38.569904","-77.030372"
"MD","Maryland","Pondsville","pondsville","cdp","39.62341","-77.591619"
"MD","Maryland","Poolesville","poolesville","town","39.141827","-77.410508"
"MD","Maryland","Port Deposit","port deposit","town","39.611015","-76.099006"
"MD","Maryland","Port Tobacco Village","port tobacco village","town","38.512292","-77.020487"
"MD","Maryland","Potomac","potomac","cdp","39.013332","-77.193579"
"MD","Maryland","Potomac Heights","potomac heights","cdp","38.598207","-77.132328"
"MD","Maryland","Potomac Park","potomac park","cdp","39.612588","-78.808251"
"MD","Maryland","Powellville","powellville","cdp","38.330069","-75.374698"
"MD","Maryland","Preston","preston","town","38.710212","-75.907528"
"MD","Maryland","Prince Frederick","prince frederick","cdp","38.543791","-76.587906"
"MD","Maryland","Princess Anne","princess anne","town","38.205137","-75.696384"
"MD","Maryland","Pylesville","pylesville","cdp","39.687921","-76.388427"
"MD","Maryland","Quantico","quantico","cdp","38.379983","-75.755014"
"MD","Maryland","Queen Anne","queen anne","cdp","38.906451","-76.706271"
"MD","Maryland","Queen Anne","queen anne","town","38.91907","-75.953567"
"MD","Maryland","Queensland","queensland","cdp","38.795192","-76.795634"
"MD","Maryland","Queenstown","queenstown","town","38.986731","-76.163342"
"MD","Maryland","Randallstown","randallstown","cdp","39.371868","-76.801926"
"MD","Maryland","Rawlings","rawlings","cdp","39.539229","-78.886762"
"MD","Maryland","Redland","redland","cdp","39.132868","-77.145448"
"MD","Maryland","Reid","reid","cdp","39.712508","-77.679313"
"MD","Maryland","Reisterstown","reisterstown","cdp","39.454112","-76.816023"
"MD","Maryland","Ridgely","ridgely","town","38.952933","-75.882704"
"MD","Maryland","Ringgold","ringgold","cdp","39.709169","-77.568892"
"MD","Maryland","Rising Sun","rising sun","town","39.701401","-76.060181"
"MD","Maryland","Riva","riva","cdp","38.945219","-76.589928"
"MD","Maryland","Riverdale Park","riverdale park","town","38.966707","-76.92715"
"MD","Maryland","Riverside","riverside","cdp","39.480652","-76.241866"
"MD","Maryland","Riviera Beach","riviera beach","cdp","39.164543","-76.527418"
"MD","Maryland","Robinwood","robinwood","cdp","39.62647","-77.662668"
"MD","Maryland","Rock Hall","rock hall","town","39.140541","-76.240491"
"MD","Maryland","Rock Point","rock point","cdp","38.275467","-76.84275"
"MD","Maryland","Rockville","rockville","city","39.083666","-77.155585"
"MD","Maryland","Rohrersville","rohrersville","cdp","39.434897","-77.665474"
"MD","Maryland","Romancoke","romancoke","cdp","38.891825","-76.36078"
"MD","Maryland","Rosaryville","rosaryville","cdp","38.767603","-76.828092"
"MD","Maryland","Rosedale","rosedale","cdp","39.327159","-76.508377"
"MD","Maryland","Rosemont","rosemont","village","39.333729","-77.62276"
"MD","Maryland","Rossville","rossville","cdp","39.356566","-76.477894"
"MD","Maryland","Sabillasville","sabillasville","cdp","39.699364","-77.457277"
"MD","Maryland","Salisbury","salisbury","city","38.375328","-75.585925"
"MD","Maryland","San Mar","san mar","cdp","39.552216","-77.640901"
"MD","Maryland","Sandy Hook","sandy hook","cdp","39.328505","-77.705149"
"MD","Maryland","Savage","savage","cdp","39.146463","-76.821637"
"MD","Maryland","Scaggsville","scaggsville","cdp","39.140653","-76.882576"
"MD","Maryland","Seabrook","seabrook","cdp","38.982111","-76.851115"
"MD","Maryland","Seat Pleasant","seat pleasant","city","38.894689","-76.899451"
"MD","Maryland","Secretary","secretary","town","38.608193","-75.946955"
"MD","Maryland","Severn","severn","cdp","39.13549","-76.6956"
"MD","Maryland","Severna Park","severna park","cdp","39.086633","-76.564883"
"MD","Maryland","Shady Side","shady side","cdp","38.829011","-76.519647"
"MD","Maryland","Shaft","shaft","cdp","39.622319","-78.942893"
"MD","Maryland","Sharpsburg","sharpsburg","town","39.457618","-77.749312"
"MD","Maryland","Sharptown","sharptown","town","38.538188","-75.718957"
"MD","Maryland","Silver Hill","silver hill","cdp","38.839841","-76.938593"
"MD","Maryland","Silver Spring","silver spring","cdp","39.002441","-77.020791"
"MD","Maryland","Smith Island","smith island","cdp","37.97722","-76.028791"
"MD","Maryland","Smithsburg","smithsburg","town","39.654733","-77.579941"
"MD","Maryland","Snow Hill","snow hill","town","38.172519","-75.390403"
"MD","Maryland","Solomons","solomons","cdp","38.339089","-76.461901"
"MD","Maryland","Somerset","somerset","town","38.96657","-77.096319"
"MD","Maryland","South Kensington","south kensington","cdp","39.016149","-77.066293"
"MD","Maryland","South Laurel","south laurel","cdp","39.061466","-76.846194"
"MD","Maryland","Spencerville","spencerville","cdp","39.120024","-76.983527"
"MD","Maryland","Spring Gap","spring gap","cdp","39.565335","-78.705332"
"MD","Maryland","Spring Ridge","spring ridge","cdp","39.405041","-77.33988"
"MD","Maryland","Springdale","springdale","cdp","38.935802","-76.844233"
"MD","Maryland","St. George Island","st george island","cdp","38.11554","-76.476965"
"MD","Maryland","St. James","st james","cdp","39.573816","-77.748248"
"MD","Maryland","St. Leonard","st leonard","cdp","38.467369","-76.49863"
"MD","Maryland","St. Michaels","st michaels","town","38.788451","-76.222622"
"MD","Maryland","Stevensville","stevensville","cdp","38.974441","-76.318511"
"MD","Maryland","Still Pond","still pond","cdp","39.325957","-76.042355"
"MD","Maryland","Stockton","stockton","cdp","38.065387","-75.40842"
"MD","Maryland","Sudlersville","sudlersville","town","39.183261","-75.85354"
"MD","Maryland","Suitland","suitland","cdp","38.848615","-76.92252"
"MD","Maryland","Summerfield","summerfield","cdp","38.904538","-76.868297"
"MD","Maryland","Swanton","swanton","cdp","39.459864","-79.232695"
"MD","Maryland","Sykesville","sykesville","town","39.372069","-76.97172"
"MD","Maryland","Takoma Park","takoma park","city","38.980306","-77.002326"
"MD","Maryland","Tall Timbers","tall timbers","cdp","38.169777","-76.539277"
"MD","Maryland","Taneytown","taneytown","city","39.657516","-77.168973"
"MD","Maryland","Taylors Island","taylors island","cdp","38.471135","-76.316009"
"MD","Maryland","Temple Hills","temple hills","cdp","38.810549","-76.949477"
"MD","Maryland","Templeville","templeville","town","39.136364","-75.766849"
"MD","Maryland","Ten Mile Creek","ten mile creek","cdp","39.229361","-77.298206"
"MD","Maryland","Thurmont","thurmont","town","39.619976","-77.407695"
"MD","Maryland","Tilghman Island","tilghman island","cdp","38.703188","-76.336282"
"MD","Maryland","Tilghmanton","tilghmanton","cdp","39.528604","-77.743683"
"MD","Maryland","Timonium","timonium","cdp","39.445744","-76.600758"
"MD","Maryland","Tolchester","tolchester","cdp","39.218004","-76.232083"
"MD","Maryland","Towson","towson","cdp","39.39421","-76.617751"
"MD","Maryland","Trappe","trappe","town","38.663461","-76.05192"
"MD","Maryland","Travilah","travilah","cdp","39.059263","-77.250633"
"MD","Maryland","Trego-Rohrersville Station","trego rohrersville station","cdp","39.429107","-77.674853"
"MD","Maryland","Tyaskin","tyaskin","cdp","38.320408","-75.872635"
"MD","Maryland","Union Bridge","union bridge","town","39.571028","-77.172753"
"MD","Maryland","University Park","university park","town","38.971867","-76.944432"
"MD","Maryland","Upper Marlboro","upper marlboro","town","38.816495","-76.75367"
"MD","Maryland","Urbana","urbana","cdp","39.32577","-77.341519"
"MD","Maryland","Vale Summit","vale summit","cdp","39.615229","-78.908354"
"MD","Maryland","Vienna","vienna","town","38.481132","-75.831813"
"MD","Maryland","Waldorf","waldorf","cdp","38.609172","-76.919776"
"MD","Maryland","Walker Mill","walker mill","cdp","38.875642","-76.885442"
"MD","Maryland","Walkersville","walkersville","town","39.474323","-77.363352"
"MD","Maryland","Washington Grove","washington grove","town","39.140699","-77.174533"
"MD","Maryland","Waterview","waterview","cdp","38.248736","-75.900009"
"MD","Maryland","West Denton","west denton","cdp","38.889605","-75.83884"
"MD","Maryland","West Laurel","west laurel","cdp","39.115711","-76.892291"
"MD","Maryland","West Ocean City","west ocean city","cdp","38.347321","-75.111243"
"MD","Maryland","West Pocomoke","west pocomoke","cdp","38.096527","-75.579197"
"MD","Maryland","Westernport","westernport","town","39.487468","-79.042087"
"MD","Maryland","Westminster","westminster","city","39.579154","-77.006691"
"MD","Maryland","Westphalia","westphalia","cdp","38.840142","-76.824037"
"MD","Maryland","Whaleyville","whaleyville","cdp","38.387037","-75.297538"
"MD","Maryland","Wheaton","wheaton","cdp","39.04949","-77.058209"
"MD","Maryland","White Marsh","white marsh","cdp","39.381546","-76.45842"
"MD","Maryland","White Oak","white oak","cdp","39.044212","-76.987251"
"MD","Maryland","Whitehaven","whitehaven","cdp","38.269761","-75.79474"
"MD","Maryland","Wildewood","wildewood","cdp","38.30351","-76.547052"
"MD","Maryland","Willards","willards","town","38.392425","-75.349406"
"MD","Maryland","Williamsport","williamsport","town","39.597345","-77.817972"
"MD","Maryland","Williston","williston","cdp","38.830321","-75.851454"
"MD","Maryland","Wilson-Conococheague","wilson conococheague","cdp","39.651247","-77.827072"
"MD","Maryland","Woodland","woodland","cdp","39.608341","-78.950111"
"MD","Maryland","Woodlawn","woodlawn","cdp","38.950327","-76.900261"
"MD","Maryland","Woodlawn","woodlawn","cdp","39.305504","-76.747783"
"MD","Maryland","Woodmore","woodmore","cdp","38.923412","-76.777931"
"MD","Maryland","Woodsboro","woodsboro","town","39.534026","-77.30991"
"MD","Maryland","Worton","worton","cdp","39.270657","-76.091824"
"MD","Maryland","Yarrowsburg","yarrowsburg","cdp","39.376172","-77.684346"
"MD","Maryland","Zihlman","zihlman","cdp","39.674021","-78.913129"
"NJ","New Jersey","Absecon","absecon","city","39.423563","-74.493025"
"NJ","New Jersey","Absecon Highlands","absecon highlands","cdp","39.442693","-74.470231"
"NJ","New Jersey","Allamuchy","allamuchy","cdp","40.931361","-74.811743"
"NJ","New Jersey","Allendale","allendale","borough","41.032669","-74.133826"
"NJ","New Jersey","Allenhurst","allenhurst","borough","40.235945","-74.002417"
"NJ","New Jersey","Allentown","allentown","borough","40.178578","-74.590056"
"NJ","New Jersey","Allenwood","allenwood","cdp","40.135366","-74.09805"
"NJ","New Jersey","Alloway","alloway","cdp","39.561596","-75.345303"
"NJ","New Jersey","Alpha","alpha","borough","40.659447","-75.157052"
"NJ","New Jersey","Alpine","alpine","borough","40.968782","-73.916896"
"NJ","New Jersey","Ampere North","ampere north","cdp","40.77574","-74.191831"
"NJ","New Jersey","Anderson","anderson","cdp","40.76126","-74.925569"
"NJ","New Jersey","Andover","andover","borough","40.985743","-74.743701"
"NJ","New Jersey","Annandale","annandale","cdp","40.646818","-74.888144"
"NJ","New Jersey","Arrowhead Lake","arrowhead lake","cdp","39.47512","-75.317828"
"NJ","New Jersey","Asbury","asbury","cdp","40.698936","-75.007826"
"NJ","New Jersey","Asbury Park","asbury park","city","40.222884","-74.010232"
"NJ","New Jersey","Ashland","ashland","cdp","39.876228","-75.008265"
"NJ","New Jersey","Atco","atco","cdp","39.769996","-74.861738"
"NJ","New Jersey","Atlantic City","atlantic city","city","39.377337","-74.45107"
"NJ","New Jersey","Atlantic Highlands","atlantic highlands","borough","40.411771","-74.019836"
"NJ","New Jersey","Auburn","auburn","cdp","39.688041","-75.356261"
"NJ","New Jersey","Audubon","audubon","borough","39.890128","-75.072382"
"NJ","New Jersey","Audubon Park","audubon park","borough","39.896837","-75.088819"
"NJ","New Jersey","Avalon","avalon","borough","39.086453","-74.739003"
"NJ","New Jersey","Avenel","avenel","cdp","40.584334","-74.271626"
"NJ","New Jersey","Avon-by-the-Sea","avon by the sea","borough","40.191418","-74.015105"
"NJ","New Jersey","Barclay","barclay","cdp","39.901243","-75.000829"
"NJ","New Jersey","Bargaintown","bargaintown","cdp","39.368123","-74.590822"
"NJ","New Jersey","Barnegat","barnegat","cdp","39.753903","-74.221654"
"NJ","New Jersey","Barnegat Light","barnegat light","borough","39.751289","-74.10676"
"NJ","New Jersey","Barrington","barrington","borough","39.868935","-75.051362"
"NJ","New Jersey","Basking Ridge","basking ridge","cdp","40.706547","-74.557631"
"NJ","New Jersey","Bay Head","bay head","borough","40.070315","-74.048162"
"NJ","New Jersey","Bayonne","bayonne","city","40.662495","-74.110201"
"NJ","New Jersey","Beach Haven","beach haven","borough","39.576031","-74.251791"
"NJ","New Jersey","Beach Haven West","beach haven west","cdp","39.671611","-74.234941"
"NJ","New Jersey","Beachwood","beachwood","borough","39.928405","-74.202189"
"NJ","New Jersey","Beattystown","beattystown","cdp","40.820613","-74.856004"
"NJ","New Jersey","Beckett","beckett","cdp","39.753142","-75.359455"
"NJ","New Jersey","Bedminster","bedminster","cdp","40.674281","-74.660502"
"NJ","New Jersey","Beesleys Point","beesleys point","cdp","39.27718","-74.634869"
"NJ","New Jersey","Belford","belford","cdp","40.427906","-74.078743"
"NJ","New Jersey","Belle Mead","belle mead","cdp","40.468584","-74.657017"
"NJ","New Jersey","Belleplain","belleplain","cdp","39.25784","-74.874857"
"NJ","New Jersey","Bellmawr","bellmawr","borough","39.866356","-75.09467"
"NJ","New Jersey","Belmar","belmar","borough","40.179663","-74.02444"
"NJ","New Jersey","Belvidere","belvidere","town","40.829802","-75.073337"
"NJ","New Jersey","Bergenfield","bergenfield","borough","40.922334","-73.998001"
"NJ","New Jersey","Berlin","berlin","borough","39.792059","-74.936985"
"NJ","New Jersey","Bernardsville","bernardsville","borough","40.730384","-74.592602"
"NJ","New Jersey","Beverly","beverly","city","40.064811","-74.921904"
"NJ","New Jersey","Blackwells Mills","blackwells mills","cdp","40.480709","-74.59829"
"NJ","New Jersey","Blackwood","blackwood","cdp","39.799223","-75.063754"
"NJ","New Jersey","Blairstown","blairstown","cdp","40.987333","-74.954738"
"NJ","New Jersey","Blawenburg","blawenburg","cdp","40.402646","-74.698565"
"NJ","New Jersey","Bloomingdale","bloomingdale","borough","41.035471","-74.335613"
"NJ","New Jersey","Bloomsbury","bloomsbury","borough","40.656886","-75.076225"
"NJ","New Jersey","Bogota","bogota","borough","40.874293","-74.029737"
"NJ","New Jersey","Boonton","boonton","town","40.903818","-74.406369"
"NJ","New Jersey","Bordentown","bordentown","city","40.149693","-74.707679"
"NJ","New Jersey","Bound Brook","bound brook","borough","40.567749","-74.53725"
"NJ","New Jersey","Bradley Beach","bradley beach","borough","40.201604","-74.012056"
"NJ","New Jersey","Bradley Gardens","bradley gardens","cdp","40.572097","-74.663442"
"NJ","New Jersey","Brainards","brainards","cdp","40.771764","-75.169933"
"NJ","New Jersey","Branchville","branchville","borough","41.147238","-74.749042"
"NJ","New Jersey","Brass Castle","brass castle","cdp","40.763103","-75.026401"
"NJ","New Jersey","Bridgeport","bridgeport","cdp","39.800908","-75.346946"
"NJ","New Jersey","Bridgeton","bridgeton","city","39.429192","-75.228595"
"NJ","New Jersey","Bridgeville","bridgeville","cdp","40.844168","-75.031767"
"NJ","New Jersey","Bridgewater Center","bridgewater center","cdp","40.602743","-74.646096"
"NJ","New Jersey","Brielle","brielle","borough","40.105337","-74.064408"
"NJ","New Jersey","Brigantine","brigantine","city","39.413857","-74.377902"
"NJ","New Jersey","Broadway","broadway","cdp","40.735575","-75.04953"
"NJ","New Jersey","Brookdale","brookdale","cdp","40.834296","-74.179793"
"NJ","New Jersey","Brookfield","brookfield","cdp","40.815021","-75.071814"
"NJ","New Jersey","Brooklawn","brooklawn","borough","39.87935","-75.120396"
"NJ","New Jersey","Brookside","brookside","cdp","40.79457","-74.564042"
"NJ","New Jersey","Browns Mills","browns mills","cdp","39.973149","-74.569211"
"NJ","New Jersey","Brownville","brownville","cdp","40.399586","-74.293339"
"NJ","New Jersey","Budd Lake","budd lake","cdp","40.873494","-74.736828"
"NJ","New Jersey","Buena","buena","borough","39.52917","-74.945204"
"NJ","New Jersey","Burleigh","burleigh","cdp","39.047233","-74.846651"
"NJ","New Jersey","Burlington","burlington","city","40.078824","-74.852483"
"NJ","New Jersey","Butler","butler","borough","40.997768","-74.347003"
"NJ","New Jersey","Buttzville","buttzville","cdp","40.828388","-75.00617"
"NJ","New Jersey","Byram Center","byram center","cdp","40.932164","-74.71256"
"NJ","New Jersey","Caldwell","caldwell","borough","40.839235","-74.277026"
"NJ","New Jersey","Califon","califon","borough","40.719471","-74.836915"
"NJ","New Jersey","Camden","camden","city","39.936787","-75.106644"
"NJ","New Jersey","Cape May","cape may","city","38.941147","-74.898372"
"NJ","New Jersey","Cape May Court House","cape may court house","cdp","39.079177","-74.822549"
"NJ","New Jersey","Cape May Point","cape may point","borough","38.936909","-74.965374"
"NJ","New Jersey","Carlls Corner","carlls corner","cdp","39.465903","-75.203634"
"NJ","New Jersey","Carlstadt","carlstadt","borough","40.826431","-74.062335"
"NJ","New Jersey","Carneys Point","carneys point","cdp","39.705328","-75.467996"
"NJ","New Jersey","Carteret","carteret","borough","40.58379","-74.227457"
"NJ","New Jersey","Cedar Glen Lakes","cedar glen lakes","cdp","39.953737","-74.400284"
"NJ","New Jersey","Cedar Glen West","cedar glen west","cdp","40.038015","-74.285803"
"NJ","New Jersey","Cedar Knolls","cedar knolls","cdp","40.818911","-74.455194"
"NJ","New Jersey","Cedarville","cedarville","cdp","39.338581","-75.214477"
"NJ","New Jersey","Centre Grove","centre grove","cdp","39.360939","-75.13648"
"NJ","New Jersey","Chatham","chatham","borough","40.740686","-74.38448"
"NJ","New Jersey","Cherry Hill Mall","cherry hill mall","cdp","39.938209","-75.012356"
"NJ","New Jersey","Chesilhurst","chesilhurst","borough","39.729795","-74.880531"
"NJ","New Jersey","Chester","chester","borough","40.790628","-74.690085"
"NJ","New Jersey","Clayton","clayton","borough","39.664063","-75.074397"
"NJ","New Jersey","Clearbrook","clearbrook","cdp","40.309839","-74.465188"
"NJ","New Jersey","Clementon","clementon","borough","39.802681","-74.983763"
"NJ","New Jersey","Cliffside Park","cliffside park","borough","40.82205","-73.987932"
"NJ","New Jersey","Cliffwood Beach","cliffwood beach","cdp","40.44321","-74.217841"
"NJ","New Jersey","Clifton","clifton","city","40.862137","-74.160393"
"NJ","New Jersey","Clinton","clinton","town","40.636794","-74.915205"
"NJ","New Jersey","Closter","closter","borough","40.97289","-73.960315"
"NJ","New Jersey","Clyde","clyde","cdp","40.487341","-74.513189"
"NJ","New Jersey","Collings Lakes","collings lakes","cdp","39.595202","-74.888418"
"NJ","New Jersey","Collingswood","collingswood","borough","39.915275","-75.078391"
"NJ","New Jersey","Cologne","cologne","cdp","39.493247","-74.608404"
"NJ","New Jersey","Colonia","colonia","cdp","40.589329","-74.311415"
"NJ","New Jersey","Columbia","columbia","cdp","40.925868","-75.094062"
"NJ","New Jersey","Concordia","concordia","cdp","40.314592","-74.447362"
"NJ","New Jersey","Connecticut Farms","connecticut farms","cdp","40.693015","-74.271549"
"NJ","New Jersey","Cookstown","cookstown","cdp","40.043738","-74.547654"
"NJ","New Jersey","Corbin City","corbin city","city","39.301674","-74.705578"
"NJ","New Jersey","Country Lake Estates","country lake estates","cdp","39.948988","-74.537929"
"NJ","New Jersey","Cranbury","cranbury","cdp","40.31345","-74.520233"
"NJ","New Jersey","Crandon Lakes","crandon lakes","cdp","41.122727","-74.840512"
"NJ","New Jersey","Cranford","cranford","cdp","40.654374","-74.308632"
"NJ","New Jersey","Cream Ridge","cream ridge","cdp","40.132217","-74.537254"
"NJ","New Jersey","Cresskill","cresskill","borough","40.940018","-73.958313"
"NJ","New Jersey","Crestwood Village","crestwood village","cdp","39.955096","-74.352073"
"NJ","New Jersey","Crosswicks","crosswicks","cdp","40.139855","-74.636524"
"NJ","New Jersey","Cumberland-Hesstown","cumberland hesstown","cdp","39.362237","-74.914481"
"NJ","New Jersey","Dayton","dayton","cdp","40.377854","-74.507789"
"NJ","New Jersey","Deal","deal","borough","40.249701","-73.997458"
"NJ","New Jersey","Deans","deans","cdp","40.403154","-74.515311"
"NJ","New Jersey","Deerfield Street","deerfield street","cdp","39.516398","-75.243953"
"NJ","New Jersey","Delaware","delaware","cdp","40.892819","-75.069436"
"NJ","New Jersey","Delaware Park","delaware park","cdp","40.705117","-75.188273"
"NJ","New Jersey","Delmont","delmont","cdp","39.215244","-74.94944"
"NJ","New Jersey","Demarest","demarest","borough","40.954103","-73.954921"
"NJ","New Jersey","Dennisville","dennisville","cdp","39.206555","-74.818386"
"NJ","New Jersey","Diamond Beach","diamond beach","cdp","38.959251","-74.852865"
"NJ","New Jersey","Dividing Creek","dividing creek","cdp","39.270495","-75.100213"
"NJ","New Jersey","Dorchester","dorchester","cdp","39.269887","-74.971267"
"NJ","New Jersey","Dorothy","dorothy","cdp","39.404337","-74.831974"
"NJ","New Jersey","Dover","dover","town","40.8856","-74.559163"
"NJ","New Jersey","Dover Beaches North","dover beaches north","cdp","39.99354","-74.070657"
"NJ","New Jersey","Dover Beaches South","dover beaches south","cdp","39.954884","-74.081731"
"NJ","New Jersey","Dumont","dumont","borough","40.945239","-73.992428"
"NJ","New Jersey","Dunellen","dunellen","borough","40.590294","-74.465652"
"NJ","New Jersey","Dutch Neck","dutch neck","cdp","39.40166","-75.278671"
"NJ","New Jersey","East Franklin","east franklin","cdp","40.493307","-74.471073"
"NJ","New Jersey","East Freehold","east freehold","cdp","40.275752","-74.241309"
"NJ","New Jersey","East Millstone","east millstone","cdp","40.497223","-74.569735"
"NJ","New Jersey","East Newark","east newark","borough","40.752011","-74.162189"
"NJ","New Jersey","East Orange","east orange","city","40.765055","-74.211655"
"NJ","New Jersey","East Rocky Hill","east rocky hill","cdp","40.415152","-74.618012"
"NJ","New Jersey","East Rutherford","east rutherford","borough","40.817097","-74.085024"
"NJ","New Jersey","East Vineland","east vineland","cdp","39.476623","-74.905702"
"NJ","New Jersey","Eatontown","eatontown","borough","40.291624","-74.054123"
"NJ","New Jersey","Echelon","echelon","cdp","39.847234","-74.99368"
"NJ","New Jersey","Edgewater","edgewater","borough","40.82465","-73.973793"
"NJ","New Jersey","Egg Harbor City","egg harbor city","city","39.563687","-74.595865"
"NJ","New Jersey","Elizabeth","elizabeth","city","40.666367","-74.193503"
"NJ","New Jersey","Ellisburg","ellisburg","cdp","39.919889","-75.009336"
"NJ","New Jersey","Elmer","elmer","borough","39.592258","-75.174569"
"NJ","New Jersey","Elmwood Park","elmwood park","borough","40.904526","-74.119514"
"NJ","New Jersey","Elwood","elwood","cdp","39.569375","-74.707921"
"NJ","New Jersey","Emerson","emerson","borough","40.97499","-74.023248"
"NJ","New Jersey","Encore at Monroe","encore at monroe","cdp","40.319571","-74.467097"
"NJ","New Jersey","Englewood","englewood","city","40.891197","-73.972515"
"NJ","New Jersey","Englewood Cliffs","englewood cliffs","borough","40.884634","-73.944654"
"NJ","New Jersey","English Creek","english creek","cdp","39.378511","-74.65031"
"NJ","New Jersey","Englishtown","englishtown","borough","40.296141","-74.359584"
"NJ","New Jersey","Erma","erma","cdp","38.994824","-74.891954"
"NJ","New Jersey","Essex Fells","essex fells","borough","40.828102","-74.276226"
"NJ","New Jersey","Estell Manor","estell manor","city","39.353933","-74.775135"
"NJ","New Jersey","Fair Haven","fair haven","borough","40.36194","-74.038775"
"NJ","New Jersey","Fair Lawn","fair lawn","borough","40.93583","-74.117505"
"NJ","New Jersey","Fairton","fairton","cdp","39.373352","-75.208845"
"NJ","New Jersey","Fairview","fairview","borough","40.82111","-74.003032"
"NJ","New Jersey","Fairview","fairview","cdp","40.365312","-74.080588"
"NJ","New Jersey","Fanwood","fanwood","borough","40.641701","-74.385692"
"NJ","New Jersey","Far Hills","far hills","borough","40.690893","-74.621537"
"NJ","New Jersey","Farmingdale","farmingdale","borough","40.198357","-74.170082"
"NJ","New Jersey","Fieldsboro","fieldsboro","borough","40.135471","-74.733355"
"NJ","New Jersey","Finderne","finderne","cdp","40.561278","-74.574237"
"NJ","New Jersey","Finesville","finesville","cdp","40.61159","-75.171543"
"NJ","New Jersey","Flagtown","flagtown","cdp","40.522523","-74.691039"
"NJ","New Jersey","Flanders","flanders","cdp","40.843163","-74.710684"
"NJ","New Jersey","Flemington","flemington","borough","40.508641","-74.859869"
"NJ","New Jersey","Florence","florence","cdp","40.11916","-74.808773"
"NJ","New Jersey","Florham Park","florham park","borough","40.775992","-74.394315"
"NJ","New Jersey","Folsom","folsom","borough","39.596745","-74.843163"
"NJ","New Jersey","Fords","fords","cdp","40.536036","-74.313545"
"NJ","New Jersey","Forked River","forked river","cdp","39.825808","-74.180757"
"NJ","New Jersey","Forsgate","forsgate","cdp","40.349285","-74.467813"
"NJ","New Jersey","Fort Dix","fort dix","cdp","40.005611","-74.611072"
"NJ","New Jersey","Fort Lee","fort lee","borough","40.85064","-73.971007"
"NJ","New Jersey","Fortescue","fortescue","cdp","39.237004","-75.170521"
"NJ","New Jersey","Franklin","franklin","borough","41.108997","-74.588641"
"NJ","New Jersey","Franklin Center","franklin center","cdp","40.531535","-74.54141"
"NJ","New Jersey","Franklin Lakes","franklin lakes","borough","41.007526","-74.205653"
"NJ","New Jersey","Franklin Park","franklin park","cdp","40.444632","-74.542041"
"NJ","New Jersey","Franklinville","franklinville","cdp","39.618004","-75.072981"
"NJ","New Jersey","Freehold","freehold","borough","40.260219","-74.275884"
"NJ","New Jersey","Frenchtown","frenchtown","borough","40.530537","-75.052846"
"NJ","New Jersey","Gandys Beach","gandys beach","cdp","39.27255","-75.234386"
"NJ","New Jersey","Garfield","garfield","city","40.879797","-74.10825"
"NJ","New Jersey","Garwood","garwood","borough","40.651331","-74.323152"
"NJ","New Jersey","Germania","germania","cdp","39.514424","-74.590766"
"NJ","New Jersey","Gibbsboro","gibbsboro","borough","39.832567","-74.966907"
"NJ","New Jersey","Gibbstown","gibbstown","cdp","39.82454","-75.278082"
"NJ","New Jersey","Gillette","gillette","cdp","40.695179","-74.456871"
"NJ","New Jersey","Glassboro","glassboro","borough","39.700096","-75.111423"
"NJ","New Jersey","Glen Gardner","glen gardner","borough","40.700385","-74.939521"
"NJ","New Jersey","Glen Ridge","glen ridge","borough","40.804798","-74.204569"
"NJ","New Jersey","Glen Rock","glen rock","borough","40.959471","-74.125202"
"NJ","New Jersey","Glendora","glendora","cdp","39.840937","-75.067211"
"NJ","New Jersey","Gloucester City","gloucester city","city","39.891694","-75.116692"
"NJ","New Jersey","Golden Triangle","golden triangle","cdp","39.928553","-75.038827"
"NJ","New Jersey","Goshen","goshen","cdp","39.148107","-74.846148"
"NJ","New Jersey","Gouldtown","gouldtown","cdp","39.415169","-75.19119"
"NJ","New Jersey","Great Meadows","great meadows","cdp","40.875812","-74.896582"
"NJ","New Jersey","Great Notch","great notch","cdp","40.871476","-74.208634"
"NJ","New Jersey","Green Knoll","green knoll","cdp","40.604725","-74.614511"
"NJ","New Jersey","Green Village","green village","cdp","40.737233","-74.448347"
"NJ","New Jersey","Greentree","greentree","cdp","39.898668","-74.96168"
"NJ","New Jersey","Greenwich","greenwich","cdp","39.389168","-75.344386"
"NJ","New Jersey","Greenwich","greenwich","cdp","40.684907","-75.133821"
"NJ","New Jersey","Grenloch","grenloch","cdp","39.782747","-75.055456"
"NJ","New Jersey","Griggstown","griggstown","cdp","40.439868","-74.598319"
"NJ","New Jersey","Groveville","groveville","cdp","40.170087","-74.651309"
"NJ","New Jersey","Guttenberg","guttenberg","town","40.792784","-74.004572"
"NJ","New Jersey","Hackensack","hackensack","city","40.889398","-74.045698"
"NJ","New Jersey","Hackettstown","hackettstown","town","40.853704","-74.824877"
"NJ","New Jersey","Haddon Heights","haddon heights","borough","39.879127","-75.065918"
"NJ","New Jersey","Haddonfield","haddonfield","borough","39.895416","-75.034413"
"NJ","New Jersey","Hainesburg","hainesburg","cdp","40.957233","-75.052237"
"NJ","New Jersey","Haledon","haledon","borough","40.936989","-74.188867"
"NJ","New Jersey","Hamburg","hamburg","borough","41.148763","-74.573416"
"NJ","New Jersey","Hamilton Square","hamilton square","cdp","40.225029","-74.65048"
"NJ","New Jersey","Hammonton","hammonton","town","39.66078","-74.767021"
"NJ","New Jersey","Hampton","hampton","borough","40.70457","-74.971525"
"NJ","New Jersey","Hancocks Bridge","hancocks bridge","cdp","39.505308","-75.459316"
"NJ","New Jersey","Harlingen","harlingen","cdp","40.451506","-74.654587"
"NJ","New Jersey","Harmony","harmony","cdp","40.751232","-75.137817"
"NJ","New Jersey","Harrington Park","harrington park","borough","40.991681","-73.980202"
"NJ","New Jersey","Harrison","harrison","town","40.742978","-74.152911"
"NJ","New Jersey","Harrisonville","harrisonville","cdp","39.685659","-75.277309"
"NJ","New Jersey","Harvey Cedars","harvey cedars","borough","39.699578","-74.141511"
"NJ","New Jersey","Hasbrouck Heights","hasbrouck heights","borough","40.862751","-74.075182"
"NJ","New Jersey","Haworth","haworth","borough","40.962737","-73.99747"
"NJ","New Jersey","Hawthorne","hawthorne","borough","40.956957","-74.158561"
"NJ","New Jersey","Heathcote","heathcote","cdp","40.391003","-74.577665"
"NJ","New Jersey","Heislerville","heislerville","cdp","39.223659","-74.991478"
"NJ","New Jersey","Helmetta","helmetta","borough","40.378417","-74.423384"
"NJ","New Jersey","Hewitt","hewitt","cdp","41.176196","-74.324789"
"NJ","New Jersey","Hi-Nella","hi nella","borough","39.836516","-75.021965"
"NJ","New Jersey","Hibernia","hibernia","cdp","40.944622","-74.500876"
"NJ","New Jersey","High Bridge","high bridge","borough","40.670111","-74.890212"
"NJ","New Jersey","Highland Lakes","highland lakes","cdp","41.170559","-74.463226"
"NJ","New Jersey","Highland Park","highland park","borough","40.500795","-74.427911"
"NJ","New Jersey","Highlands","highlands","borough","40.404229","-73.988186"
"NJ","New Jersey","Hightstown","hightstown","borough","40.268457","-74.525804"
"NJ","New Jersey","Hillsborough","hillsborough","cdp","40.508074","-74.65288"
"NJ","New Jersey","Hillsdale","hillsdale","borough","41.007127","-74.045119"
"NJ","New Jersey","Ho-Ho-Kus","ho ho kus","borough","40.9995","-74.096583"
"NJ","New Jersey","Hoboken","hoboken","city","40.745251","-74.027926"
"NJ","New Jersey","Holiday City-Berkeley","holiday city berkeley","cdp","39.962813","-74.279647"
"NJ","New Jersey","Holiday City South","holiday city south","cdp","39.954094","-74.237294"
"NJ","New Jersey","Holiday Heights","holiday heights","cdp","39.939577","-74.257202"
"NJ","New Jersey","Hopatcong","hopatcong","borough","40.951648","-74.662377"
"NJ","New Jersey","Hope","hope","cdp","40.912086","-74.958895"
"NJ","New Jersey","Hopelawn","hopelawn","cdp","40.528629","-74.293633"
"NJ","New Jersey","Hopewell","hopewell","borough","40.389309","-74.763799"
"NJ","New Jersey","Hutchinson","hutchinson","cdp","40.779249","-75.119963"
"NJ","New Jersey","Interlaken","interlaken","borough","40.234313","-74.015939"
"NJ","New Jersey","Iselin","iselin","cdp","40.570142","-74.316371"
"NJ","New Jersey","Island Heights","island heights","borough","39.941804","-74.143842"
"NJ","New Jersey","Jamesburg","jamesburg","borough","40.349038","-74.440202"
"NJ","New Jersey","Jersey City","jersey city","city","40.711417","-74.06476"
"NJ","New Jersey","Jobstown","jobstown","cdp","40.030929","-74.700468"
"NJ","New Jersey","Johnsonburg","johnsonburg","cdp","40.963004","-74.870992"
"NJ","New Jersey","Juliustown","juliustown","cdp","40.012088","-74.67153"
"NJ","New Jersey","Kean University","kean university","cdp","40.677882","-74.233133"
"NJ","New Jersey","Keansburg","keansburg","borough","40.451869","-74.155634"
"NJ","New Jersey","Kearny","kearny","town","40.752332","-74.123093"
"NJ","New Jersey","Keasbey","keasbey","cdp","40.514718","-74.311856"
"NJ","New Jersey","Kendall Park","kendall park","cdp","40.413402","-74.562454"
"NJ","New Jersey","Kenilworth","kenilworth","borough","40.678089","-74.288114"
"NJ","New Jersey","Kenvil","kenvil","cdp","40.881052","-74.61966"
"NJ","New Jersey","Keyport","keyport","borough","40.432626","-74.200342"
"NJ","New Jersey","Kingston","kingston","cdp","40.38145","-74.61398"
"NJ","New Jersey","Kingston Estates","kingston estates","cdp","39.918085","-74.990185"
"NJ","New Jersey","Kinnelon","kinnelon","borough","40.982036","-74.385896"
"NJ","New Jersey","Lake Como","lake como","borough","40.170011","-74.024861"
"NJ","New Jersey","Lake Hiawatha","lake hiawatha","cdp","40.881471","-74.382612"
"NJ","New Jersey","Lake Hopatcong","lake hopatcong","cdp","40.959562","-74.609507"
"NJ","New Jersey","Lake Mohawk","lake mohawk","cdp","41.012982","-74.671481"
"NJ","New Jersey","Lake Telemark","lake telemark","cdp","40.959829","-74.497729"
"NJ","New Jersey","Lakehurst","lakehurst","borough","40.013119","-74.320356"
"NJ","New Jersey","Lakeside-Beebe Run","lakeside beebe run","cdp","39.452176","-75.249779"
"NJ","New Jersey","Lakewood","lakewood","cdp","40.093975","-74.211478"
"NJ","New Jersey","Lambertville","lambertville","city","40.368563","-74.943049"
"NJ","New Jersey","Lamington","lamington","cdp","40.671731","-74.706335"
"NJ","New Jersey","Landing","landing","cdp","40.906904","-74.66205"
"NJ","New Jersey","Laurel Heights","laurel heights","cdp","39.45695","-75.22347"
"NJ","New Jersey","Laurel Lake","laurel lake","cdp","39.326293","-75.03062"
"NJ","New Jersey","Laurel Springs","laurel springs","borough","39.820543","-75.005445"
"NJ","New Jersey","Laurence Harbor","laurence harbor","cdp","40.44685","-74.259977"
"NJ","New Jersey","Lavallette","lavallette","borough","39.969474","-74.07188"
"NJ","New Jersey","Lawnside","lawnside","borough","39.867308","-75.028903"
"NJ","New Jersey","Lawrenceville","lawrenceville","cdp","40.302621","-74.73852"
"NJ","New Jersey","Layton","layton","cdp","41.218518","-74.823479"
"NJ","New Jersey","Lebanon","lebanon","borough","40.641862","-74.833312"
"NJ","New Jersey","Ledgewood","ledgewood","cdp","40.883268","-74.668029"
"NJ","New Jersey","Leeds Point","leeds point","cdp","39.490613","-74.443344"
"NJ","New Jersey","Leesburg","leesburg","cdp","39.262606","-74.981904"
"NJ","New Jersey","Leisure Knoll","leisure knoll","cdp","40.018055","-74.28963"
"NJ","New Jersey","Leisure Village","leisure village","cdp","40.043805","-74.186412"
"NJ","New Jersey","Leisure Village East","leisure village east","cdp","40.040443","-74.168925"
"NJ","New Jersey","Leisure Village West","leisure village west","cdp","40.010284","-74.280896"
"NJ","New Jersey","Leisuretowne","leisuretowne","cdp","39.894535","-74.709479"
"NJ","New Jersey","Leonardo","leonardo","cdp","40.419717","-74.060211"
"NJ","New Jersey","Leonia","leonia","borough","40.863391","-73.988466"
"NJ","New Jersey","Liberty Corner","liberty corner","cdp","40.662488","-74.584628"
"NJ","New Jersey","Lincoln Park","lincoln park","borough","40.923751","-74.304235"
"NJ","New Jersey","Lincroft","lincroft","cdp","40.335361","-74.132723"
"NJ","New Jersey","Linden","linden","city","40.627337","-74.23631"
"NJ","New Jersey","Lindenwold","lindenwold","borough","39.818832","-74.989966"
"NJ","New Jersey","Linwood","linwood","city","39.343718","-74.571049"
"NJ","New Jersey","Little Ferry","little ferry","borough","40.843431","-74.034239"
"NJ","New Jersey","Little Silver","little silver","borough","40.336952","-74.034535"
"NJ","New Jersey","Llewellyn Park","llewellyn park","cdp","40.789325","-74.239681"
"NJ","New Jersey","Loch Arbour","loch arbour","village","40.232296","-74.000008"
"NJ","New Jersey","Lodi","lodi","borough","40.877915","-74.0825"
"NJ","New Jersey","Long Branch","long branch","city","40.295372","-73.989899"
"NJ","New Jersey","Long Valley","long valley","cdp","40.781633","-74.776838"
"NJ","New Jersey","Longport","longport","borough","39.311337","-74.526957"
"NJ","New Jersey","Lopatcong Overlook","lopatcong overlook","cdp","40.697115","-75.145197"
"NJ","New Jersey","Lower Berkshire Valley","lower berkshire valley","cdp","40.912183","-74.614014"
"NJ","New Jersey","Lyons","lyons","cdp","40.680768","-74.548442"
"NJ","New Jersey","Macopin","macopin","cdp","41.026869","-74.38004"
"NJ","New Jersey","Madison","madison","borough","40.758044","-74.417807"
"NJ","New Jersey","Madison Park","madison park","cdp","40.445963","-74.29639"
"NJ","New Jersey","Magnolia","magnolia","borough","39.856195","-75.036397"
"NJ","New Jersey","Malaga","malaga","cdp","39.579668","-75.056375"
"NJ","New Jersey","Manahawkin","manahawkin","cdp","39.689943","-74.242653"
"NJ","New Jersey","Manasquan","manasquan","borough","40.112421","-74.038159"
"NJ","New Jersey","Mantoloking","mantoloking","borough","40.056688","-74.04816"
"NJ","New Jersey","Manville","manville","borough","40.541269","-74.589273"
"NJ","New Jersey","Margate City","margate city","city","39.330913","-74.506849"
"NJ","New Jersey","Marksboro","marksboro","cdp","40.9793","-74.902528"
"NJ","New Jersey","Marlboro","marlboro","cdp","39.487078","-75.324578"
"NJ","New Jersey","Marlton","marlton","cdp","39.901885","-74.929277"
"NJ","New Jersey","Marmora","marmora","cdp","39.258702","-74.657407"
"NJ","New Jersey","Marshallville","marshallville","cdp","39.292681","-74.770462"
"NJ","New Jersey","Martinsville","martinsville","cdp","40.602946","-74.575794"
"NJ","New Jersey","Matawan","matawan","borough","40.411042","-74.236534"
"NJ","New Jersey","Mauricetown","mauricetown","cdp","39.29244","-75.007498"
"NJ","New Jersey","Mays Landing","mays landing","cdp","39.452263","-74.707473"
"NJ","New Jersey","Maywood","maywood","borough","40.902885","-74.063457"
"NJ","New Jersey","McGuire AFB","mcguire afb","cdp","40.027985","-74.587819"
"NJ","New Jersey","McKee City","mckee city","cdp","39.443813","-74.651889"
"NJ","New Jersey","Medford Lakes","medford lakes","borough","39.853649","-74.811665"
"NJ","New Jersey","Mendham","mendham","borough","40.76729","-74.597766"
"NJ","New Jersey","Menlo Park Terrace","menlo park terrace","cdp","40.553407","-74.324265"
"NJ","New Jersey","Mercerville","mercerville","cdp","40.235832","-74.692254"
"NJ","New Jersey","Merchantville","merchantville","borough","39.950222","-75.050337"
"NJ","New Jersey","Metuchen","metuchen","borough","40.542445","-74.362767"
"NJ","New Jersey","Mickleton","mickleton","cdp","39.79105","-75.246173"
"NJ","New Jersey","Middlebush","middlebush","cdp","40.502043","-74.535378"
"NJ","New Jersey","Middlesex","middlesex","borough","40.574627","-74.498259"
"NJ","New Jersey","Midland Park","midland park","borough","40.995809","-74.141262"
"NJ","New Jersey","Milford","milford","borough","40.573483","-75.089702"
"NJ","New Jersey","Millington","millington","cdp","40.675044","-74.514786"
"NJ","New Jersey","Millstone","millstone","borough","40.499868","-74.595529"
"NJ","New Jersey","Milltown","milltown","borough","40.450223","-74.434786"
"NJ","New Jersey","Millville","millville","city","39.390093","-75.054797"
"NJ","New Jersey","Milmay","milmay","cdp","39.439024","-74.868316"
"NJ","New Jersey","Mizpah","mizpah","cdp","39.481879","-74.838324"
"NJ","New Jersey","Money Island","money island","cdp","39.287626","-75.235145"
"NJ","New Jersey","Monmouth Beach","monmouth beach","borough","40.335895","-73.985608"
"NJ","New Jersey","Monmouth Junction","monmouth junction","cdp","40.376068","-74.557923"
"NJ","New Jersey","Monroe Manor","monroe manor","cdp","40.25902","-74.474279"
"NJ","New Jersey","Montclair State University","montclair state university","cdp","40.865917","-74.198359"
"NJ","New Jersey","Montvale","montvale","borough","41.054594","-74.047298"
"NJ","New Jersey","Moonachie","moonachie","borough","40.841334","-74.057671"
"NJ","New Jersey","Moorestown-Lenola","moorestown lenola","cdp","39.966115","-74.961557"
"NJ","New Jersey","Morganville","morganville","cdp","40.376053","-74.232607"
"NJ","New Jersey","Morris Plains","morris plains","borough","40.838806","-74.474196"
"NJ","New Jersey","Morristown","morristown","town","40.796562","-74.477318"
"NJ","New Jersey","Mount Arlington","mount arlington","borough","40.920751","-74.640791"
"NJ","New Jersey","Mount Ephraim","mount ephraim","borough","39.879524","-75.091814"
"NJ","New Jersey","Mount Hermon","mount hermon","cdp","40.921928","-74.993997"
"NJ","New Jersey","Mount Hope","mount hope","cdp","40.918729","-74.550854"
"NJ","New Jersey","Mount Royal","mount royal","cdp","39.809972","-75.214703"
"NJ","New Jersey","Mount Tabor","mount tabor","cdp","40.872284","-74.473929"
"NJ","New Jersey","Mountain Lake","mountain lake","cdp","40.859796","-74.987571"
"NJ","New Jersey","Mountain Lakes","mountain lakes","borough","40.890853","-74.442032"
"NJ","New Jersey","Mountainside","mountainside","borough","40.680722","-74.360292"
"NJ","New Jersey","Mullica Hill","mullica hill","cdp","39.720693","-75.210107"
"NJ","New Jersey","Mystic Island","mystic island","cdp","39.565639","-74.382363"
"NJ","New Jersey","National Park","national park","borough","39.867297","-75.185621"
"NJ","New Jersey","Navesink","navesink","cdp","40.400292","-74.044811"
"NJ","New Jersey","Neptune City","neptune city","borough","40.200478","-74.033336"
"NJ","New Jersey","Nesco","nesco","cdp","39.642642","-74.689601"
"NJ","New Jersey","Neshanic","neshanic","cdp","40.505399","-74.712023"
"NJ","New Jersey","Neshanic Station","neshanic station","cdp","40.52827","-74.735443"
"NJ","New Jersey","Netcong","netcong","borough","40.899232","-74.700823"
"NJ","New Jersey","New Brunswick","new brunswick","city","40.486677","-74.444414"
"NJ","New Jersey","New Egypt","new egypt","cdp","40.065145","-74.527063"
"NJ","New Jersey","New Gretna","new gretna","cdp","39.587769","-74.45452"
"NJ","New Jersey","New Milford","new milford","borough","40.934161","-74.019453"
"NJ","New Jersey","New Providence","new providence","borough","40.69889","-74.406623"
"NJ","New Jersey","New Vernon","new vernon","cdp","40.738889","-74.480459"
"NJ","New Jersey","New Village","new village","cdp","40.718409","-75.077244"
"NJ","New Jersey","Newark","newark","city","40.72422","-74.172574"
"NJ","New Jersey","Newfield","newfield","borough","39.551041","-75.010217"
"NJ","New Jersey","Newfoundland","newfoundland","cdp","41.055361","-74.429154"
"NJ","New Jersey","Newport","newport","cdp","39.291502","-75.169809"
"NJ","New Jersey","Newton","newton","town","41.051487","-74.753601"
"NJ","New Jersey","Newtonville","newtonville","cdp","39.563288","-74.855927"
"NJ","New Jersey","North Arlington","north arlington","borough","40.786256","-74.12622"
"NJ","New Jersey","North Beach Haven","north beach haven","cdp","39.600436","-74.211621"
"NJ","New Jersey","North Caldwell","north caldwell","borough","40.8645","-74.259996"
"NJ","New Jersey","North Cape May","north cape may","cdp","38.980849","-74.951024"
"NJ","New Jersey","North Haledon","north haledon","borough","40.963618","-74.185281"
"NJ","New Jersey","North Middletown","north middletown","cdp","40.438988","-74.118521"
"NJ","New Jersey","North Plainfield","north plainfield","borough","40.621255","-74.439466"
"NJ","New Jersey","North Wildwood","north wildwood","city","39.005944","-74.797505"
"NJ","New Jersey","Northfield","northfield","city","39.373073","-74.554128"
"NJ","New Jersey","Northvale","northvale","borough","41.012874","-73.948553"
"NJ","New Jersey","Norwood","norwood","borough","40.992046","-73.950551"
"NJ","New Jersey","Oak Ridge","oak ridge","cdp","41.031046","-74.498236"
"NJ","New Jersey","Oak Valley","oak valley","cdp","39.806271","-75.158815"
"NJ","New Jersey","Oakhurst","oakhurst","cdp","40.261486","-74.02655"
"NJ","New Jersey","Oakland","oakland","borough","41.031022","-74.240502"
"NJ","New Jersey","Oaklyn","oaklyn","borough","39.9023","-75.080573"
"NJ","New Jersey","Ocean Acres","ocean acres","cdp","39.742013","-74.281061"
"NJ","New Jersey","Ocean City","ocean city","city","39.269523","-74.599797"
"NJ","New Jersey","Ocean Gate","ocean gate","borough","39.926453","-74.134759"
"NJ","New Jersey","Ocean Grove","ocean grove","cdp","40.21182","-74.006944"
"NJ","New Jersey","Ocean View","ocean view","cdp","39.201263","-74.743738"
"NJ","New Jersey","Oceanport","oceanport","borough","40.316012","-74.020479"
"NJ","New Jersey","Oceanville","oceanville","cdp","39.482","-74.452637"
"NJ","New Jersey","Ogdensburg","ogdensburg","borough","41.08009","-74.597626"
"NJ","New Jersey","Old Bridge","old bridge","cdp","40.395367","-74.331185"
"NJ","New Jersey","Old Tappan","old tappan","borough","41.023305","-73.984223"
"NJ","New Jersey","Oldwick","oldwick","cdp","40.66746","-74.739447"
"NJ","New Jersey","Olivet","olivet","cdp","39.538101","-75.176334"
"NJ","New Jersey","Oradell","oradell","borough","40.956653","-74.032862"
"NJ","New Jersey","Othello","othello","cdp","39.409983","-75.342047"
"NJ","New Jersey","Oxford","oxford","cdp","40.804851","-74.997317"
"NJ","New Jersey","Packanack Lake","packanack lake","cdp","40.938537","-74.255839"
"NJ","New Jersey","Palermo","palermo","cdp","39.233626","-74.685809"
"NJ","New Jersey","Palisades Park","palisades park","borough","40.847017","-73.997061"
"NJ","New Jersey","Palmyra","palmyra","borough","40.003099","-75.035889"
"NJ","New Jersey","Panther Valley","panther valley","cdp","40.909669","-74.841815"
"NJ","New Jersey","Paramus","paramus","borough","40.947299","-74.070169"
"NJ","New Jersey","Park Ridge","park ridge","borough","41.036183","-74.044293"
"NJ","New Jersey","Parsippany","parsippany","cdp","40.864056","-74.41237"
"NJ","New Jersey","Passaic","passaic","city","40.857552","-74.129089"
"NJ","New Jersey","Paterson","paterson","city","40.914766","-74.162829"
"NJ","New Jersey","Paulsboro","paulsboro","borough","39.839975","-75.23996"
"NJ","New Jersey","Peapack and Gladstone","peapack and gladstone","borough","40.715782","-74.654054"
"NJ","New Jersey","Pedricktown","pedricktown","cdp","39.766365","-75.407605"
"NJ","New Jersey","Pemberton","pemberton","borough","39.97219","-74.686558"
"NJ","New Jersey","Pemberton Heights","pemberton heights","cdp","39.95792","-74.674924"
"NJ","New Jersey","Pennington","pennington","borough","40.324923","-74.78878"
"NJ","New Jersey","Penns Grove","penns grove","borough","39.727704","-75.469035"
"NJ","New Jersey","Pennsville","pennsville","cdp","39.648258","-75.500331"
"NJ","New Jersey","Perth Amboy","perth amboy","city","40.52016","-74.271331"
"NJ","New Jersey","Phillipsburg","phillipsburg","town","40.691974","-75.179006"
"NJ","New Jersey","Pine Beach","pine beach","borough","39.936058","-74.169789"
"NJ","New Jersey","Pine Brook","pine brook","cdp","40.869901","-74.344241"
"NJ","New Jersey","Pine Hill","pine hill","borough","39.78572","-74.980816"
"NJ","New Jersey","Pine Lake Park","pine lake park","cdp","40.001605","-74.258977"
"NJ","New Jersey","Pine Ridge at Crestwood","pine ridge at crestwood","cdp","39.961515","-74.31208"
"NJ","New Jersey","Pines Lake","pines lake","cdp","40.998672","-74.263775"
"NJ","New Jersey","Pitman","pitman","borough","39.733094","-75.129673"
"NJ","New Jersey","Plainfield","plainfield","city","40.615444","-74.415775"
"NJ","New Jersey","Plainsboro Center","plainsboro center","cdp","40.331273","-74.591588"
"NJ","New Jersey","Pleasant Plains","pleasant plains","cdp","40.45312","-74.576459"
"NJ","New Jersey","Pleasantdale","pleasantdale","cdp","40.804002","-74.274634"
"NJ","New Jersey","Pleasantville","pleasantville","city","39.388801","-74.514288"
"NJ","New Jersey","Pluckemin","pluckemin","cdp","40.645258","-74.634631"
"NJ","New Jersey","Point Pleasant","point pleasant","borough","40.077748","-74.069921"
"NJ","New Jersey","Point Pleasant Beach","point pleasant beach","borough","40.092566","-74.045173"
"NJ","New Jersey","Pomona","pomona","cdp","39.468784","-74.550191"
"NJ","New Jersey","Pompton Lakes","pompton lakes","borough","41.002734","-74.286742"
"NJ","New Jersey","Pompton Plains","pompton plains","cdp","40.967407","-74.306967"
"NJ","New Jersey","Port Colden","port colden","cdp","40.76641","-74.953357"
"NJ","New Jersey","Port Elizabeth","port elizabeth","cdp","39.309933","-74.971365"
"NJ","New Jersey","Port Monmouth","port monmouth","cdp","40.434236","-74.100665"
"NJ","New Jersey","Port Morris","port morris","cdp","40.906261","-74.684096"
"NJ","New Jersey","Port Murray","port murray","cdp","40.792825","-74.927156"
"NJ","New Jersey","Port Norris","port norris","cdp","39.262426","-75.046503"
"NJ","New Jersey","Port Reading","port reading","cdp","40.567422","-74.244933"
"NJ","New Jersey","Port Republic","port republic","city","39.534798","-74.476099"
"NJ","New Jersey","Pottersville","pottersville","cdp","40.713641","-74.725684"
"NJ","New Jersey","Preakness","preakness","cdp","40.93821","-74.224894"
"NJ","New Jersey","Presidential Lakes Estates","presidential lakes estates","cdp","39.914955","-74.563509"
"NJ","New Jersey","Princeton","princeton","place","40.358244","-74.666728"
"NJ","New Jersey","Princeton Junction","princeton junction","cdp","40.323172","-74.621871"
"NJ","New Jersey","Princeton Meadows","princeton meadows","cdp","40.33562","-74.564746"
"NJ","New Jersey","Prospect Park","prospect park","borough","40.941559","-74.174088"
"NJ","New Jersey","Quinton","quinton","cdp","39.547478","-75.410915"
"NJ","New Jersey","Rahway","rahway","city","40.607152","-74.280531"
"NJ","New Jersey","Rainbow Lakes","rainbow lakes","cdp","40.87411","-74.455036"
"NJ","New Jersey","Ramapo College of New Jersey","ramapo college of new jersey","cdp","41.08082","-74.17412"
"NJ","New Jersey","Ramblewood","ramblewood","cdp","39.932045","-74.95278"
"NJ","New Jersey","Ramsey","ramsey","borough","41.061325","-74.146996"
"NJ","New Jersey","Ramtown","ramtown","cdp","40.114712","-74.150158"
"NJ","New Jersey","Raritan","raritan","borough","40.571344","-74.646026"
"NJ","New Jersey","Red Bank","red bank","borough","40.348722","-74.066528"
"NJ","New Jersey","Regency at Monroe","regency at monroe","cdp","40.320866","-74.38626"
"NJ","New Jersey","Renaissance at Monroe","renaissance at monroe","cdp","40.263447","-74.480702"
"NJ","New Jersey","Richland","richland","cdp","39.490666","-74.889014"
"NJ","New Jersey","Richwood","richwood","cdp","39.716021","-75.172451"
"NJ","New Jersey","Ridgefield","ridgefield","borough","40.832677","-74.014088"
"NJ","New Jersey","Ridgefield Park","ridgefield park","village","40.854705","-74.019926"
"NJ","New Jersey","Ridgewood","ridgewood","village","40.981591","-74.113506"
"NJ","New Jersey","Ringoes","ringoes","cdp","40.430883","-74.871795"
"NJ","New Jersey","Ringwood","ringwood","borough","41.103963","-74.271138"
"NJ","New Jersey","Rio Grande","rio grande","cdp","39.019051","-74.87787"
"NJ","New Jersey","River Edge","river edge","borough","40.926766","-74.037468"
"NJ","New Jersey","Riverdale","riverdale","borough","40.995886","-74.314532"
"NJ","New Jersey","Riverton","riverton","borough","40.011135","-75.014128"
"NJ","New Jersey","Roadstown","roadstown","cdp","39.443184","-75.316784"
"NJ","New Jersey","Robbinsville Center","robbinsville center","cdp","40.219971","-74.630225"
"NJ","New Jersey","Robertsville","robertsville","cdp","40.339513","-74.294374"
"NJ","New Jersey","Rockaway","rockaway","borough","40.895853","-74.517323"
"NJ","New Jersey","Rockleigh","rockleigh","borough","41.000241","-73.934068"
"NJ","New Jersey","Rocky Hill","rocky hill","borough","40.400347","-74.638922"
"NJ","New Jersey","Roebling","roebling","cdp","40.117217","-74.777844"
"NJ","New Jersey","Roosevelt","roosevelt","borough","40.220742","-74.470155"
"NJ","New Jersey","Roseland","roseland","borough","40.821737","-74.310147"
"NJ","New Jersey","Roselle","roselle","borough","40.652211","-74.260158"
"NJ","New Jersey","Roselle Park","roselle park","borough","40.665309","-74.266558"
"NJ","New Jersey","Rosenhayn","rosenhayn","cdp","39.478674","-75.137962"
"NJ","New Jersey","Ross Corner","ross corner","cdp","41.128083","-74.713604"
"NJ","New Jersey","Rossmoor","rossmoor","cdp","40.33475","-74.470092"
"NJ","New Jersey","Rumson","rumson","borough","40.362067","-74.00451"
"NJ","New Jersey","Runnemede","runnemede","borough","39.853411","-75.075502"
"NJ","New Jersey","Rutgers University-Busch Campus","rutgers university busch campus","cdp","40.519602","-74.467483"
"NJ","New Jersey","Rutgers University-Livingston Campus","rutgers university livingston campus","cdp","40.517715","-74.444769"
"NJ","New Jersey","Rutherford","rutherford","borough","40.820314","-74.106041"
"NJ","New Jersey","Saddle River","saddle river","borough","41.023696","-74.092553"
"NJ","New Jersey","Salem","salem","city","39.568236","-75.472553"
"NJ","New Jersey","Sayreville","sayreville","borough","40.466945","-74.320192"
"NJ","New Jersey","Sea Bright","sea bright","borough","40.359432","-73.974892"
"NJ","New Jersey","Sea Girt","sea girt","borough","40.130499","-74.033843"
"NJ","New Jersey","Sea Isle City","sea isle city","city","39.150781","-74.702732"
"NJ","New Jersey","Seabrook Farms","seabrook farms","cdp","39.501155","-75.220355"
"NJ","New Jersey","Seaside Heights","seaside heights","borough","39.944912","-74.07829"
"NJ","New Jersey","Seaside Park","seaside park","borough","39.926369","-74.078711"
"NJ","New Jersey","Seaville","seaville","cdp","39.207204","-74.715993"
"NJ","New Jersey","Secaucus","secaucus","town","40.781958","-74.067649"
"NJ","New Jersey","Seeley","seeley","cdp","39.483349","-75.241159"
"NJ","New Jersey","Sewaren","sewaren","cdp","40.548849","-74.255175"
"NJ","New Jersey","Sewell","sewell","cdp","39.769203","-75.144697"
"NJ","New Jersey","Shark River Hills","shark river hills","cdp","40.192293","-74.047409"
"NJ","New Jersey","Sheppards Mill","sheppards mill","cdp","39.412445","-75.313673"
"NJ","New Jersey","Shiloh","shiloh","borough","39.462418","-75.29244"
"NJ","New Jersey","Ship Bottom","ship bottom","borough","39.645354","-74.183003"
"NJ","New Jersey","Short Hills","short hills","cdp","40.739157","-74.327442"
"NJ","New Jersey","Shrewsbury","shrewsbury","borough","40.32645","-74.057373"
"NJ","New Jersey","Sicklerville","sicklerville","cdp","39.742512","-74.990234"
"NJ","New Jersey","Silver Lake","silver lake","cdp","40.932116","-74.950432"
"NJ","New Jersey","Silver Lake","silver lake","cdp","40.780435","-74.182815"
"NJ","New Jersey","Silver Lake","silver lake","cdp","39.468475","-75.239822"
"NJ","New Jersey","Silver Ridge","silver ridge","cdp","39.961716","-74.235938"
"NJ","New Jersey","Singac","singac","cdp","40.884938","-74.242912"
"NJ","New Jersey","Six Mile Run","six mile run","cdp","40.470151","-74.534049"
"NJ","New Jersey","Skillman","skillman","cdp","40.428191","-74.712293"
"NJ","New Jersey","Smithville","smithville","cdp","39.494939","-74.478633"
"NJ","New Jersey","Somerdale","somerdale","borough","39.845416","-75.021701"
"NJ","New Jersey","Somers Point","somers point","city","39.317237","-74.606383"
"NJ","New Jersey","Somerset","somerset","cdp","40.508507","-74.500207"
"NJ","New Jersey","Somerville","somerville","borough","40.569749","-74.607682"
"NJ","New Jersey","South Amboy","south amboy","city","40.486391","-74.278762"
"NJ","New Jersey","South Bound Brook","south bound brook","borough","40.553947","-74.527455"
"NJ","New Jersey","South Dennis","south dennis","cdp","39.170241","-74.804356"
"NJ","New Jersey","South Plainfield","south plainfield","borough","40.574413","-74.4148"
"NJ","New Jersey","South River","south river","borough","40.445652","-74.378459"
"NJ","New Jersey","South Seaville","south seaville","cdp","39.186565","-74.753564"
"NJ","New Jersey","South Toms River","south toms river","borough","39.93905","-74.207013"
"NJ","New Jersey","Spotswood","spotswood","borough","40.393613","-74.392737"
"NJ","New Jersey","Spring Lake","spring lake","borough","40.153764","-74.026853"
"NJ","New Jersey","Spring Lake Heights","spring lake heights","borough","40.149483","-74.046169"
"NJ","New Jersey","Springdale","springdale","cdp","39.876188","-74.972145"
"NJ","New Jersey","Springfield","springfield","cdp","40.706073","-74.312988"
"NJ","New Jersey","Stanhope","stanhope","borough","40.913366","-74.70363"
"NJ","New Jersey","Stewartsville","stewartsville","cdp","40.688919","-75.102241"
"NJ","New Jersey","Stirling","stirling","cdp","40.680423","-74.488915"
"NJ","New Jersey","Stockton","stockton","borough","40.405851","-74.970627"
"NJ","New Jersey","Stockton University","stockton university","cdp","39.484737","-74.549"
"NJ","New Jersey","Stone Harbor","stone harbor","borough","39.041691","-74.768837"
"NJ","New Jersey","Stonebridge","stonebridge","cdp","40.295465","-74.46862"
"NJ","New Jersey","Stratford","stratford","borough","39.82899","-75.015536"
"NJ","New Jersey","Strathmere","strathmere","cdp","39.194835","-74.660373"
"NJ","New Jersey","Strathmore","strathmore","cdp","40.402018","-74.221545"
"NJ","New Jersey","Succasunna","succasunna","cdp","40.85447","-74.657357"
"NJ","New Jersey","Summit","summit","city","40.715622","-74.364684"
"NJ","New Jersey","Sunset Lake","sunset lake","cdp","39.45248","-75.235024"
"NJ","New Jersey","Surf City","surf city","borough","39.664316","-74.17162"
"NJ","New Jersey","Sussex","sussex","borough","41.208771","-74.608241"
"NJ","New Jersey","Swedesboro","swedesboro","borough","39.745884","-75.310947"
"NJ","New Jersey","Sweetwater","sweetwater","cdp","39.613418","-74.650768"
"NJ","New Jersey","Tavistock","tavistock","borough","39.876265","-75.029807"
"NJ","New Jersey","Ten Mile Run","ten mile run","cdp","40.422923","-74.587101"
"NJ","New Jersey","Tenafly","tenafly","borough","40.918309","-73.950523"
"NJ","New Jersey","Teterboro","teterboro","borough","40.854573","-74.059619"
"NJ","New Jersey","The College of New Jersey","the college of new jersey","cdp","40.268378","-74.777899"
"NJ","New Jersey","The Hills","the hills","cdp","40.65379","-74.620979"
"NJ","New Jersey","The Ponds","the ponds","cdp","40.306826","-74.453212"
"NJ","New Jersey","Thorofare","thorofare","cdp","39.854728","-75.198685"
"NJ","New Jersey","Three Bridges","three bridges","cdp","40.520594","-74.80017"
"NJ","New Jersey","Tinton Falls","tinton falls","borough","40.266265","-74.09613"
"NJ","New Jersey","Titusville","titusville","cdp","40.308917","-74.874934"
"NJ","New Jersey","Toms River","toms river","cdp","39.994856","-74.187754"
"NJ","New Jersey","Totowa","totowa","borough","40.903415","-74.219779"
"NJ","New Jersey","Towaco","towaco","cdp","40.926918","-74.342445"
"NJ","New Jersey","Trenton","trenton","city","40.223841","-74.763624"
"NJ","New Jersey","Troy Hills","troy hills","cdp","40.850586","-74.396631"
"NJ","New Jersey","Tuckahoe","tuckahoe","cdp","39.289182","-74.749684"
"NJ","New Jersey","Tuckerton","tuckerton","borough","39.592197","-74.333079"
"NJ","New Jersey","Turnersville","turnersville","cdp","39.766445","-75.062003"
"NJ","New Jersey","Twin Rivers","twin rivers","cdp","40.263538","-74.491923"
"NJ","New Jersey","Union","union","cdp","40.696539","-74.269291"
"NJ","New Jersey","Union Beach","union beach","borough","40.44749","-74.170046"
"NJ","New Jersey","Union City","union city","city","40.767425","-74.032279"
"NJ","New Jersey","Upper Greenwood Lake","upper greenwood lake","cdp","41.18585","-74.37815"
"NJ","New Jersey","Upper Montclair","upper montclair","cdp","40.842576","-74.201302"
"NJ","New Jersey","Upper Pohatcong","upper pohatcong","cdp","40.677394","-75.155708"
"NJ","New Jersey","Upper Saddle River","upper saddle river","borough","41.063162","-74.099973"
"NJ","New Jersey","Upper Stewartsville","upper stewartsville","cdp","40.704794","-75.120558"
"NJ","New Jersey","Vauxhall","vauxhall","cdp","40.717383","-74.283782"
"NJ","New Jersey","Ventnor City","ventnor city","city","39.342046","-74.482626"
"NJ","New Jersey","Vernon Center","vernon center","cdp","41.188789","-74.504046"
"NJ","New Jersey","Vernon Valley","vernon valley","cdp","41.242216","-74.486108"
"NJ","New Jersey","Victory Gardens","victory gardens","borough","40.87613","-74.54353"
"NJ","New Jersey","Victory Lakes","victory lakes","cdp","39.630558","-74.969218"
"NJ","New Jersey","Vienna","vienna","cdp","40.872247","-74.872519"
"NJ","New Jersey","Villas","villas","cdp","39.016268","-74.935972"
"NJ","New Jersey","Vincentown","vincentown","cdp","39.936298","-74.751191"
"NJ","New Jersey","Vineland","vineland","city","39.465007","-74.997115"
"NJ","New Jersey","Vista Center","vista center","cdp","40.159049","-74.322325"
"NJ","New Jersey","Voorhees","voorhees","cdp","40.482176","-74.492506"
"NJ","New Jersey","Waldwick","waldwick","borough","41.013367","-74.125217"
"NJ","New Jersey","Wallington","wallington","borough","40.853084","-74.106323"
"NJ","New Jersey","Wanamassa","wanamassa","cdp","40.236816","-74.028865"
"NJ","New Jersey","Wanaque","wanaque","borough","41.042424","-74.288643"
"NJ","New Jersey","Waretown","waretown","cdp","39.789813","-74.19328"
"NJ","New Jersey","Washington","washington","borough","40.758525","-74.98319"
"NJ","New Jersey","Washington Crossing","washington crossing","cdp","40.296239","-74.860283"
"NJ","New Jersey","Watchung","watchung","borough","40.642845","-74.436233"
"NJ","New Jersey","Watsessing","watsessing","cdp","40.786567","-74.201159"
"NJ","New Jersey","Wenonah","wenonah","borough","39.792001","-75.148216"
"NJ","New Jersey","West Belmar","west belmar","cdp","40.170666","-74.037582"
"NJ","New Jersey","West Berlin","west berlin","cdp","39.809682","-74.941304"
"NJ","New Jersey","West Cape May","west cape may","borough","38.942226","-74.939033"
"NJ","New Jersey","West Freehold","west freehold","cdp","40.230905","-74.294073"
"NJ","New Jersey","West Long Branch","west long branch","borough","40.287904","-74.020019"
"NJ","New Jersey","West New York","west new york","town","40.786032","-74.009507"
"NJ","New Jersey","West Park","west park","cdp","39.440277","-75.263676"
"NJ","New Jersey","West Wildwood","west wildwood","borough","39.000598","-74.823573"
"NJ","New Jersey","Westfield","westfield","town","40.651644","-74.343447"
"NJ","New Jersey","Westmont","westmont","cdp","39.907832","-75.054093"
"NJ","New Jersey","Weston","weston","cdp","40.522409","-74.574121"
"NJ","New Jersey","Westville","westville","borough","39.86923","-75.131335"
"NJ","New Jersey","Westwood","westwood","borough","40.989032","-74.031872"
"NJ","New Jersey","Wharton","wharton","borough","40.897055","-74.574512"
"NJ","New Jersey","Whippany","whippany","cdp","40.823281","-74.418686"
"NJ","New Jersey","White Horse","white horse","cdp","40.191823","-74.701372"
"NJ","New Jersey","White House Station","white house station","cdp","40.620691","-74.773473"
"NJ","New Jersey","White Meadow Lake","white meadow lake","cdp","40.923773","-74.510481"
"NJ","New Jersey","Whitesboro","whitesboro","cdp","39.049013","-74.871845"
"NJ","New Jersey","Whittingham","whittingham","cdp","40.326654","-74.445474"
"NJ","New Jersey","Wildwood","wildwood","city","38.98755","-74.818188"
"NJ","New Jersey","Wildwood Crest","wildwood crest","borough","38.971526","-74.83733"
"NJ","New Jersey","William Paterson University of New Jersey","william paterson university of new jersey","cdp","40.945824","-74.198218"
"NJ","New Jersey","Williamstown","williamstown","cdp","39.684201","-74.968674"
"NJ","New Jersey","Windsor","windsor","cdp","40.247399","-74.581329"
"NJ","New Jersey","Wood-Ridge","wood ridge","borough","40.850183","-74.087068"
"NJ","New Jersey","Woodbine","woodbine","borough","39.22835","-74.809621"
"NJ","New Jersey","Woodbridge","woodbridge","cdp","40.552857","-74.286939"
"NJ","New Jersey","Woodbury","woodbury","city","39.837906","-75.15153"
"NJ","New Jersey","Woodbury Heights","woodbury heights","borough","39.81329","-75.15065"
"NJ","New Jersey","Woodcliff Lake","woodcliff lake","borough","41.025977","-74.061061"
"NJ","New Jersey","Woodland Park","woodland park","borough","40.889855","-74.194356"
"NJ","New Jersey","Woodlynne","woodlynne","borough","39.916478","-75.095549"
"NJ","New Jersey","Woodstown","woodstown","borough","39.650178","-75.326232"
"NJ","New Jersey","Wrightstown","wrightstown","borough","40.025589","-74.631908"
"NJ","New Jersey","Yardville","yardville","cdp","40.186607","-74.663143"
"NJ","New Jersey","Yorketown","yorketown","cdp","40.305905","-74.3389"
"NJ","New Jersey","Zarephath","zarephath","cdp","40.534569","-74.572371"
"NY","New York","Accord","accord","cdp","41.801491","-74.230258"
"NY","New York","Adams","adams","village","43.810218","-76.022978"
"NY","New York","Adams Center","adams center","cdp","43.869989","-75.988663"
"NY","New York","Addison","addison","village","42.106321","-77.23199"
"NY","New York","Afton","afton","village","42.229199","-75.52475"
"NY","New York","Airmont","airmont","village","41.099156","-74.097916"
"NY","New York","Akron","akron","village","43.017986","-78.497824"
"NY","New York","Akwesasne","akwesasne","cdp","44.968597","-74.665983"
"NY","New York","Albany","albany","city","42.665745","-73.798353"
"NY","New York","Albertson","albertson","cdp","40.771589","-73.648155"
"NY","New York","Albion","albion","village","43.246024","-78.1902"
"NY","New York","Alden","alden","village","42.898879","-78.494607"
"NY","New York","Alexander","alexander","village","42.902021","-78.259113"
"NY","New York","Alexandria Bay","alexandria bay","village","44.337221","-75.922707"
"NY","New York","Alfred","alfred","village","42.254333","-77.789646"
"NY","New York","Allegany","allegany","village","42.090649","-78.489633"
"NY","New York","Almond","almond","village","42.319325","-77.738608"
"NY","New York","Altamont","altamont","village","42.705345","-74.033633"
"NY","New York","Altmar","altmar","cdp","43.512425","-76.005578"
"NY","New York","Altona","altona","cdp","44.890097","-73.659565"
"NY","New York","Amagansett","amagansett","cdp","40.983382","-72.130131"
"NY","New York","Amenia","amenia","cdp","41.848203","-73.555575"
"NY","New York","Ames","ames","village","42.837469","-74.601681"
"NY","New York","Amityville","amityville","village","40.669844","-73.415787"
"NY","New York","Amsterdam","amsterdam","city","42.941628","-74.190566"
"NY","New York","Andes","andes","cdp","42.187624","-74.780349"
"NY","New York","Andover","andover","village","42.156996","-77.796098"
"NY","New York","Angelica","angelica","village","42.305506","-78.020645"
"NY","New York","Angola","angola","village","42.637885","-79.029516"
"NY","New York","Angola on the Lake","angola on the lake","cdp","42.654966","-79.052241"
"NY","New York","Antwerp","antwerp","village","44.199538","-75.608971"
"NY","New York","Apalachin","apalachin","cdp","42.063844","-76.156757"
"NY","New York","Aquebogue","aquebogue","cdp","40.944013","-72.615397"
"NY","New York","Arcade","arcade","village","42.531726","-78.439916"
"NY","New York","Ardsley","ardsley","village","41.013479","-73.839289"
"NY","New York","Argyle","argyle","village","43.236345","-73.490739"
"NY","New York","Arkport","arkport","village","42.392596","-77.695482"
"NY","New York","Arlington","arlington","cdp","41.696478","-73.898949"
"NY","New York","Armonk","armonk","cdp","41.133462","-73.719279"
"NY","New York","Asharoken","asharoken","village","40.93927","-73.38506"
"NY","New York","Athens","athens","village","42.27103","-73.815933"
"NY","New York","Atlantic Beach","atlantic beach","village","40.586057","-73.725097"
"NY","New York","Attica","attica","village","42.863897","-78.27968"
"NY","New York","Au Sable Forks","au sable forks","cdp","44.454699","-73.670888"
"NY","New York","Auburn","auburn","city","42.9338","-76.567181"
"NY","New York","Aurora","aurora","village","42.752192","-76.698439"
"NY","New York","Averill Park","averill park","cdp","42.644407","-73.553822"
"NY","New York","Avoca","avoca","village","42.414883","-77.424835"
"NY","New York","Avon","avon","village","42.912842","-77.74649"
"NY","New York","Babylon","babylon","village","40.693679","-73.326"
"NY","New York","Bainbridge","bainbridge","village","42.301807","-75.479756"
"NY","New York","Baiting Hollow","baiting hollow","cdp","40.962793","-72.744252"
"NY","New York","Baldwin","baldwin","cdp","40.650127","-73.607709"
"NY","New York","Baldwinsville","baldwinsville","village","43.159706","-76.338464"
"NY","New York","Ballston Spa","ballston spa","village","43.00564","-73.854458"
"NY","New York","Balmville","balmville","cdp","41.527905","-74.024627"
"NY","New York","Bard College","bard college","cdp","42.022816","-73.909367"
"NY","New York","Bardonia","bardonia","cdp","41.113952","-73.979297"
"NY","New York","Barker","barker","village","43.328328","-78.553535"
"NY","New York","Barneveld","barneveld","cdp","43.274497","-75.187686"
"NY","New York","Barnum Island","barnum island","cdp","40.604916","-73.643134"
"NY","New York","Barrytown","barrytown","cdp","42.000126","-73.925973"
"NY","New York","Barryville","barryville","cdp","41.481262","-74.916801"
"NY","New York","Batavia","batavia","city","42.998558","-78.180806"
"NY","New York","Bath","bath","village","42.336093","-77.31686"
"NY","New York","Baxter Estates","baxter estates","village","40.833771","-73.694759"
"NY","New York","Bay Park","bay park","cdp","40.631817","-73.668521"
"NY","New York","Bay Shore","bay shore","cdp","40.729377","-73.250141"
"NY","New York","Bayport","bayport","cdp","40.745984","-73.056388"
"NY","New York","Bayville","bayville","village","40.907257","-73.561166"
"NY","New York","Baywood","baywood","cdp","40.753354","-73.289926"
"NY","New York","Beacon","beacon","city","41.50324","-73.964735"
"NY","New York","Beaver Dam Lake","beaver dam lake","cdp","41.43896","-74.125929"
"NY","New York","Bedford","bedford","cdp","41.186863","-73.657377"
"NY","New York","Bedford Hills","bedford hills","cdp","41.240568","-73.688149"
"NY","New York","Belfast","belfast","cdp","42.341322","-78.118465"
"NY","New York","Belle Terre","belle terre","village","40.960698","-73.067274"
"NY","New York","Bellerose","bellerose","village","40.724275","-73.716674"
"NY","New York","Bellerose Terrace","bellerose terrace","cdp","40.722147","-73.725159"
"NY","New York","Belleville","belleville","cdp","43.792954","-76.115161"
"NY","New York","Bellmore","bellmore","cdp","40.660239","-73.526597"
"NY","New York","Bellport","bellport","village","40.75095","-72.941325"
"NY","New York","Belmont","belmont","village","42.220105","-78.030794"
"NY","New York","Bemus Point","bemus point","village","42.163249","-79.389476"
"NY","New York","Bergen","bergen","village","43.082601","-77.942458"
"NY","New York","Bethpage","bethpage","cdp","40.749517","-73.485536"
"NY","New York","Big Flats","big flats","cdp","42.163617","-76.908739"
"NY","New York","Billington Heights","billington heights","cdp","42.785031","-78.626552"
"NY","New York","Binghamton","binghamton","city","42.101331","-75.909369"
"NY","New York","Binghamton University","binghamton university","cdp","42.089141","-75.968456"
"NY","New York","Black River","black river","village","44.009525","-75.796463"
"NY","New York","Blasdell","blasdell","village","42.796519","-78.8324"
"NY","New York","Blauvelt","blauvelt","cdp","41.068236","-73.954937"
"NY","New York","Bliss","bliss","cdp","42.580109","-78.253762"
"NY","New York","Blodgett Mills","blodgett mills","cdp","42.566516","-76.132873"
"NY","New York","Bloomfield","bloomfield","village","42.8991","-77.424156"
"NY","New York","Bloomingburg","bloomingburg","village","41.551947","-74.443758"
"NY","New York","Bloomville","bloomville","cdp","42.334396","-74.822777"
"NY","New York","Blue Point","blue point","cdp","40.751642","-73.035015"
"NY","New York","Bohemia","bohemia","cdp","40.777011","-73.13509"
"NY","New York","Bolivar","bolivar","village","42.068421","-78.166212"
"NY","New York","Bolton Landing","bolton landing","cdp","43.563992","-73.652523"
"NY","New York","Boonville","boonville","village","43.480862","-75.329636"
"NY","New York","Brasher Falls","brasher falls","cdp","44.813979","-74.788948"
"NY","New York","Breesport","breesport","cdp","42.184035","-76.735908"
"NY","New York","Brentwood","brentwood","cdp","40.783918","-73.252235"
"NY","New York","Brewerton","brewerton","cdp","43.232432","-76.14482"
"NY","New York","Brewster","brewster","village","41.396162","-73.616269"
"NY","New York","Brewster Heights","brewster heights","cdp","41.407277","-73.628568"
"NY","New York","Brewster Hill","brewster hill","cdp","41.421304","-73.606864"
"NY","New York","Briarcliff Manor","briarcliff manor","village","41.140333","-73.847504"
"NY","New York","Bridgehampton","bridgehampton","cdp","40.941131","-72.305709"
"NY","New York","Bridgeport","bridgeport","cdp","43.159236","-75.963913"
"NY","New York","Bridgeville","bridgeville","cdp","41.631016","-74.627608"
"NY","New York","Bridgewater","bridgewater","cdp","42.878732","-75.251993"
"NY","New York","Brighton","brighton","cdp","43.118498","-77.580976"
"NY","New York","Brightwaters","brightwaters","village","40.716435","-73.261514"
"NY","New York","Brinckerhoff","brinckerhoff","cdp","41.553472","-73.86288"
"NY","New York","Broadalbin","broadalbin","village","43.055533","-74.195421"
"NY","New York","Brockport","brockport","village","43.213297","-77.940824"
"NY","New York","Brocton","brocton","village","42.389719","-79.442815"
"NY","New York","Bronxville","bronxville","village","40.939493","-73.82644"
"NY","New York","Brookhaven","brookhaven","cdp","40.776671","-72.907833"
"NY","New York","Brooktondale","brooktondale","cdp","42.381966","-76.396957"
"NY","New York","Brookville","brookville","village","40.807912","-73.570122"
"NY","New York","Brownville","brownville","village","44.005307","-75.98307"
"NY","New York","Brushton","brushton","village","44.830681","-74.511908"
"NY","New York","Buchanan","buchanan","village","41.263168","-73.944966"
"NY","New York","Buffalo","buffalo","city","42.892492","-78.859686"
"NY","New York","Burdett","burdett","village","42.416873","-76.843963"
"NY","New York","Burke","burke","village","44.903146","-74.169979"
"NY","New York","Burlington Flats","burlington flats","cdp","42.740306","-75.184322"
"NY","New York","Busti","busti","cdp","42.042324","-79.278902"
"NY","New York","Byersville","byersville","cdp","42.583882","-77.791523"
"NY","New York","Cadyville","cadyville","cdp","44.698495","-73.65344"
"NY","New York","Cairo","cairo","cdp","42.305175","-74.01183"
"NY","New York","Calcium","calcium","cdp","44.040933","-75.849388"
"NY","New York","Caledonia","caledonia","village","42.975467","-77.857079"
"NY","New York","Callicoon","callicoon","cdp","41.765927","-75.057949"
"NY","New York","Calverton","calverton","cdp","40.91994","-72.77337"
"NY","New York","Cambridge","cambridge","village","43.027975","-73.381296"
"NY","New York","Camden","camden","village","43.336477","-75.74773"
"NY","New York","Camillus","camillus","village","43.038663","-76.309928"
"NY","New York","Campbell","campbell","cdp","42.235043","-77.193694"
"NY","New York","Canajoharie","canajoharie","village","42.89908","-74.567869"
"NY","New York","Canandaigua","canandaigua","city","42.888999","-77.280321"
"NY","New York","Canaseraga","canaseraga","village","42.461762","-77.77727"
"NY","New York","Canastota","canastota","village","43.084149","-75.755495"
"NY","New York","Candor","candor","village","42.228395","-76.336672"
"NY","New York","Canisteo","canisteo","village","42.270354","-77.605658"
"NY","New York","Canton","canton","village","44.599995","-75.166584"
"NY","New York","Cape Vincent","cape vincent","village","44.123197","-76.330734"
"NY","New York","Captree","captree","cdp","40.646074","-73.257051"
"NY","New York","Carle Place","carle place","cdp","40.749895","-73.612367"
"NY","New York","Carmel","carmel","cdp","41.402995","-73.684986"
"NY","New York","Caroga Lake","caroga lake","cdp","43.134003","-74.481423"
"NY","New York","Carthage","carthage","village","43.982876","-75.603012"
"NY","New York","Cassadaga","cassadaga","village","42.341564","-79.317023"
"NY","New York","Castile","castile","village","42.631147","-78.052599"
"NY","New York","Castleton-on-Hudson","castleton on hudson","village","42.536568","-73.747924"
"NY","New York","Castorland","castorland","village","43.886156","-75.516522"
"NY","New York","Cato","cato","village","43.165568","-76.567506"
"NY","New York","Catskill","catskill","village","42.214901","-73.858674"
"NY","New York","Cattaraugus","cattaraugus","village","42.329763","-78.867519"
"NY","New York","Cayuga","cayuga","village","42.919548","-76.727987"
"NY","New York","Cayuga Heights","cayuga heights","village","42.467675","-76.488417"
"NY","New York","Cazenovia","cazenovia","village","42.927916","-75.85132"
"NY","New York","Cedarhurst","cedarhurst","village","40.625202","-73.727831"
"NY","New York","Celoron","celoron","village","42.105211","-79.277691"
"NY","New York","Cementon","cementon","cdp","42.135666","-73.919324"
"NY","New York","Center Moriches","center moriches","cdp","40.799313","-72.796524"
"NY","New York","Centereach","centereach","cdp","40.868067","-73.082104"
"NY","New York","Centerport","centerport","cdp","40.902425","-73.371427"
"NY","New York","Central Bridge","central bridge","cdp","42.712691","-74.349531"
"NY","New York","Central Islip","central islip","cdp","40.783589","-73.194475"
"NY","New York","Central Square","central square","village","43.285986","-76.141879"
"NY","New York","Centre Island","centre island","village","40.898546","-73.521919"
"NY","New York","Chadwicks","chadwicks","cdp","43.029139","-75.270976"
"NY","New York","Champlain","champlain","village","44.988281","-73.432429"
"NY","New York","Chappaqua","chappaqua","cdp","41.155922","-73.768268"
"NY","New York","Chateaugay","chateaugay","village","44.926589","-74.080398"
"NY","New York","Chatham","chatham","village","42.36183","-73.597942"
"NY","New York","Chaumont","chaumont","village","44.06835","-76.132748"
"NY","New York","Chautauqua","chautauqua","cdp","42.210077","-79.469015"
"NY","New York","Chazy","chazy","cdp","44.890851","-73.4292"
"NY","New York","Cheektowaga","cheektowaga","cdp","42.909004","-78.750763"
"NY","New York","Chelsea Cove","chelsea cove","cdp","41.613245","-73.747012"
"NY","New York","Chenango Bridge","chenango bridge","cdp","42.171427","-75.857719"
"NY","New York","Cherry Creek","cherry creek","cdp","42.295845","-79.100858"
"NY","New York","Cherry Valley","cherry valley","village","42.79818","-74.75217"
"NY","New York","Chester","chester","village","41.356942","-74.276921"
"NY","New York","Chestertown","chestertown","cdp","43.643112","-73.783522"
"NY","New York","Chestnut Ridge","chestnut ridge","village","41.084908","-74.048071"
"NY","New York","Chittenango","chittenango","village","43.046144","-75.874769"
"NY","New York","Churchville","churchville","village","43.102261","-77.881586"
"NY","New York","Clarence","clarence","cdp","42.97573","-78.595325"
"NY","New York","Clarence Center","clarence center","cdp","43.008425","-78.630815"
"NY","New York","Clark Mills","clark mills","cdp","43.084579","-75.376112"
"NY","New York","Clarkson","clarkson","cdp","43.239818","-77.916201"
"NY","New York","Claverack-Red Mills","claverack red mills","cdp","42.229481","-73.722275"
"NY","New York","Clayton","clayton","village","44.237487","-76.082734"
"NY","New York","Clayville","clayville","village","42.977963","-75.250681"
"NY","New York","Cleveland","cleveland","village","43.240002","-75.884202"
"NY","New York","Clifton Gardens","clifton gardens","cdp","42.847118","-73.782601"
"NY","New York","Clifton Knolls-Mill Creek","clifton knolls mill creek","cdp","42.850658","-73.806356"
"NY","New York","Clifton Springs","clifton springs","village","42.960832","-77.134788"
"NY","New York","Clinton","clinton","village","43.048866","-75.378462"
"NY","New York","Clintondale","clintondale","cdp","41.690269","-74.042654"
"NY","New York","Clyde","clyde","village","43.084162","-76.87043"
"NY","New York","Cobleskill","cobleskill","village","42.679002","-74.485234"
"NY","New York","Cohocton","cohocton","village","42.49993","-77.500006"
"NY","New York","Cohoes","cohoes","city","42.772867","-73.707759"
"NY","New York","Cold Brook","cold brook","village","43.239875","-75.038869"
"NY","New York","Cold Spring","cold spring","village","41.419238","-73.954745"
"NY","New York","Cold Spring Harbor","cold spring harbor","cdp","40.864322","-73.456406"
"NY","New York","Colonie","colonie","village","42.720873","-73.831736"
"NY","New York","Colton","colton","cdp","44.565056","-74.946662"
"NY","New York","Commack","commack","cdp","40.843449","-73.283336"
"NY","New York","Conesus","conesus","cdp","42.726333","-77.669676"
"NY","New York","Conesus Lake","conesus lake","cdp","42.802175","-77.70112"
"NY","New York","Congers","congers","cdp","41.149122","-73.946371"
"NY","New York","Constableville","constableville","village","43.564721","-75.427685"
"NY","New York","Constantia","constantia","cdp","43.25856","-76.009024"
"NY","New York","Coopers Plains","coopers plains","cdp","42.179345","-77.137523"
"NY","New York","Cooperstown","cooperstown","village","42.698875","-74.930659"
"NY","New York","Copake","copake","cdp","42.104842","-73.554715"
"NY","New York","Copake Falls","copake falls","cdp","42.120223","-73.524723"
"NY","New York","Copake Lake","copake lake","cdp","42.147242","-73.597579"
"NY","New York","Copenhagen","copenhagen","village","43.89329","-75.672629"
"NY","New York","Copiague","copiague","cdp","40.670358","-73.392761"
"NY","New York","Coram","coram","cdp","40.881236","-73.005882"
"NY","New York","Corfu","corfu","village","42.961163","-78.40261"
"NY","New York","Corinth","corinth","village","43.245662","-73.830348"
"NY","New York","Corning","corning","city","42.148195","-77.056401"
"NY","New York","Cornwall-on-Hudson","cornwall on hudson","village","41.433521","-74.015145"
"NY","New York","Cortland","cortland","city","42.600866","-76.179127"
"NY","New York","Cortland West","cortland west","cdp","42.594186","-76.225853"
"NY","New York","Country Knolls","country knolls","cdp","42.90875","-73.80732"
"NY","New York","Cove Neck","cove neck","village","40.885781","-73.497304"
"NY","New York","Coxsackie","coxsackie","village","42.357628","-73.807989"
"NY","New York","Cragsmoor","cragsmoor","cdp","41.665484","-74.391169"
"NY","New York","Cranberry Lake","cranberry lake","cdp","44.180885","-74.86828"
"NY","New York","Crest View Heights","crest view heights","cdp","42.075728","-76.123409"
"NY","New York","Croghan","croghan","village","43.89429","-75.391521"
"NY","New York","Crompond","crompond","cdp","41.295265","-73.839963"
"NY","New York","Croton-on-Hudson","croton on hudson","village","41.209652","-73.901152"
"NY","New York","Crown Heights","crown heights","cdp","41.641654","-73.928663"
"NY","New York","Crugers","crugers","cdp","41.231337","-73.92581"
"NY","New York","Crystal Beach","crystal beach","cdp","42.809769","-77.258293"
"NY","New York","Cuba","cuba","village","42.218292","-78.275211"
"NY","New York","Cumberland Head","cumberland head","cdp","44.717703","-73.398006"
"NY","New York","Cumminsville","cumminsville","cdp","42.570539","-77.718936"
"NY","New York","Cutchogue","cutchogue","cdp","41.021223","-72.486958"
"NY","New York","Cuylerville","cuylerville","cdp","42.777692","-77.873758"
"NY","New York","Dalton","dalton","cdp","42.542227","-77.951938"
"NY","New York","Danby","danby","cdp","42.356588","-76.466818"
"NY","New York","Dannemora","dannemora","village","44.719721","-73.718535"
"NY","New York","Dansville","dansville","village","42.562482","-77.696927"
"NY","New York","Davenport Center","davenport center","cdp","42.445085","-74.911217"
"NY","New York","De Witt","de witt","cdp","43.02809","-76.086426"
"NY","New York","Deer Park","deer park","cdp","40.761441","-73.321736"
"NY","New York","Deferiet","deferiet","village","44.036491","-75.682427"
"NY","New York","DeKalb Junction","dekalb junction","cdp","44.512052","-75.297688"
"NY","New York","Delanson","delanson","village","42.748099","-74.182443"
"NY","New York","Delevan","delevan","village","42.491288","-78.479603"
"NY","New York","Delhi","delhi","village","42.277417","-74.91548"
"NY","New York","Depauville","depauville","cdp","44.142448","-76.045152"
"NY","New York","Depew","depew","village","42.911764","-78.704363"
"NY","New York","Deposit","deposit","village","42.064176","-75.422919"
"NY","New York","Dering Harbor","dering harbor","village","41.092177","-72.341328"
"NY","New York","DeRuyter","deruyter","village","42.758669","-75.886689"
"NY","New York","Dexter","dexter","village","44.011179","-76.042982"
"NY","New York","Dix Hills","dix hills","cdp","40.803322","-73.337459"
"NY","New York","Dobbs Ferry","dobbs ferry","village","41.009994","-73.868636"
"NY","New York","Dolgeville","dolgeville","village","43.106696","-74.779978"
"NY","New York","Dover Plains","dover plains","cdp","41.739272","-73.573014"
"NY","New York","Downsville","downsville","cdp","42.084598","-74.997709"
"NY","New York","Dresden","dresden","village","42.683928","-76.957046"
"NY","New York","Dryden","dryden","village","42.49083","-76.301387"
"NY","New York","Duane Lake","duane lake","cdp","42.752239","-74.107327"
"NY","New York","Duanesburg","duanesburg","cdp","42.763423","-74.133129"
"NY","New York","Dundee","dundee","village","42.523613","-76.977422"
"NY","New York","Dunkirk","dunkirk","city","42.480551","-79.332898"
"NY","New York","Durhamville","durhamville","cdp","43.122562","-75.665"
"NY","New York","Eagle Bay","eagle bay","cdp","43.768644","-74.817367"
"NY","New York","Earlville","earlville","village","42.740085","-75.543595"
"NY","New York","East Atlantic Beach","east atlantic beach","cdp","40.585582","-73.712204"
"NY","New York","East Aurora","east aurora","village","42.766837","-78.617042"
"NY","New York","East Avon","east avon","cdp","42.912785","-77.707306"
"NY","New York","East Durham","east durham","cdp","42.36565","-74.092526"
"NY","New York","East Farmingdale","east farmingdale","cdp","40.736657","-73.411368"
"NY","New York","East Frankfort","east frankfort","cdp","43.016973","-75.064795"
"NY","New York","East Glenville","east glenville","cdp","42.864027","-73.928902"
"NY","New York","East Greenbush","east greenbush","cdp","42.595174","-73.704997"
"NY","New York","East Hampton","east hampton","village","40.951543","-72.196094"
"NY","New York","East Hampton North","east hampton north","cdp","40.972767","-72.189126"
"NY","New York","East Herkimer","east herkimer","cdp","43.031518","-74.964198"
"NY","New York","East Hills","east hills","village","40.795841","-73.629176"
"NY","New York","East Islip","east islip","cdp","40.726249","-73.187346"
"NY","New York","East Ithaca","east ithaca","cdp","42.424472","-76.458678"
"NY","New York","East Kingston","east kingston","cdp","41.950861","-73.974596"
"NY","New York","East Marion","east marion","cdp","41.135271","-72.33516"
"NY","New York","East Massapequa","east massapequa","cdp","40.676236","-73.437058"
"NY","New York","East Meadow","east meadow","cdp","40.720115","-73.558861"
"NY","New York","East Moriches","east moriches","cdp","40.808772","-72.756601"
"NY","New York","East Nassau","east nassau","village","42.538976","-73.504976"
"NY","New York","East Northport","east northport","cdp","40.879131","-73.323244"
"NY","New York","East Norwich","east norwich","cdp","40.849523","-73.528852"
"NY","New York","East Patchogue","east patchogue","cdp","40.770031","-72.981772"
"NY","New York","East Quogue","east quogue","cdp","40.845851","-72.575354"
"NY","New York","East Randolph","east randolph","cdp","42.168067","-78.957184"
"NY","New York","East Rochester","east rochester","village","43.11221","-77.487176"
"NY","New York","East Rockaway","east rockaway","village","40.643804","-73.66713"
"NY","New York","East Setauket","east setauket","cdp","40.920966","-73.093714"
"NY","New York","East Shoreham","east shoreham","cdp","40.950232","-72.875352"
"NY","New York","East Syracuse","east syracuse","village","43.063823","-76.069789"
"NY","New York","East Williston","east williston","village","40.76085","-73.633607"
"NY","New York","East Worcester","east worcester","cdp","42.628399","-74.674321"
"NY","New York","Eastchester","eastchester","cdp","40.958347","-73.807489"
"NY","New York","Eastport","eastport","cdp","40.83508","-72.735052"
"NY","New York","Eatons Neck","eatons neck","cdp","40.930969","-73.401771"
"NY","New York","Eden","eden","cdp","42.652344","-78.9013"
"NY","New York","Edmeston","edmeston","cdp","42.698855","-75.252297"
"NY","New York","Edwards","edwards","cdp","44.320264","-75.249374"
"NY","New York","Eggertsville","eggertsville","cdp","42.966475","-78.807187"
"NY","New York","Elba","elba","village","43.076804","-78.188908"
"NY","New York","Elbridge","elbridge","village","43.037936","-76.442352"
"NY","New York","Eldred","eldred","cdp","41.526802","-74.878829"
"NY","New York","Elizabethtown","elizabethtown","cdp","44.226132","-73.588933"
"NY","New York","Ellenville","ellenville","village","41.704744","-74.36219"
"NY","New York","Ellicottville","ellicottville","village","42.274852","-78.672283"
"NY","New York","Ellisburg","ellisburg","village","43.735102","-76.134388"
"NY","New York","Elma Center","elma center","cdp","42.828198","-78.634291"
"NY","New York","Elmira","elmira","city","42.093388","-76.80961"
"NY","New York","Elmira Heights","elmira heights","village","42.12669","-76.825566"
"NY","New York","Elmont","elmont","cdp","40.699176","-73.706166"
"NY","New York","Elmsford","elmsford","village","41.054114","-73.814325"
"NY","New York","Elwood","elwood","cdp","40.846198","-73.338874"
"NY","New York","Endicott","endicott","village","42.097489","-76.063376"
"NY","New York","Endwell","endwell","cdp","42.122864","-76.023572"
"NY","New York","Erin","erin","cdp","42.184079","-76.671703"
"NY","New York","Esperance","esperance","village","42.764633","-74.257392"
"NY","New York","Evans Mills","evans mills","village","44.086978","-75.807761"
"NY","New York","Fabius","fabius","village","42.834666","-75.984786"
"NY","New York","Fair Haven","fair haven","village","43.323175","-76.704678"
"NY","New York","Fairmount","fairmount","cdp","43.041383","-76.248505"
"NY","New York","Fairport","fairport","village","43.099465","-77.443069"
"NY","New York","Fairview","fairview","cdp","41.04419","-73.795952"
"NY","New York","Fairview","fairview","cdp","41.732112","-73.912395"
"NY","New York","Falconer","falconer","village","42.119069","-79.196932"
"NY","New York","Fallsburg","fallsburg","cdp","41.738991","-74.613862"
"NY","New York","Farmingdale","farmingdale","village","40.732808","-73.446759"
"NY","New York","Farmingville","farmingville","cdp","40.838978","-73.040463"
"NY","New York","Farnham","farnham","village","42.595064","-79.080859"
"NY","New York","Fayetteville","fayetteville","village","43.030794","-75.998361"
"NY","New York","Felts Mills","felts mills","cdp","44.012403","-75.770123"
"NY","New York","Fillmore","fillmore","cdp","42.465898","-78.110503"
"NY","New York","Fire Island","fire island","cdp","40.637097","-73.203314"
"NY","New York","Firthcliffe","firthcliffe","cdp","41.442048","-74.033072"
"NY","New York","Fishers Island","fishers island","cdp","41.267681","-71.992796"
"NY","New York","Fishers Landing","fishers landing","cdp","44.281138","-76.008229"
"NY","New York","Fishkill","fishkill","village","41.533908","-73.893131"
"NY","New York","Flanders","flanders","cdp","40.888755","-72.604235"
"NY","New York","Fleischmanns","fleischmanns","village","42.154925","-74.534827"
"NY","New York","Floral Park","floral park","village","40.721952","-73.702824"
"NY","New York","Florida","florida","village","41.330641","-74.354202"
"NY","New York","Flower Hill","flower hill","village","40.807495","-73.675568"
"NY","New York","Fly Creek","fly creek","cdp","42.719404","-74.98421"
"NY","New York","Fonda","fonda","village","42.953384","-74.372869"
"NY","New York","Forest Home","forest home","cdp","42.451895","-76.468517"
"NY","New York","Forestville","forestville","cdp","42.469103","-79.175491"
"NY","New York","Fort Ann","fort ann","village","43.415731","-73.490513"
"NY","New York","Fort Covington","fort covington","cdp","44.975802","-74.499885"
"NY","New York","Fort Drum","fort drum","cdp","44.044709","-75.787763"
"NY","New York","Fort Edward","fort edward","village","43.268618","-73.582617"
"NY","New York","Fort Johnson","fort johnson","village","42.958023","-74.236342"
"NY","New York","Fort Montgomery","fort montgomery","cdp","41.342865","-73.98718"
"NY","New York","Fort Plain","fort plain","village","42.932658","-74.626804"
"NY","New York","Fort Salonga","fort salonga","cdp","40.911413","-73.295587"
"NY","New York","Fowlerville","fowlerville","cdp","42.893958","-77.848057"
"NY","New York","Frankfort","frankfort","village","43.037753","-75.071582"
"NY","New York","Franklin","franklin","village","42.340783","-75.168021"
"NY","New York","Franklin Square","franklin square","cdp","40.700193","-73.677478"
"NY","New York","Franklinville","franklinville","village","42.334746","-78.454766"
"NY","New York","Fredonia","fredonia","village","42.440658","-79.3319"
"NY","New York","Freedom Plains","freedom plains","cdp","41.665366","-73.79862"
"NY","New York","Freeport","freeport","village","40.650851","-73.584575"
"NY","New York","Freeville","freeville","village","42.50841","-76.347162"
"NY","New York","Frewsburg","frewsburg","cdp","42.056055","-79.133687"
"NY","New York","Friendship","friendship","cdp","42.205552","-78.141811"
"NY","New York","Fulton","fulton","city","43.319164","-76.419739"
"NY","New York","Fultonville","fultonville","village","42.946229","-74.369778"
"NY","New York","Gainesville","gainesville","village","42.641649","-78.134612"
"NY","New York","Galeville","galeville","cdp","43.086665","-76.187788"
"NY","New York","Galway","galway","village","43.018516","-74.031838"
"NY","New York","Gananda","gananda","cdp","43.126168","-77.337485"
"NY","New York","Gang Mills","gang mills","cdp","42.160375","-77.127609"
"NY","New York","Garden City","garden city","village","40.725756","-73.645398"
"NY","New York","Garden City Park","garden city park","cdp","40.74293","-73.663307"
"NY","New York","Garden City South","garden city south","cdp","40.712153","-73.660475"
"NY","New York","Gardiner","gardiner","cdp","41.679517","-74.147896"
"NY","New York","Gardnertown","gardnertown","cdp","41.539574","-74.057223"
"NY","New York","Garrattsville","garrattsville","cdp","42.652429","-75.169089"
"NY","New York","Gasport","gasport","cdp","43.189331","-78.584656"
"NY","New York","Gates","gates","cdp","43.156379","-77.692359"
"NY","New York","Geneseo","geneseo","village","42.79902","-77.809548"
"NY","New York","Geneva","geneva","city","42.863488","-76.982722"
"NY","New York","Germantown","germantown","cdp","42.135945","-73.888021"
"NY","New York","Ghent","ghent","cdp","42.323521","-73.61936"
"NY","New York","Gilbertsville","gilbertsville","village","42.46933","-75.322609"
"NY","New York","Gilgo","gilgo","cdp","40.636151","-73.383775"
"NY","New York","Glasco","glasco","cdp","42.045959","-73.946672"
"NY","New York","Glen Aubrey","glen aubrey","cdp","42.262284","-76.000292"
"NY","New York","Glen Cove","glen cove","city","40.884756","-73.644781"
"NY","New York","Glen Head","glen head","cdp","40.844918","-73.618018"
"NY","New York","Glen Park","glen park","village","44.00307","-75.958398"
"NY","New York","Glens Falls","glens falls","city","43.31116","-73.645286"
"NY","New York","Glens Falls North","glens falls north","cdp","43.334807","-73.683801"
"NY","New York","Glenwood Landing","glenwood landing","cdp","40.829451","-73.637736"
"NY","New York","Gloversville","gloversville","city","43.049244","-74.345815"
"NY","New York","Golden's Bridge","golden s bridge","cdp","41.290172","-73.670416"
"NY","New York","Gordon Heights","gordon heights","cdp","40.863647","-72.962088"
"NY","New York","Gorham","gorham","cdp","42.800259","-77.135777"
"NY","New York","Goshen","goshen","village","41.401647","-74.326855"
"NY","New York","Gouverneur","gouverneur","village","44.336573","-75.466035"
"NY","New York","Gowanda","gowanda","village","42.460428","-78.934518"
"NY","New York","Grahamsville","grahamsville","cdp","41.852751","-74.552252"
"NY","New York","Grand View-on-Hudson","grand view on hudson","village","41.062889","-73.9209"
"NY","New York","Grandyle Village","grandyle village","cdp","42.988488","-78.954566"
"NY","New York","Granville","granville","village","43.413407","-73.264459"
"NY","New York","Great Bend","great bend","cdp","44.016829","-75.700166"
"NY","New York","Great Neck","great neck","village","40.802368","-73.733099"
"NY","New York","Great Neck Estates","great neck estates","village","40.786476","-73.740167"
"NY","New York","Great Neck Gardens","great neck gardens","cdp","40.796953","-73.722465"
"NY","New York","Great Neck Plaza","great neck plaza","village","40.786913","-73.726155"
"NY","New York","Great River","great river","cdp","40.713454","-73.176039"
"NY","New York","Greece","greece","cdp","43.209517","-77.702642"
"NY","New York","Green Island","green island","village","42.747904","-73.692466"
"NY","New York","Greene","greene","village","42.330068","-75.767686"
"NY","New York","Greenlawn","greenlawn","cdp","40.863515","-73.365754"
"NY","New York","Greenport","greenport","village","41.102428","-72.366763"
"NY","New York","Greenport West","greenport west","cdp","41.090168","-72.384584"
"NY","New York","Greenvale","greenvale","cdp","40.811957","-73.626327"
"NY","New York","Greenville","greenville","cdp","42.413789","-74.020324"
"NY","New York","Greenville","greenville","cdp","40.998643","-73.818977"
"NY","New York","Greenwich","greenwich","village","43.086475","-73.496673"
"NY","New York","Greenwood Lake","greenwood lake","village","41.221103","-74.287578"
"NY","New York","Greigsville","greigsville","cdp","42.830719","-77.901428"
"NY","New York","Groton","groton","village","42.58343","-76.35986"
"NY","New York","Groveland Station","groveland station","cdp","42.663379","-77.76667"
"NY","New York","Guilford","guilford","cdp","42.407337","-75.485417"
"NY","New York","Hadley","hadley","cdp","43.312494","-73.846749"
"NY","New York","Hagaman","hagaman","village","42.970733","-74.15979"
"NY","New York","Hailesboro","hailesboro","cdp","44.311603","-75.433024"
"NY","New York","Haines Falls","haines falls","cdp","42.197005","-74.100923"
"NY","New York","Halesite","halesite","cdp","40.886284","-73.412514"
"NY","New York","Hall","hall","cdp","42.796506","-77.067963"
"NY","New York","Hamburg","hamburg","village","42.723357","-78.834804"
"NY","New York","Hamilton","hamilton","village","42.828457","-75.553015"
"NY","New York","Hamilton College","hamilton college","cdp","43.052666","-75.407716"
"NY","New York","Hamlin","hamlin","cdp","43.302295","-77.921682"
"NY","New York","Hammond","hammond","village","44.446385","-75.693499"
"NY","New York","Hammondsport","hammondsport","village","42.40874","-77.222858"
"NY","New York","Hampton Bays","hampton bays","cdp","40.864652","-72.518104"
"NY","New York","Hampton Manor","hampton manor","cdp","42.620625","-73.730119"
"NY","New York","Hancock","hancock","village","41.953028","-75.28209"
"NY","New York","Hankins","hankins","cdp","41.823158","-75.084195"
"NY","New York","Hannawa Falls","hannawa falls","cdp","44.600678","-74.97536"
"NY","New York","Hannibal","hannibal","village","43.319437","-76.577742"
"NY","New York","Harbor Hills","harbor hills","cdp","40.788588","-73.749019"
"NY","New York","Harbor Isle","harbor isle","cdp","40.602508","-73.66472"
"NY","New York","Harriman","harriman","village","41.309057","-74.144094"
"NY","New York","Harris Hill","harris hill","cdp","42.972969","-78.679265"
"NY","New York","Harrison","harrison","village","41.023538","-73.719283"
"NY","New York","Hartsdale","hartsdale","cdp","41.015434","-73.803641"
"NY","New York","Hartwick","hartwick","cdp","42.658609","-75.061109"
"NY","New York","Hartwick Seminary","hartwick seminary","cdp","42.652233","-74.96023"
"NY","New York","Hastings-on-Hudson","hastings on hudson","village","40.988041","-73.881236"
"NY","New York","Hauppauge","hauppauge","cdp","40.822351","-73.210701"
"NY","New York","Haverstraw","haverstraw","village","41.178245","-73.943331"
"NY","New York","Haviland","haviland","cdp","41.764624","-73.897933"
"NY","New York","Hawthorne","hawthorne","cdp","41.103433","-73.796912"
"NY","New York","Head of the Harbor","head of the harbor","village","40.897658","-73.161536"
"NY","New York","Hemlock","hemlock","cdp","42.793788","-77.607439"
"NY","New York","Hempstead","hempstead","village","40.704374","-73.619445"
"NY","New York","Henderson","henderson","cdp","43.848019","-76.184953"
"NY","New York","Heritage Hills","heritage hills","cdp","41.339661","-73.700677"
"NY","New York","Herkimer","herkimer","village","43.028078","-74.993306"
"NY","New York","Hermon","hermon","cdp","44.467051","-75.231246"
"NY","New York","Herricks","herricks","cdp","40.756682","-73.663492"
"NY","New York","Herrings","herrings","cdp","44.023087","-75.64932"
"NY","New York","Heuvelton","heuvelton","village","44.61639","-75.399983"
"NY","New York","Hewlett","hewlett","cdp","40.641996","-73.694393"
"NY","New York","Hewlett Bay Park","hewlett bay park","village","40.63512","-73.695824"
"NY","New York","Hewlett Harbor","hewlett harbor","village","40.633619","-73.685898"
"NY","New York","Hewlett Neck","hewlett neck","village","40.624763","-73.697082"
"NY","New York","Hicksville","hicksville","cdp","40.764136","-73.524806"
"NY","New York","High Falls","high falls","cdp","41.825499","-74.120253"
"NY","New York","Highland","highland","cdp","41.721502","-73.96211"
"NY","New York","Highland Falls","highland falls","village","41.364565","-73.968924"
"NY","New York","Highland-on-the-Lake","highland on the lake","cdp","42.70174","-78.9824"
"NY","New York","Hillburn","hillburn","village","41.127177","-74.170503"
"NY","New York","Hillcrest","hillcrest","cdp","41.129814","-74.035011"
"NY","New York","Hillside","hillside","cdp","41.91905","-74.033686"
"NY","New York","Hillside Lake","hillside lake","cdp","41.615764","-73.79697"
"NY","New York","Hilton","hilton","village","43.289972","-77.792559"
"NY","New York","Hobart","hobart","village","42.372156","-74.668541"
"NY","New York","Holbrook","holbrook","cdp","40.794373","-73.070022"
"NY","New York","Holland","holland","cdp","42.637476","-78.551775"
"NY","New York","Holland Patent","holland patent","village","43.241147","-75.256575"
"NY","New York","Holley","holley","village","43.224657","-78.029194"
"NY","New York","Holtsville","holtsville","cdp","40.812373","-73.044653"
"NY","New York","Homer","homer","village","42.637233","-76.185377"
"NY","New York","Honeoye","honeoye","cdp","42.788582","-77.512469"
"NY","New York","Honeoye Falls","honeoye falls","village","42.954677","-77.591126"
"NY","New York","Hoosick Falls","hoosick falls","village","42.900907","-73.349968"
"NY","New York","Hopewell Junction","hopewell junction","cdp","41.580193","-73.811638"
"NY","New York","Hornell","hornell","city","42.333044","-77.663215"
"NY","New York","Horseheads","horseheads","village","42.168632","-76.829658"
"NY","New York","Horseheads North","horseheads north","cdp","42.19664","-76.804664"
"NY","New York","Hortonville","hortonville","cdp","41.766137","-75.022039"
"NY","New York","Houghton","houghton","cdp","42.428298","-78.172646"
"NY","New York","Hudson","hudson","city","42.251905","-73.786028"
"NY","New York","Hudson Falls","hudson falls","village","43.304735","-73.581587"
"NY","New York","Hunt","hunt","cdp","42.547566","-77.991204"
"NY","New York","Hunter","hunter","village","42.210532","-74.215431"
"NY","New York","Huntington","huntington","cdp","40.875389","-73.405761"
"NY","New York","Huntington Bay","huntington bay","village","40.903556","-73.412127"
"NY","New York","Huntington Station","huntington station","cdp","40.844488","-73.404812"
"NY","New York","Hurley","hurley","cdp","41.910209","-74.062247"
"NY","New York","Hurleyville","hurleyville","cdp","41.741859","-74.675357"
"NY","New York","Hyde Park","hyde park","cdp","41.783611","-73.934699"
"NY","New York","Ilion","ilion","village","43.011261","-75.039655"
"NY","New York","Interlaken","interlaken","village","42.61782","-76.725474"
"NY","New York","Inwood","inwood","cdp","40.621346","-73.75699"
"NY","New York","Irondequoit","irondequoit","cdp","43.209811","-77.572056"
"NY","New York","Irvington","irvington","village","41.034258","-73.867028"
"NY","New York","Island Park","island park","village","40.605221","-73.6553"
"NY","New York","Islandia","islandia","village","40.806862","-73.171084"
"NY","New York","Islip","islip","cdp","40.730319","-73.216113"
"NY","New York","Islip Terrace","islip terrace","cdp","40.750269","-73.186889"
"NY","New York","Ithaca","ithaca","city","42.443937","-76.503055"
"NY","New York","Jacksonville","jacksonville","cdp","42.506099","-76.618788"
"NY","New York","Jamesport","jamesport","cdp","40.960967","-72.583173"
"NY","New York","Jamestown","jamestown","city","42.097603","-79.236135"
"NY","New York","Jamestown West","jamestown west","cdp","42.088456","-79.281036"
"NY","New York","Jefferson","jefferson","cdp","42.47817","-74.603324"
"NY","New York","Jefferson Heights","jefferson heights","cdp","42.235642","-73.882099"
"NY","New York","Jefferson Valley-Yorktown","jefferson valley yorktown","cdp","41.318669","-73.799864"
"NY","New York","Jeffersonville","jeffersonville","village","41.777521","-74.925853"
"NY","New York","Jericho","jericho","cdp","40.787447","-73.541615"
"NY","New York","Johnson City","johnson city","village","42.125288","-75.963406"
"NY","New York","Johnstown","johnstown","city","43.007335","-74.375065"
"NY","New York","Jordan","jordan","village","43.067069","-76.47292"
"NY","New York","Kaser","kaser","village","41.121257","-74.068575"
"NY","New York","Katonah","katonah","cdp","41.255069","-73.685185"
"NY","New York","Kauneonga Lake","kauneonga lake","cdp","41.689261","-74.833098"
"NY","New York","Keeseville","keeseville","cdp","44.504096","-73.481109"
"NY","New York","Kenmore","kenmore","village","42.964633","-78.87129"
"NY","New York","Kennedy","kennedy","cdp","42.158948","-79.098287"
"NY","New York","Kensington","kensington","village","40.793077","-73.722242"
"NY","New York","Kerhonkson","kerhonkson","cdp","41.782641","-74.275424"
"NY","New York","Keuka Park","keuka park","cdp","42.612536","-77.092405"
"NY","New York","Kiamesha Lake","kiamesha lake","cdp","41.680772","-74.668631"
"NY","New York","Kinderhook","kinderhook","village","42.394382","-73.703768"
"NY","New York","Kings Park","kings park","cdp","40.886964","-73.245571"
"NY","New York","Kings Point","kings point","village","40.817892","-73.73932"
"NY","New York","Kingston","kingston","city","41.930124","-73.996782"
"NY","New York","Kiryas Joel","kiryas joel","village","41.340667","-74.167274"
"NY","New York","Kysorville","kysorville","cdp","42.652845","-77.794881"
"NY","New York","La Fargeville","la fargeville","cdp","44.193265","-75.954645"
"NY","New York","Lackawanna","lackawanna","city","42.818424","-78.832769"
"NY","New York","Lacona","lacona","village","43.642654","-76.066066"
"NY","New York","Lake Carmel","lake carmel","cdp","41.462746","-73.663331"
"NY","New York","Lake Delta","lake delta","cdp","43.286754","-75.469092"
"NY","New York","Lake Erie Beach","lake erie beach","cdp","42.624182","-79.078563"
"NY","New York","Lake George","lake george","village","43.425924","-73.715168"
"NY","New York","Lake Grove","lake grove","village","40.857817","-73.116844"
"NY","New York","Lake Huntington","lake huntington","cdp","41.680039","-74.99419"
"NY","New York","Lake Katrine","lake katrine","cdp","41.985218","-73.989759"
"NY","New York","Lake Luzerne","lake luzerne","cdp","43.329914","-73.84353"
"NY","New York","Lake Mohegan","lake mohegan","cdp","41.318803","-73.848057"
"NY","New York","Lake Placid","lake placid","village","44.28417","-73.986426"
"NY","New York","Lake Ronkonkoma","lake ronkonkoma","cdp","40.830318","-73.113298"
"NY","New York","Lake Success","lake success","village","40.763883","-73.711112"
"NY","New York","Lakeland","lakeland","cdp","43.090858","-76.242643"
"NY","New York","Lakeview","lakeview","cdp","40.677732","-73.649718"
"NY","New York","Lakeville","lakeville","cdp","42.836761","-77.703154"
"NY","New York","Lakewood","lakewood","village","42.099141","-79.320102"
"NY","New York","Lancaster","lancaster","village","42.9006","-78.668775"
"NY","New York","Lansing","lansing","village","42.49015","-76.486521"
"NY","New York","Larchmont","larchmont","village","40.925961","-73.75196"
"NY","New York","Latham","latham","cdp","42.742235","-73.750377"
"NY","New York","Lattingtown","lattingtown","village","40.89464","-73.595343"
"NY","New York","Laurel","laurel","cdp","40.972918","-72.554532"
"NY","New York","Laurel Hollow","laurel hollow","village","40.8567","-73.477542"
"NY","New York","Laurens","laurens","village","42.531319","-75.088716"
"NY","New York","Lawrence","lawrence","village","40.602924","-73.714434"
"NY","New York","Le Roy","le roy","village","42.978006","-77.990874"
"NY","New York","Leeds","leeds","cdp","42.255384","-73.893533"
"NY","New York","Leicester","leicester","village","42.770939","-77.896904"
"NY","New York","Levittown","levittown","cdp","40.72399","-73.512709"
"NY","New York","Lewiston","lewiston","village","43.17193","-79.040674"
"NY","New York","Liberty","liberty","village","41.796593","-74.743195"
"NY","New York","Lido Beach","lido beach","cdp","40.589098","-73.604318"
"NY","New York","Lima","lima","village","42.906946","-77.612265"
"NY","New York","Lime Lake","lime lake","cdp","42.433002","-78.484684"
"NY","New York","Limestone","limestone","cdp","42.017267","-78.631327"
"NY","New York","Lincoln Park","lincoln park","cdp","41.958041","-74.004812"
"NY","New York","Lincolndale","lincolndale","cdp","41.335321","-73.726698"
"NY","New York","Lindenhurst","lindenhurst","village","40.685751","-73.371594"
"NY","New York","Linwood","linwood","cdp","42.896705","-77.947602"
"NY","New York","Lisle","lisle","village","42.349054","-76.005522"
"NY","New York","Little Falls","little falls","city","43.044835","-74.856688"
"NY","New York","Little Valley","little valley","village","42.249365","-78.798751"
"NY","New York","Liverpool","liverpool","village","43.105566","-76.209664"
"NY","New York","Livingston Manor","livingston manor","cdp","41.887164","-74.823643"
"NY","New York","Livonia","livonia","village","42.82193","-77.6688"
"NY","New York","Livonia Center","livonia center","cdp","42.82106","-77.642011"
"NY","New York","Lloyd Harbor","lloyd harbor","village","40.921496","-73.443386"
"NY","New York","Loch Sheldrake","loch sheldrake","cdp","41.775216","-74.65965"
"NY","New York","Lockport","lockport","city","43.16946","-78.695807"
"NY","New York","Locust Valley","locust valley","cdp","40.878083","-73.589333"
"NY","New York","Lodi","lodi","village","42.6134","-76.821978"
"NY","New York","Long Beach","long beach","city","40.585835","-73.665403"
"NY","New York","Long Lake","long lake","cdp","43.967474","-74.426913"
"NY","New York","Lorenz Park","lorenz park","cdp","42.269951","-73.776021"
"NY","New York","Lorraine","lorraine","cdp","43.765512","-75.952223"
"NY","New York","Loudonville","loudonville","cdp","42.70973","-73.763079"
"NY","New York","Lowville","lowville","village","43.786605","-75.487812"
"NY","New York","Lynbrook","lynbrook","village","40.657883","-73.674199"
"NY","New York","Lyncourt","lyncourt","cdp","43.082059","-76.126388"
"NY","New York","Lyndonville","lyndonville","village","43.321345","-78.388869"
"NY","New York","Lyon Mountain","lyon mountain","cdp","44.718317","-73.866297"
"NY","New York","Lyons","lyons","cdp","43.063509","-76.990953"
"NY","New York","Lyons Falls","lyons falls","village","43.617008","-75.361635"
"NY","New York","MacDonnell Heights","macdonnell heights","cdp","41.716538","-73.860615"
"NY","New York","Macedon","macedon","cdp","43.064833","-77.300283"
"NY","New York","Machias","machias","cdp","42.413621","-78.487052"
"NY","New York","Madison","madison","village","42.897741","-75.512291"
"NY","New York","Madrid","madrid","cdp","44.747381","-75.129351"
"NY","New York","Mahopac","mahopac","cdp","41.369734","-73.74069"
"NY","New York","Malden-on-Hudson","malden on hudson","cdp","42.093226","-73.936475"
"NY","New York","Malone","malone","village","44.848221","-74.28958"
"NY","New York","Malverne","malverne","village","40.674541","-73.672101"
"NY","New York","Malverne Park Oaks","malverne park oaks","cdp","40.681655","-73.664414"
"NY","New York","Mamaroneck","mamaroneck","village","40.936452","-73.726138"
"NY","New York","Manchester","manchester","village","42.968116","-77.231639"
"NY","New York","Manhasset","manhasset","cdp","40.784977","-73.694879"
"NY","New York","Manhasset Hills","manhasset hills","cdp","40.759137","-73.68087"
"NY","New York","Manlius","manlius","village","43.001438","-75.982232"
"NY","New York","Mannsville","mannsville","village","43.717814","-76.066815"
"NY","New York","Manorhaven","manorhaven","village","40.83885","-73.710825"
"NY","New York","Manorville","manorville","cdp","40.862328","-72.787521"
"NY","New York","Marathon","marathon","village","42.444808","-76.036238"
"NY","New York","Marcellus","marcellus","village","42.983707","-76.3405"
"NY","New York","Marcy","marcy","cdp","43.131447","-75.255714"
"NY","New York","Margaretville","margaretville","village","42.145267","-74.650708"
"NY","New York","Mariaville Lake","mariaville lake","cdp","42.824826","-74.130315"
"NY","New York","Marion","marion","cdp","43.142005","-77.193999"
"NY","New York","Marist College","marist college","cdp","41.722227","-73.933341"
"NY","New York","Marlboro","marlboro","cdp","41.603811","-73.977152"
"NY","New York","Massapequa","massapequa","cdp","40.668302","-73.471515"
"NY","New York","Massapequa Park","massapequa park","village","40.680909","-73.449689"
"NY","New York","Massena","massena","village","44.929024","-74.892973"
"NY","New York","Mastic","mastic","cdp","40.809653","-72.847986"
"NY","New York","Mastic Beach","mastic beach","cdp","40.765722","-72.836722"
"NY","New York","Matinecock","matinecock","village","40.859352","-73.580472"
"NY","New York","Mattituck","mattituck","cdp","41.007298","-72.543521"
"NY","New York","Mattydale","mattydale","cdp","43.099176","-76.13883"
"NY","New York","Maybrook","maybrook","village","41.488335","-74.213498"
"NY","New York","Mayfield","mayfield","village","43.101933","-74.266014"
"NY","New York","Mayville","mayville","village","42.253099","-79.501913"
"NY","New York","McGraw","mcgraw","village","42.593765","-76.097502"
"NY","New York","McLean","mclean","cdp","42.548809","-76.292316"
"NY","New York","Mechanicstown","mechanicstown","cdp","41.447641","-74.392145"
"NY","New York","Mechanicville","mechanicville","city","42.904141","-73.688888"
"NY","New York","Medford","medford","cdp","40.821979","-72.985918"
"NY","New York","Medina","medina","village","43.219742","-78.387874"
"NY","New York","Melrose Park","melrose park","cdp","42.905644","-76.514054"
"NY","New York","Melville","melville","cdp","40.782357","-73.408824"
"NY","New York","Menands","menands","village","42.69118","-73.726188"
"NY","New York","Meridian","meridian","village","43.162963","-76.538182"
"NY","New York","Merrick","merrick","cdp","40.653175","-73.552013"
"NY","New York","Merritt Park","merritt park","cdp","41.538482","-73.87239"
"NY","New York","Mexico","mexico","village","43.465218","-76.232574"
"NY","New York","Middle Island","middle island","cdp","40.892509","-72.951175"
"NY","New York","Middleburgh","middleburgh","village","42.597979","-74.329828"
"NY","New York","Middleport","middleport","village","43.211722","-78.475727"
"NY","New York","Middletown","middletown","city","41.444922","-74.423573"
"NY","New York","Middleville","middleville","village","43.138937","-74.970235"
"NY","New York","Milford","milford","village","42.59047","-74.946865"
"NY","New York","Mill Neck","mill neck","village","40.882132","-73.558968"
"NY","New York","Millbrook","millbrook","village","41.784862","-73.692092"
"NY","New York","Miller Place","miller place","cdp","40.943115","-72.993342"
"NY","New York","Millerton","millerton","village","41.955485","-73.513076"
"NY","New York","Millport","millport","village","42.268101","-76.836244"
"NY","New York","Millwood","millwood","cdp","41.202753","-73.793047"
"NY","New York","Milton","milton","cdp","41.65622","-73.969625"
"NY","New York","Milton","milton","cdp","43.037526","-73.853819"
"NY","New York","Mineola","mineola","village","40.747026","-73.639363"
"NY","New York","Minetto","minetto","cdp","43.402016","-76.480965"
"NY","New York","Mineville","mineville","cdp","44.092856","-73.521427"
"NY","New York","Minoa","minoa","village","43.074279","-76.008372"
"NY","New York","Mohawk","mohawk","village","43.009377","-75.007139"
"NY","New York","Mongaup Valley","mongaup valley","cdp","41.680325","-74.779887"
"NY","New York","Monroe","monroe","village","41.317698","-74.185748"
"NY","New York","Monsey","monsey","cdp","41.109477","-74.076972"
"NY","New York","Montauk","montauk","cdp","41.047538","-71.946369"
"NY","New York","Montebello","montebello","village","41.130795","-74.110078"
"NY","New York","Montgomery","montgomery","village","41.521266","-74.238661"
"NY","New York","Monticello","monticello","village","41.652528","-74.68776"
"NY","New York","Montour Falls","montour falls","village","42.348668","-76.848697"
"NY","New York","Montrose","montrose","cdp","41.238901","-73.943837"
"NY","New York","Mooers","mooers","cdp","44.96363","-73.595463"
"NY","New York","Moravia","moravia","village","42.712145","-76.423053"
"NY","New York","Moriches","moriches","cdp","40.805414","-72.826992"
"NY","New York","Morris","morris","village","42.548118","-75.245292"
"NY","New York","Morrisonville","morrisonville","cdp","44.69366","-73.558925"
"NY","New York","Morristown","morristown","cdp","44.584013","-75.64546"
"NY","New York","Morrisville","morrisville","village","42.898699","-75.644755"
"NY","New York","Mount Ivy","mount ivy","cdp","41.192669","-74.029579"
"NY","New York","Mount Kisco","mount kisco","village","41.201696","-73.728258"
"NY","New York","Mount Morris","mount morris","village","42.723695","-77.875207"
"NY","New York","Mount Sinai","mount sinai","cdp","40.94178","-73.020242"
"NY","New York","Mount Vernon","mount vernon","city","40.913105","-73.829317"
"NY","New York","Mount Vision","mount vision","cdp","42.583077","-75.051728"
"NY","New York","Mountain Dale","mountain dale","cdp","41.691253","-74.520578"
"NY","New York","Mountain Lodge Park","mountain lodge park","cdp","41.386534","-74.141761"
"NY","New York","Munnsville","munnsville","village","42.976549","-75.586521"
"NY","New York","Munsey Park","munsey park","village","40.798993","-73.67985"
"NY","New York","Munsons Corners","munsons corners","cdp","42.573849","-76.202145"
"NY","New York","Muttontown","muttontown","village","40.825394","-73.536338"
"NY","New York","Myers Corner","myers corner","cdp","41.584484","-73.88366"
"NY","New York","Nanuet","nanuet","cdp","41.095478","-74.015879"
"NY","New York","Napanoch","napanoch","cdp","41.752622","-74.371859"
"NY","New York","Napeague","napeague","cdp","40.99847","-72.06422"
"NY","New York","Naples","naples","village","42.617434","-77.402121"
"NY","New York","Narrowsburg","narrowsburg","cdp","41.601128","-75.050786"
"NY","New York","Nassau","nassau","village","42.513963","-73.61075"
"NY","New York","Nassau Lake","nassau lake","cdp","42.538613","-73.609136"
"NY","New York","Natural Bridge","natural bridge","cdp","44.071521","-75.500193"
"NY","New York","Nazareth College","nazareth college","cdp","43.103104","-77.519348"
"NY","New York","Nedrow","nedrow","cdp","42.977998","-76.141648"
"NY","New York","Nelliston","nelliston","village","42.932679","-74.607642"
"NY","New York","Nelsonville","nelsonville","village","41.429474","-73.949914"
"NY","New York","Nesconset","nesconset","cdp","40.846855","-73.152008"
"NY","New York","New Baltimore","new baltimore","cdp","42.450364","-73.794956"
"NY","New York","New Berlin","new berlin","village","42.623983","-75.335317"
"NY","New York","New Cassel","new cassel","cdp","40.760202","-73.564934"
"NY","New York","New City","new city","cdp","41.152205","-73.990426"
"NY","New York","New Hackensack","new hackensack","cdp","41.619623","-73.860006"
"NY","New York","New Hamburg","new hamburg","cdp","41.588583","-73.941204"
"NY","New York","New Hartford","new hartford","village","43.071038","-75.288618"
"NY","New York","New Hempstead","new hempstead","village","41.145709","-74.051034"
"NY","New York","New Hyde Park","new hyde park","village","40.732273","-73.685864"
"NY","New York","New Paltz","new paltz","village","41.749942","-74.079738"
"NY","New York","New Rochelle","new rochelle","city","40.923243","-73.779344"
"NY","New York","New Square","new square","village","41.141022","-74.029362"
"NY","New York","New Suffolk","new suffolk","cdp","40.996754","-72.477472"
"NY","New York","New Windsor","new windsor","cdp","41.46983","-74.031832"
"NY","New York","New York","new york","city","40.662712","-73.938677"
"NY","New York","New York Mills","new york mills","village","43.100709","-75.293111"
"NY","New York","Newark","newark","village","43.042009","-77.094024"
"NY","New York","Newark Valley","newark valley","village","42.222905","-76.186776"
"NY","New York","Newburgh","newburgh","city","41.503249","-74.01964"
"NY","New York","Newfane","newfane","cdp","43.285683","-78.693945"
"NY","New York","Newfield","newfield","cdp","42.357511","-76.59381"
"NY","New York","Newport","newport","village","43.186845","-75.016023"
"NY","New York","Niagara Falls","niagara falls","city","43.092841","-79.014743"
"NY","New York","Niagara University","niagara university","cdp","43.137212","-79.035127"
"NY","New York","Nichols","nichols","village","42.020017","-76.370402"
"NY","New York","Niskayuna","niskayuna","cdp","42.804896","-73.887427"
"NY","New York","Nissequogue","nissequogue","village","40.902716","-73.186246"
"NY","New York","Niverville","niverville","cdp","42.44912","-73.64844"
"NY","New York","Norfolk","norfolk","cdp","44.788637","-74.988027"
"NY","New York","North Amityville","north amityville","cdp","40.700525","-73.411884"
"NY","New York","North Babylon","north babylon","cdp","40.731454","-73.32493"
"NY","New York","North Ballston Spa","north ballston spa","cdp","43.019556","-73.852174"
"NY","New York","North Bay","north bay","cdp","43.228451","-75.74444"
"NY","New York","North Bay Shore","north bay shore","cdp","40.760191","-73.261674"
"NY","New York","North Bellmore","north bellmore","cdp","40.690346","-73.539016"
"NY","New York","North Bellport","north bellport","cdp","40.786816","-72.94568"
"NY","New York","North Blenheim","north blenheim","cdp","42.47181","-74.452558"
"NY","New York","North Boston","north boston","cdp","42.677322","-78.779346"
"NY","New York","North Collins","north collins","village","42.594821","-78.936941"
"NY","New York","North Creek","north creek","cdp","43.691289","-73.985521"
"NY","New York","North Gates","north gates","cdp","43.171569","-77.707099"
"NY","New York","North Granville","north granville","cdp","43.451516","-73.358092"
"NY","New York","North Great River","north great river","cdp","40.756157","-73.163061"
"NY","New York","North Haven","north haven","village","41.023263","-72.313997"
"NY","New York","North Hills","north hills","village","40.77645","-73.677847"
"NY","New York","North Hornell","north hornell","village","42.345444","-77.660504"
"NY","New York","North Lindenhurst","north lindenhurst","cdp","40.707221","-73.385968"
"NY","New York","North Lynbrook","north lynbrook","cdp","40.668563","-73.673588"
"NY","New York","North Massapequa","north massapequa","cdp","40.703007","-73.469122"
"NY","New York","North Merrick","north merrick","cdp","40.688369","-73.560577"
"NY","New York","North New Hyde Park","north new hyde park","cdp","40.745753","-73.687775"
"NY","New York","North Patchogue","north patchogue","cdp","40.784034","-73.023889"
"NY","New York","North Rose","north rose","cdp","43.18722","-76.886401"
"NY","New York","North Sea","north sea","cdp","40.931543","-72.40604"
"NY","New York","North Syracuse","north syracuse","village","43.133867","-76.130388"
"NY","New York","North Tonawanda","north tonawanda","city","43.049157","-78.871224"
"NY","New York","North Valley Stream","north valley stream","cdp","40.684262","-73.708077"
"NY","New York","North Wantagh","north wantagh","cdp","40.693878","-73.51636"
"NY","New York","Northampton","northampton","cdp","40.875159","-72.684077"
"NY","New York","Northeast Ithaca","northeast ithaca","cdp","42.46857","-76.463401"
"NY","New York","Northport","northport","village","40.904045","-73.344968"
"NY","New York","Northville","northville","cdp","40.975572","-72.630246"
"NY","New York","Northville","northville","village","43.219687","-74.158323"
"NY","New York","Northwest Harbor","northwest harbor","cdp","41.013774","-72.220394"
"NY","New York","Northwest Ithaca","northwest ithaca","cdp","42.458548","-76.535121"
"NY","New York","Norwich","norwich","city","42.533322","-75.522758"
"NY","New York","Norwood","norwood","village","44.7483","-74.996674"
"NY","New York","Noyack","noyack","cdp","40.978706","-72.346015"
"NY","New York","Nunda","nunda","village","42.57999","-77.937907"
"NY","New York","Nyack","nyack","village","41.09295","-73.915236"
"NY","New York","Oak Beach","oak beach","cdp","40.638582","-73.276481"
"NY","New York","Oakdale","oakdale","cdp","40.737782","-73.134698"
"NY","New York","Oakfield","oakfield","village","43.064958","-78.271018"
"NY","New York","Ocean Beach","ocean beach","village","40.646286","-73.156523"
"NY","New York","Oceanside","oceanside","cdp","40.63302","-73.637701"
"NY","New York","Odessa","odessa","village","42.334999","-76.788114"
"NY","New York","Ogdensburg","ogdensburg","city","44.70918","-75.463271"
"NY","New York","Olcott","olcott","cdp","43.330782","-78.719767"
"NY","New York","Old Bethpage","old bethpage","cdp","40.750823","-73.458396"
"NY","New York","Old Brookville","old brookville","village","40.83647","-73.605108"
"NY","New York","Old Field","old field","village","40.966673","-73.131044"
"NY","New York","Old Forge","old forge","cdp","43.706401","-74.969122"
"NY","New York","Old Westbury","old westbury","village","40.786543","-73.597508"
"NY","New York","Olean","olean","city","42.083943","-78.435119"
"NY","New York","Oneida","oneida","city","43.070448","-75.673561"
"NY","New York","Oneida Castle","oneida castle","village","43.081203","-75.633097"
"NY","New York","Oneonta","oneonta","city","42.454818","-75.066884"
"NY","New York","Ontario","ontario","cdp","43.218036","-77.280639"
"NY","New York","Orange Lake","orange lake","cdp","41.536377","-74.098185"
"NY","New York","Orangeburg","orangeburg","cdp","41.048729","-73.940763"
"NY","New York","Orchard Park","orchard park","village","42.762198","-78.741367"
"NY","New York","Orient","orient","cdp","41.148888","-72.249384"
"NY","New York","Oriskany","oriskany","village","43.156765","-75.333517"
"NY","New York","Oriskany Falls","oriskany falls","village","42.93799","-75.46361"
"NY","New York","Ossining","ossining","village","41.15349","-73.870587"
"NY","New York","Oswego","oswego","city","43.458052","-76.503689"
"NY","New York","Otego","otego","village","42.392799","-75.180071"
"NY","New York","Otisville","otisville","village","41.471438","-74.539709"
"NY","New York","Otter Lake","otter lake","cdp","43.592726","-75.117364"
"NY","New York","Ovid","ovid","village","42.675648","-76.822897"
"NY","New York","Owego","owego","village","42.10456","-76.262227"
"NY","New York","Oxbow","oxbow","cdp","44.288352","-75.626406"
"NY","New York","Oxford","oxford","village","42.441161","-75.595878"
"NY","New York","Oyster Bay","oyster bay","cdp","40.868057","-73.531053"
"NY","New York","Oyster Bay Cove","oyster bay cove","village","40.860496","-73.505379"
"NY","New York","Painted Post","painted post","village","42.163762","-77.092384"
"NY","New York","Palatine Bridge","palatine bridge","village","42.915754","-74.577543"
"NY","New York","Palenville","palenville","cdp","42.185727","-74.028969"
"NY","New York","Palmyra","palmyra","village","43.060864","-77.229719"
"NY","New York","Pamelia Center","pamelia center","cdp","44.035558","-75.903282"
"NY","New York","Panama","panama","village","42.068571","-79.487189"
"NY","New York","Parc","parc","cdp","44.663804","-73.452927"
"NY","New York","Parish","parish","village","43.405802","-76.12637"
"NY","New York","Parishville","parishville","cdp","44.629719","-74.792732"
"NY","New York","Patchogue","patchogue","village","40.76371","-73.019773"
"NY","New York","Paul Smiths","paul smiths","cdp","44.433398","-74.250829"
"NY","New York","Pavilion","pavilion","cdp","42.882283","-78.02193"
"NY","New York","Pawling","pawling","village","41.563609","-73.599339"
"NY","New York","Peach Lake","peach lake","cdp","41.370537","-73.576945"
"NY","New York","Pearl River","pearl river","cdp","41.061561","-74.007832"
"NY","New York","Peconic","peconic","cdp","41.039067","-72.464419"
"NY","New York","Peekskill","peekskill","city","41.287396","-73.923597"
"NY","New York","Pelham","pelham","village","40.91108","-73.807704"
"NY","New York","Pelham Manor","pelham manor","village","40.893068","-73.805928"
"NY","New York","Penn Yan","penn yan","village","42.660714","-77.053071"
"NY","New York","Perry","perry","village","42.717811","-78.005338"
"NY","New York","Perrysburg","perrysburg","cdp","42.458491","-79.001077"
"NY","New York","Peru","peru","cdp","44.579326","-73.533292"
"NY","New York","Phelps","phelps","village","42.958057","-77.062121"
"NY","New York","Philadelphia","philadelphia","village","44.153988","-75.70979"
"NY","New York","Philmont","philmont","village","42.249004","-73.646902"
"NY","New York","Phoenicia","phoenicia","cdp","42.083154","-74.314328"
"NY","New York","Phoenix","phoenix","village","43.230897","-76.295805"
"NY","New York","Piermont","piermont","village","41.041851","-73.910831"
"NY","New York","Pierrepont Manor","pierrepont manor","cdp","43.738846","-76.062967"
"NY","New York","Piffard","piffard","cdp","42.831854","-77.858397"
"NY","New York","Pike","pike","cdp","42.553994","-78.14756"
"NY","New York","Pine Bush","pine bush","cdp","41.609545","-74.296524"
"NY","New York","Pine Hill","pine hill","cdp","42.132799","-74.473791"
"NY","New York","Pine Plains","pine plains","cdp","41.977677","-73.658197"
"NY","New York","Pine Valley","pine valley","cdp","42.230281","-76.848036"
"NY","New York","Pittsford","pittsford","village","43.090492","-77.51657"
"NY","New York","Plainedge","plainedge","cdp","40.724009","-73.476993"
"NY","New York","Plainview","plainview","cdp","40.781771","-73.473118"
"NY","New York","Plandome","plandome","village","40.806579","-73.70163"
"NY","New York","Plandome Heights","plandome heights","village","40.802072","-73.704901"
"NY","New York","Plandome Manor","plandome manor","village","40.812909","-73.698699"
"NY","New York","Plattekill","plattekill","cdp","41.619788","-74.058596"
"NY","New York","Plattsburgh","plattsburgh","city","44.692025","-73.458276"
"NY","New York","Plattsburgh West","plattsburgh west","cdp","44.682756","-73.50524"
"NY","New York","Pleasant Valley","pleasant valley","cdp","41.746258","-73.826294"
"NY","New York","Pleasantville","pleasantville","village","41.134006","-73.78415"
"NY","New York","Plessis","plessis","cdp","44.273537","-75.857487"
"NY","New York","Poestenkill","poestenkill","cdp","42.694185","-73.553155"
"NY","New York","Point Lookout","point lookout","cdp","40.590634","-73.57941"
"NY","New York","Poland","poland","village","43.225663","-75.062698"
"NY","New York","Pomona","pomona","village","41.189153","-74.054249"
"NY","New York","Poquott","poquott","village","40.953044","-73.090877"
"NY","New York","Port Byron","port byron","village","43.037094","-76.625304"
"NY","New York","Port Chester","port chester","village","41.004701","-73.667175"
"NY","New York","Port Dickinson","port dickinson","village","42.135641","-75.894411"
"NY","New York","Port Ewen","port ewen","cdp","41.904162","-73.977243"
"NY","New York","Port Gibson","port gibson","cdp","43.033395","-77.155197"
"NY","New York","Port Henry","port henry","cdp","44.045377","-73.461265"
"NY","New York","Port Jefferson","port jefferson","village","40.942177","-73.052799"
"NY","New York","Port Jefferson Station","port jefferson station","cdp","40.925939","-73.065186"
"NY","New York","Port Jervis","port jervis","city","41.378021","-74.690802"
"NY","New York","Port Leyden","port leyden","village","43.584673","-75.340001"
"NY","New York","Port Washington","port washington","cdp","40.827452","-73.680008"
"NY","New York","Port Washington North","port washington north","village","40.843047","-73.700058"
"NY","New York","Portlandville","portlandville","cdp","42.537","-74.963157"
"NY","New York","Portville","portville","village","42.036706","-78.337256"
"NY","New York","Potsdam","potsdam","village","44.670831","-74.983463"
"NY","New York","Pottersville","pottersville","cdp","43.737987","-73.821517"
"NY","New York","Poughkeepsie","poughkeepsie","city","41.694595","-73.919869"
"NY","New York","Prattsburgh","prattsburgh","cdp","42.524795","-77.288316"
"NY","New York","Prattsville","prattsville","cdp","42.347243","-74.428721"
"NY","New York","Preston-Potter Hollow","preston potter hollow","cdp","42.43304","-74.228759"
"NY","New York","Prospect","prospect","cdp","43.302212","-75.152526"
"NY","New York","Pulaski","pulaski","village","43.565504","-76.126035"
"NY","New York","Pultneyville","pultneyville","cdp","43.273724","-77.172363"
"NY","New York","Putnam Lake","putnam lake","cdp","41.474265","-73.550487"
"NY","New York","Quiogue","quiogue","cdp","40.819696","-72.62815"
"NY","New York","Quogue","quogue","village","40.821406","-72.598903"
"NY","New York","Radisson","radisson","cdp","43.182456","-76.299175"
"NY","New York","Randolph","randolph","cdp","42.16229","-78.97969"
"NY","New York","Ransomville","ransomville","cdp","43.239624","-78.912863"
"NY","New York","Rapids","rapids","cdp","43.097626","-78.644065"
"NY","New York","Ravena","ravena","village","42.475546","-73.811214"
"NY","New York","Red Creek","red creek","village","43.247903","-76.722852"
"NY","New York","Red Hook","red hook","village","41.995785","-73.876511"
"NY","New York","Red Oaks Mill","red oaks mill","cdp","41.650959","-73.873444"
"NY","New York","Redford","redford","cdp","44.606497","-73.808905"
"NY","New York","Redwood","redwood","cdp","44.298188","-75.80788"
"NY","New York","Remsen","remsen","village","43.328217","-75.186993"
"NY","New York","Remsenburg-Speonk","remsenburg speonk","cdp","40.816233","-72.705765"
"NY","New York","Rensselaer","rensselaer","city","42.64574","-73.732513"
"NY","New York","Rensselaer Falls","rensselaer falls","village","44.59077","-75.319795"
"NY","New York","Retsof","retsof","cdp","42.832436","-77.875748"
"NY","New York","Rhinebeck","rhinebeck","village","41.928804","-73.910284"
"NY","New York","Rhinecliff","rhinecliff","cdp","41.924369","-73.941058"
"NY","New York","Richburg","richburg","village","42.088765","-78.156512"
"NY","New York","Richfield Springs","richfield springs","village","42.853703","-74.986227"
"NY","New York","Richmondville","richmondville","village","42.633455","-74.562821"
"NY","New York","Richville","richville","village","44.41507","-75.392454"
"NY","New York","Ridge","ridge","cdp","40.903814","-72.88588"
"NY","New York","Rifton","rifton","cdp","41.829667","-74.037954"
"NY","New York","Ripley","ripley","cdp","42.265686","-79.712302"
"NY","New York","Riverhead","riverhead","cdp","40.951315","-72.676056"
"NY","New York","Riverside","riverside","cdp","40.905087","-72.671719"
"NY","New York","Riverside","riverside","village","42.156032","-77.079167"
"NY","New York","Rochester","rochester","city","43.169927","-77.616891"
"NY","New York","Rochester Institute of Technology","rochester institute of technology","cdp","43.084746","-77.672776"
"NY","New York","Rock Hill","rock hill","cdp","41.618882","-74.589818"
"NY","New York","Rockville Centre","rockville centre","village","40.664024","-73.638048"
"NY","New York","Rocky Point","rocky point","cdp","40.939825","-72.936301"
"NY","New York","Rodman","rodman","cdp","43.851657","-75.942085"
"NY","New York","Roessleville","roessleville","cdp","42.696899","-73.79548"
"NY","New York","Rome","rome","city","43.226002","-75.489523"
"NY","New York","Romulus","romulus","cdp","42.751799","-76.835069"
"NY","New York","Ronkonkoma","ronkonkoma","cdp","40.803529","-73.124548"
"NY","New York","Roosevelt","roosevelt","cdp","40.679422","-73.583372"
"NY","New York","Roscoe","roscoe","cdp","41.940674","-74.913062"
"NY","New York","Rosendale","rosendale","cdp","41.849081","-74.073579"
"NY","New York","Roslyn","roslyn","village","40.799816","-73.650424"
"NY","New York","Roslyn Estates","roslyn estates","village","40.793672","-73.661217"
"NY","New York","Roslyn Harbor","roslyn harbor","village","40.811234","-73.640582"
"NY","New York","Roslyn Heights","roslyn heights","cdp","40.778746","-73.639593"
"NY","New York","Rotterdam","rotterdam","cdp","42.779353","-73.960142"
"NY","New York","Round Lake","round lake","village","42.937669","-73.795669"
"NY","New York","Round Top","round top","cdp","42.260675","-74.031311"
"NY","New York","Rouses Point","rouses point","village","44.991248","-73.36368"
"NY","New York","Ruby","ruby","cdp","42.014294","-74.009376"
"NY","New York","Rushford","rushford","cdp","42.389253","-78.252645"
"NY","New York","Rushville","rushville","village","42.761231","-77.228012"
"NY","New York","Russell Gardens","russell gardens","village","40.780892","-73.725451"
"NY","New York","Rye","rye","city","40.944738","-73.686374"
"NY","New York","Rye Brook","rye brook","village","41.030003","-73.686354"
"NY","New York","Sackets Harbor","sackets harbor","village","43.938252","-76.112906"
"NY","New York","Saddle Rock","saddle rock","village","40.79438","-73.749278"
"NY","New York","Saddle Rock Estates","saddle rock estates","cdp","40.793949","-73.741499"
"NY","New York","Sag Harbor","sag harbor","village","40.994274","-72.288503"
"NY","New York","Sagaponack","sagaponack","village","40.930895","-72.268719"
"NY","New York","Salamanca","salamanca","city","42.164734","-78.741263"
"NY","New York","Salem","salem","cdp","43.172667","-73.326617"
"NY","New York","Salisbury","salisbury","cdp","40.745822","-73.56033"
"NY","New York","Salisbury Center","salisbury center","cdp","43.141658","-74.775851"
"NY","New York","Salisbury Mills","salisbury mills","cdp","41.432323","-74.106274"
"NY","New York","Salt Point","salt point","cdp","41.807801","-73.788022"
"NY","New York","Saltaire","saltaire","village","40.638072","-73.194717"
"NY","New York","Sanborn","sanborn","cdp","43.145054","-78.877748"
"NY","New York","Sand Ridge","sand ridge","cdp","43.255658","-76.229995"
"NY","New York","Sands Point","sands point","village","40.85343","-73.703586"
"NY","New York","Sandy Creek","sandy creek","village","43.643373","-76.086334"
"NY","New York","Saranac Lake","saranac lake","village","44.325942","-74.130929"
"NY","New York","Saratoga Springs","saratoga springs","city","43.067704","-73.778142"
"NY","New York","Saugerties","saugerties","village","42.074188","-73.941853"
"NY","New York","Saugerties South","saugerties south","cdp","42.061783","-73.952466"
"NY","New York","Savannah","savannah","cdp","43.06671","-76.759543"
"NY","New York","Savona","savona","village","42.283074","-77.22365"
"NY","New York","Sayville","sayville","cdp","40.747588","-73.085232"
"NY","New York","Scarsdale","scarsdale","village","40.993614","-73.777201"
"NY","New York","Schaghticoke","schaghticoke","village","42.901427","-73.5896"
"NY","New York","Schenectady","schenectady","city","42.802641","-73.9272"
"NY","New York","Schenevus","schenevus","cdp","42.549673","-74.826932"
"NY","New York","Schoharie","schoharie","village","42.66663","-74.313304"
"NY","New York","Schroon Lake","schroon lake","cdp","43.835063","-73.766919"
"NY","New York","Schuyler Lake","schuyler lake","cdp","42.778647","-75.033516"
"NY","New York","Schuylerville","schuylerville","village","43.100977","-73.581243"
"NY","New York","Scio","scio","cdp","42.173212","-77.979508"
"NY","New York","Scotchtown","scotchtown","cdp","41.476185","-74.365358"
"NY","New York","Scotia","scotia","village","42.832014","-73.960402"
"NY","New York","Scotts Corners","scotts corners","cdp","41.188877","-73.556069"
"NY","New York","Scottsburg","scottsburg","cdp","42.663823","-77.712307"
"NY","New York","Scottsville","scottsville","village","43.022277","-77.753378"
"NY","New York","Sea Cliff","sea cliff","village","40.846158","-73.65043"
"NY","New York","Seaford","seaford","cdp","40.66624","-73.49264"
"NY","New York","Searingtown","searingtown","cdp","40.77047","-73.660335"
"NY","New York","Selden","selden","cdp","40.871444","-73.046615"
"NY","New York","Seneca Falls","seneca falls","cdp","42.911607","-76.797058"
"NY","New York","Seneca Knolls","seneca knolls","cdp","43.12009","-76.28731"
"NY","New York","Setauket","setauket","cdp","40.948859","-73.115085"
"NY","New York","Sharon Springs","sharon springs","village","42.793006","-74.612835"
"NY","New York","Shelter Island","shelter island","cdp","41.05532","-72.297129"
"NY","New York","Shelter Island Heights","shelter island heights","cdp","41.055473","-72.360384"
"NY","New York","Shenorock","shenorock","cdp","41.330959","-73.740602"
"NY","New York","Sherburne","sherburne","village","42.680648","-75.496499"
"NY","New York","Sherman","sherman","village","42.159234","-79.594253"
"NY","New York","Sherrill","sherrill","city","43.070439","-75.599216"
"NY","New York","Shinnecock Hills","shinnecock hills","cdp","40.888612","-72.452751"
"NY","New York","Shirley","shirley","cdp","40.793602","-72.875911"
"NY","New York","Shokan","shokan","cdp","41.980914","-74.212962"
"NY","New York","Shoreham","shoreham","village","40.957097","-72.907054"
"NY","New York","Shorehaven","shorehaven","cdp","41.560697","-73.664134"
"NY","New York","Shortsville","shortsville","village","42.95566","-77.222622"
"NY","New York","Shrub Oak","shrub oak","cdp","41.327335","-73.82989"
"NY","New York","Sidney","sidney","village","42.308338","-75.397789"
"NY","New York","Siena College","siena college","cdp","42.719","-73.750045"
"NY","New York","Silver Creek","silver creek","village","42.541155","-79.168995"
"NY","New York","Silver Springs","silver springs","village","42.660089","-78.084463"
"NY","New York","Sinclairville","sinclairville","village","42.265342","-79.259038"
"NY","New York","Skaneateles","skaneateles","village","42.947282","-76.428488"
"NY","New York","Slaterville Springs","slaterville springs","cdp","42.397268","-76.344394"
"NY","New York","Sleepy Hollow","sleepy hollow","village","41.097514","-73.869641"
"NY","New York","Sleepy Hollow Lake","sleepy hollow lake","cdp","42.303597","-73.810564"
"NY","New York","Sloan","sloan","village","42.892231","-78.791537"
"NY","New York","Sloatsburg","sloatsburg","village","41.162046","-74.190873"
"NY","New York","Smallwood","smallwood","cdp","41.660317","-74.814224"
"NY","New York","Smithtown","smithtown","cdp","40.857482","-73.21667"
"NY","New York","Smithville Flats","smithville flats","cdp","42.394324","-75.810584"
"NY","New York","Smyrna","smyrna","village","42.686925","-75.568689"
"NY","New York","Sodus","sodus","village","43.237102","-77.062753"
"NY","New York","Sodus Point","sodus point","village","43.264812","-76.996133"
"NY","New York","Solvay","solvay","village","43.057059","-76.212283"
"NY","New York","Sound Beach","sound beach","cdp","40.96286","-72.970764"
"NY","New York","South Blooming Grove","south blooming grove","village","41.373695","-74.16703"
"NY","New York","South Cairo","south cairo","cdp","42.268436","-73.955829"
"NY","New York","South Corning","south corning","village","42.126182","-77.03556"
"NY","New York","South Dayton","south dayton","village","42.362827","-79.050993"
"NY","New York","South Edmeston","south edmeston","cdp","42.685431","-75.311369"
"NY","New York","South Fallsburg","south fallsburg","cdp","41.703874","-74.632563"
"NY","New York","South Farmingdale","south farmingdale","cdp","40.716886","-73.448606"
"NY","New York","South Floral Park","south floral park","village","40.713507","-73.700442"
"NY","New York","South Glens Falls","south glens falls","village","43.29441","-73.633636"
"NY","New York","South Hempstead","south hempstead","cdp","40.68134","-73.623334"
"NY","New York","South Hill","south hill","cdp","42.410326","-76.492149"
"NY","New York","South Huntington","south huntington","cdp","40.822505","-73.392162"
"NY","New York","South Ilion","south ilion","cdp","42.993863","-75.055038"
"NY","New York","South Lansing","south lansing","cdp","42.532462","-76.496336"
"NY","New York","South Lima","south lima","cdp","42.85744","-77.676039"
"NY","New York","South Lockport","south lockport","cdp","43.137383","-78.682773"
"NY","New York","South Valley Stream","south valley stream","cdp","40.655792","-73.718538"
"NY","New York","Southampton","southampton","village","40.876617","-72.403089"
"NY","New York","Southold","southold","cdp","41.065368","-72.429783"
"NY","New York","Southport","southport","cdp","42.064682","-76.822465"
"NY","New York","Spackenkill","spackenkill","cdp","41.654009","-73.911367"
"NY","New York","Sparkill","sparkill","cdp","41.028907","-73.933284"
"NY","New York","Sparrow Bush","sparrow bush","cdp","41.400879","-74.707933"
"NY","New York","Speculator","speculator","village","43.57604","-74.356232"
"NY","New York","Spencer","spencer","village","42.215085","-76.494685"
"NY","New York","Spencerport","spencerport","village","43.18838","-77.807434"
"NY","New York","Spring Valley","spring valley","village","41.114567","-74.048712"
"NY","New York","Springfield Center","springfield center","cdp","42.835029","-74.872142"
"NY","New York","Springs","springs","cdp","41.03112","-72.159656"
"NY","New York","Springville","springville","village","42.508067","-78.669361"
"NY","New York","Springwater","springwater","cdp","42.63499","-77.596423"
"NY","New York","St. Bonaventure","st bonaventure","cdp","42.079422","-78.474193"
"NY","New York","St. James","st james","cdp","40.876403","-73.152102"
"NY","New York","St. John Fisher College","st john fisher college","cdp","43.114276","-77.510747"
"NY","New York","St. Johnsville","st johnsville","village","43.000638","-74.67596"
"NY","New York","St. Regis Falls","st regis falls","cdp","44.676385","-74.530951"
"NY","New York","Staatsburg","staatsburg","cdp","41.853257","-73.922231"
"NY","New York","Stamford","stamford","village","42.409103","-74.617032"
"NY","New York","Stannards","stannards","cdp","42.074123","-77.912282"
"NY","New York","Star Lake","star lake","cdp","44.169532","-75.038902"
"NY","New York","Stewart Manor","stewart manor","village","40.720118","-73.685412"
"NY","New York","Stillwater","stillwater","village","42.946539","-73.639266"
"NY","New York","Stittville","stittville","cdp","43.225129","-75.288486"
"NY","New York","Stone Ridge","stone ridge","cdp","41.846722","-74.154549"
"NY","New York","Stony Brook","stony brook","cdp","40.907804","-73.127479"
"NY","New York","Stony Brook University","stony brook university","cdp","40.909812","-73.121696"
"NY","New York","Stony Point","stony point","cdp","41.229379","-73.997646"
"NY","New York","Stottville","stottville","cdp","42.293705","-73.760803"
"NY","New York","Strykersville","strykersville","cdp","42.706312","-78.444112"
"NY","New York","Suffern","suffern","village","41.111983","-74.141382"
"NY","New York","Sunset Bay","sunset bay","cdp","42.56144","-79.129749"
"NY","New York","SUNY Oswego","suny oswego","cdp","43.456254","-76.541875"
"NY","New York","Swan Lake","swan lake","cdp","41.760828","-74.783428"
"NY","New York","Sylvan Beach","sylvan beach","village","43.206652","-75.721431"
"NY","New York","Syosset","syosset","cdp","40.815682","-73.502025"
"NY","New York","Syracuse","syracuse","city","43.040998","-76.143554"
"NY","New York","Taconic Shores","taconic shores","cdp","42.116119","-73.555178"
"NY","New York","Tannersville","tannersville","village","42.193855","-74.134433"
"NY","New York","Tappan","tappan","cdp","41.025541","-73.951396"
"NY","New York","Tarrytown","tarrytown","village","41.065205","-73.866257"
"NY","New York","Terryville","terryville","cdp","40.909259","-73.048662"
"NY","New York","Thendara","thendara","cdp","43.703769","-74.9969"
"NY","New York","Theresa","theresa","village","44.215541","-75.79594"
"NY","New York","Thiells","thiells","cdp","41.204445","-74.012659"
"NY","New York","Thomaston","thomaston","village","40.78752","-73.715158"
"NY","New York","Thornwood","thornwood","cdp","41.118374","-73.779477"
"NY","New York","Thousand Island Park","thousand island park","cdp","44.286276","-76.025548"
"NY","New York","Three Mile Bay","three mile bay","cdp","44.084882","-76.197489"
"NY","New York","Ticonderoga","ticonderoga","cdp","43.842344","-73.423035"
"NY","New York","Tillson","tillson","cdp","41.830766","-74.072432"
"NY","New York","Tioga Terrace","tioga terrace","cdp","42.050714","-76.119744"
"NY","New York","Titusville","titusville","cdp","41.665846","-73.867477"
"NY","New York","Tivoli","tivoli","village","42.054459","-73.917204"
"NY","New York","Tonawanda","tonawanda","city","43.011935","-78.883443"
"NY","New York","Tonawanda Town","tonawanda town","cdp","42.985114","-78.875755"
"NY","New York","Town Line","town line","cdp","42.887821","-78.564936"
"NY","New York","Tribes Hill","tribes hill","cdp","42.94903","-74.299164"
"NY","New York","Troy","troy","city","42.735812","-73.675321"
"NY","New York","Trumansburg","trumansburg","village","42.540306","-76.663584"
"NY","New York","Tuckahoe","tuckahoe","cdp","40.903533","-72.435547"
"NY","New York","Tuckahoe","tuckahoe","village","40.953147","-73.822944"
"NY","New York","Tully","tully","village","42.798186","-76.110237"
"NY","New York","Tupper Lake","tupper lake","village","44.229821","-74.461853"
"NY","New York","Turin","turin","village","43.629311","-75.410634"
"NY","New York","Tuscarora","tuscarora","cdp","42.634502","-77.869416"
"NY","New York","Tuxedo","tuxedo","village","41.242006","-74.171688"
"NY","New York","Tuxedo Park","tuxedo park","village","41.197024","-74.210391"
"NY","New York","Unadilla","unadilla","village","42.327416","-75.314889"
"NY","New York","Unadilla Forks","unadilla forks","cdp","42.849625","-75.23086"
"NY","New York","Union Springs","union springs","village","42.846675","-76.686139"
"NY","New York","Uniondale","uniondale","cdp","40.717593","-73.594656"
"NY","New York","Unionville","unionville","village","41.301523","-74.562178"
"NY","New York","University at Buffalo","university at buffalo","cdp","42.999308","-78.787566"
"NY","New York","University Gardens","university gardens","cdp","40.775089","-73.727922"
"NY","New York","Upper Brookville","upper brookville","village","40.847499","-73.562901"
"NY","New York","Upper Nyack","upper nyack","village","41.120954","-73.91078"
"NY","New York","Upper Red Hook","upper red hook","cdp","42.026142","-73.845587"
"NY","New York","Utica","utica","city","43.096382","-75.225983"
"NY","New York","Vails Gate","vails gate","cdp","41.458923","-74.053247"
"NY","New York","Valatie","valatie","village","42.41308","-73.677759"
"NY","New York","Valhalla","valhalla","cdp","41.077528","-73.777916"
"NY","New York","Valley Cottage","valley cottage","cdp","41.115486","-73.943534"
"NY","New York","Valley Falls","valley falls","village","42.90062","-73.562508"
"NY","New York","Valley Stream","valley stream","village","40.664747","-73.704902"
"NY","New York","Van Etten","van etten","cdp","42.196944","-76.553541"
"NY","New York","Varna","varna","cdp","42.452575","-76.438209"
"NY","New York","Vassar College","vassar college","cdp","41.687075","-73.892305"
"NY","New York","Vernon","vernon","village","43.079195","-75.538561"
"NY","New York","Verona","verona","cdp","43.13675","-75.571694"
"NY","New York","Verplanck","verplanck","cdp","41.254253","-73.961153"
"NY","New York","Victor","victor","village","42.982086","-77.409829"
"NY","New York","Victory","victory","village","43.091857","-73.591758"
"NY","New York","Village Green","village green","cdp","43.133128","-76.313518"
"NY","New York","Village of the Branch","village of the branch","village","40.853368","-73.18223"
"NY","New York","Viola","viola","cdp","41.126135","-74.083415"
"NY","New York","Virgil","virgil","cdp","42.514147","-76.20009"
"NY","New York","Voorheesville","voorheesville","village","42.653662","-73.934268"
"NY","New York","Waddington","waddington","village","44.861324","-75.197228"
"NY","New York","Wading River","wading river","cdp","40.95358","-72.814925"
"NY","New York","Wadsworth","wadsworth","cdp","42.821447","-77.893875"
"NY","New York","Wainscott","wainscott","cdp","40.954784","-72.255312"
"NY","New York","Walden","walden","village","41.559952","-74.188242"
"NY","New York","Walker Valley","walker valley","cdp","41.642408","-74.370932"
"NY","New York","Wallkill","wallkill","cdp","41.608446","-74.164625"
"NY","New York","Walton","walton","village","42.169811","-75.130478"
"NY","New York","Walton Park","walton park","cdp","41.313967","-74.225079"
"NY","New York","Walworth","walworth","cdp","43.13963","-77.279239"
"NY","New York","Wampsville","wampsville","village","43.077395","-75.711475"
"NY","New York","Wanakah","wanakah","cdp","42.743635","-78.902497"
"NY","New York","Wantagh","wantagh","cdp","40.667859","-73.510464"
"NY","New York","Wappingers Falls","wappingers falls","village","41.598156","-73.916945"
"NY","New York","Warrensburg","warrensburg","cdp","43.510915","-73.769833"
"NY","New York","Warsaw","warsaw","village","42.742788","-78.14079"
"NY","New York","Warwick","warwick","village","41.255244","-74.354722"
"NY","New York","Washington Heights","washington heights","cdp","41.474274","-74.411523"
"NY","New York","Washington Mills","washington mills","cdp","43.047863","-75.280984"
"NY","New York","Washingtonville","washingtonville","village","41.428481","-74.158574"
"NY","New York","Wassaic","wassaic","cdp","41.806453","-73.559306"
"NY","New York","Watchtower","watchtower","cdp","41.637028","-74.262554"
"NY","New York","Water Mill","water mill","cdp","40.922393","-72.350704"
"NY","New York","Waterford","waterford","village","42.792068","-73.678827"
"NY","New York","Waterloo","waterloo","village","42.904586","-76.859023"
"NY","New York","Watertown","watertown","city","43.973292","-75.910039"
"NY","New York","Waterville","waterville","village","42.930589","-75.380202"
"NY","New York","Watervliet","watervliet","city","42.724883","-73.707011"
"NY","New York","Watkins Glen","watkins glen","village","42.380549","-76.866987"
"NY","New York","Waverly","waverly","village","42.012724","-76.540007"
"NY","New York","Wayland","wayland","village","42.562845","-77.595873"
"NY","New York","Webster","webster","village","43.216387","-77.4219"
"NY","New York","Websters Crossing","websters crossing","cdp","42.666093","-77.636792"
"NY","New York","Weedsport","weedsport","village","43.048124","-76.563607"
"NY","New York","Wells","wells","cdp","43.391658","-74.300026"
"NY","New York","Wells Bridge","wells bridge","cdp","42.371137","-75.243221"
"NY","New York","Wellsburg","wellsburg","village","42.013311","-76.730034"
"NY","New York","Wellsville","wellsville","village","42.120705","-77.94573"
"NY","New York","Wesley Hills","wesley hills","village","41.157577","-74.079012"
"NY","New York","West Babylon","west babylon","cdp","40.712417","-73.359727"
"NY","New York","West Bay Shore","west bay shore","cdp","40.70167","-73.260107"
"NY","New York","West Carthage","west carthage","village","43.973623","-75.621561"
"NY","New York","West Chazy","west chazy","cdp","44.817845","-73.511729"
"NY","New York","West Danby","west danby","cdp","42.324518","-76.533405"
"NY","New York","West Elmira","west elmira","cdp","42.087725","-76.843282"
"NY","New York","West End","west end","cdp","42.476294","-75.092354"
"NY","New York","West Glens Falls","west glens falls","cdp","43.304673","-73.695869"
"NY","New York","West Hampton Dunes","west hampton dunes","village","40.77877","-72.706733"
"NY","New York","West Haverstraw","west haverstraw","village","41.206306","-73.986782"
"NY","New York","West Hempstead","west hempstead","cdp","40.695816","-73.650454"
"NY","New York","West Hills","west hills","cdp","40.819938","-73.433923"
"NY","New York","West Hurley","west hurley","cdp","42.0084","-74.109377"
"NY","New York","West Islip","west islip","cdp","40.702861","-73.295526"
"NY","New York","West Kill","west kill","cdp","42.215914","-74.389937"
"NY","New York","West Nyack","west nyack","cdp","41.09114","-73.968833"
"NY","New York","West Point","west point","cdp","41.360729","-74.019749"
"NY","New York","West Sand Lake","west sand lake","cdp","42.638166","-73.595383"
"NY","New York","West Sayville","west sayville","cdp","40.729739","-73.1052"
"NY","New York","West Seneca","west seneca","cdp","42.837777","-78.751233"
"NY","New York","West Valley","west valley","cdp","42.402452","-78.606127"
"NY","New York","West Winfield","west winfield","village","42.883783","-75.191375"
"NY","New York","Westbury","westbury","village","40.75988","-73.589185"
"NY","New York","Westernville","westernville","cdp","43.305438","-75.385492"
"NY","New York","Westfield","westfield","village","42.321826","-79.574765"
"NY","New York","Westford","westford","cdp","42.651208","-74.800457"
"NY","New York","Westhampton","westhampton","cdp","40.846782","-72.659916"
"NY","New York","Westhampton Beach","westhampton beach","village","40.806972","-72.645072"
"NY","New York","Westmere","westmere","cdp","42.688229","-73.873543"
"NY","New York","Westmoreland","westmoreland","cdp","43.114984","-75.402596"
"NY","New York","Weston Mills","weston mills","cdp","42.072999","-78.373711"
"NY","New York","Westport","westport","cdp","44.183105","-73.432645"
"NY","New York","Westvale","westvale","cdp","43.039939","-76.217567"
"NY","New York","Wheatley Heights","wheatley heights","cdp","40.762408","-73.370558"
"NY","New York","White Lake","white lake","cdp","43.542757","-75.148123"
"NY","New York","White Lake","white lake","cdp","41.680767","-74.838377"
"NY","New York","White Plains","white plains","city","41.0238","-73.751048"
"NY","New York","Whitehall","whitehall","village","43.546013","-73.433778"
"NY","New York","Whitesboro","whitesboro","village","43.123985","-75.296688"
"NY","New York","Whitney Point","whitney point","village","42.330568","-75.971618"
"NY","New York","Williamson","williamson","cdp","43.223399","-77.18444"
"NY","New York","Williamsville","williamsville","village","42.95825","-78.73952"
"NY","New York","Williston Park","williston park","village","40.758756","-73.646588"
"NY","New York","Willsboro","willsboro","cdp","44.363503","-73.393164"
"NY","New York","Willsboro Point","willsboro point","cdp","44.420608","-73.382663"
"NY","New York","Wilmington","wilmington","cdp","44.386878","-73.817171"
"NY","New York","Wilson","wilson","village","43.314672","-78.828447"
"NY","New York","Windham","windham","cdp","42.314107","-74.248737"
"NY","New York","Windsor","windsor","village","42.077246","-75.640515"
"NY","New York","Wingdale","wingdale","cdp","41.635455","-73.56994"
"NY","New York","Winthrop","winthrop","cdp","44.803639","-74.809951"
"NY","New York","Witherbee","witherbee","cdp","44.08232","-73.533842"
"NY","New York","Wolcott","wolcott","village","43.222785","-76.812133"
"NY","New York","Woodbourne","woodbourne","cdp","41.761057","-74.597721"
"NY","New York","Woodbury","woodbury","cdp","40.820208","-73.47245"
"NY","New York","Woodbury","woodbury","village","41.327541","-74.102111"
"NY","New York","Woodmere","woodmere","cdp","40.637358","-73.721186"
"NY","New York","Woodridge","woodridge","village","41.718402","-74.579965"
"NY","New York","Woodsburgh","woodsburgh","village","40.621197","-73.706215"
"NY","New York","Woodstock","woodstock","cdp","42.043168","-74.116682"
"NY","New York","Woodsville","woodsville","cdp","42.579024","-77.733838"
"NY","New York","Worcester","worcester","cdp","42.614122","-74.739808"
"NY","New York","Wurtsboro","wurtsboro","village","41.576093","-74.485648"
"NY","New York","Wurtsboro Hills","wurtsboro hills","cdp","41.595959","-74.510144"
"NY","New York","Wyandanch","wyandanch","cdp","40.749143","-73.363525"
"NY","New York","Wynantskill","wynantskill","cdp","42.688881","-73.644722"
"NY","New York","Wyoming","wyoming","village","42.824021","-78.084449"
"NY","New York","Yaphank","yaphank","cdp","40.83101","-72.93165"
"NY","New York","Yonkers","yonkers","city","40.945862","-73.867446"
"NY","New York","York","york","cdp","42.869559","-77.887228"
"NY","New York","Yorkshire","yorkshire","cdp","42.523364","-78.475525"
"NY","New York","Yorktown Heights","yorktown heights","cdp","41.270592","-73.774708"
"NY","New York","Yorkville","yorkville","village","43.112448","-75.273964"
"NY","New York","Youngstown","youngstown","village","43.249552","-79.042228"
"NY","New York","Zena","zena","cdp","42.023421","-74.085344"
"PA","Pennsylvania","Aaronsburg","aaronsburg","cdp","40.904233","-77.451316"
"PA","Pennsylvania","Aaronsburg","aaronsburg","cdp","40.010823","-80.000926"
"PA","Pennsylvania","Abbottstown","abbottstown","borough","39.881766","-76.992777"
"PA","Pennsylvania","Ackermanville","ackermanville","cdp","40.83404","-75.226474"
"PA","Pennsylvania","Acosta","acosta","cdp","40.109981","-79.069856"
"PA","Pennsylvania","Adamsburg","adamsburg","borough","40.312434","-79.654279"
"PA","Pennsylvania","Adamstown","adamstown","borough","40.244477","-76.064701"
"PA","Pennsylvania","Adamsville","adamsville","cdp","41.511107","-80.371471"
"PA","Pennsylvania","Addison","addison","borough","39.745247","-79.334349"
"PA","Pennsylvania","Akron","akron","borough","40.157809","-76.203373"
"PA","Pennsylvania","Alba","alba","borough","41.705934","-76.827636"
"PA","Pennsylvania","Albion","albion","borough","41.890023","-80.36478"
"PA","Pennsylvania","Albrightsville","albrightsville","cdp","41.01168","-75.606829"
"PA","Pennsylvania","Alburtis","alburtis","borough","40.506632","-75.600226"
"PA","Pennsylvania","Aldan","aldan","borough","39.92241","-75.288119"
"PA","Pennsylvania","Alexandria","alexandria","borough","40.558438","-78.099883"
"PA","Pennsylvania","Alfarata","alfarata","cdp","40.661867","-77.455851"
"PA","Pennsylvania","Aliquippa","aliquippa","city","40.615827","-80.255162"
"PA","Pennsylvania","Alleghenyville","alleghenyville","cdp","40.234057","-75.97757"
"PA","Pennsylvania","Allenport","allenport","borough","40.088805","-79.859395"
"PA","Pennsylvania","Allenport","allenport","cdp","40.367646","-77.874092"
"PA","Pennsylvania","Allensville","allensville","cdp","40.529336","-77.811249"
"PA","Pennsylvania","Allentown","allentown","city","40.593648","-75.478393"
"PA","Pennsylvania","Allenwood","allenwood","cdp","41.108096","-76.898157"
"PA","Pennsylvania","Allison","allison","cdp","39.985305","-79.873134"
"PA","Pennsylvania","Allison Park","allison park","cdp","40.573021","-79.960294"
"PA","Pennsylvania","Allport","allport","cdp","40.966539","-78.204948"
"PA","Pennsylvania","Almedia","almedia","cdp","41.014286","-76.384604"
"PA","Pennsylvania","Alsace Manor","alsace manor","cdp","40.397188","-75.855654"
"PA","Pennsylvania","Altamont","altamont","cdp","40.784965","-76.216932"
"PA","Pennsylvania","Altoona","altoona","city","40.508052","-78.401114"
"PA","Pennsylvania","Alverda","alverda","cdp","40.634542","-78.858396"
"PA","Pennsylvania","Ambler","ambler","borough","40.156385","-75.221532"
"PA","Pennsylvania","Ambridge","ambridge","borough","40.591646","-80.226911"
"PA","Pennsylvania","Ambridge Heights","ambridge heights","cdp","40.592832","-80.214116"
"PA","Pennsylvania","Amity Gardens","amity gardens","cdp","40.269351","-75.730789"
"PA","Pennsylvania","Ancient Oaks","ancient oaks","cdp","40.536139","-75.58578"
"PA","Pennsylvania","Andalusia","andalusia","cdp","40.068274","-74.972149"
"PA","Pennsylvania","Annville","annville","cdp","40.332505","-76.507684"
"PA","Pennsylvania","Apollo","apollo","borough","40.585004","-79.564677"
"PA","Pennsylvania","Applewold","applewold","borough","40.808227","-79.522029"
"PA","Pennsylvania","Arcadia University","arcadia university","cdp","40.091545","-75.165241"
"PA","Pennsylvania","Archbald","archbald","borough","41.506438","-75.550459"
"PA","Pennsylvania","Ardmore","ardmore","cdp","40.003242","-75.294739"
"PA","Pennsylvania","Arendtsville","arendtsville","borough","39.923296","-77.299903"
"PA","Pennsylvania","Aristes","aristes","cdp","40.814382","-76.33677"
"PA","Pennsylvania","Arlington Heights","arlington heights","cdp","41.000062","-75.208272"
"PA","Pennsylvania","Armagh","armagh","borough","40.453632","-79.032451"
"PA","Pennsylvania","Arnold","arnold","city","40.578916","-79.765293"
"PA","Pennsylvania","Arnold City","arnold city","cdp","40.117314","-79.822597"
"PA","Pennsylvania","Arnot","arnot","cdp","41.661573","-77.12216"
"PA","Pennsylvania","Arona","arona","borough","40.268182","-79.655373"
"PA","Pennsylvania","Ashland","ashland","borough","40.781106","-76.345046"
"PA","Pennsylvania","Ashley","ashley","borough","41.212727","-75.899363"
"PA","Pennsylvania","Ashville","ashville","borough","40.560018","-78.547344"
"PA","Pennsylvania","Aspers","aspers","cdp","39.978659","-77.227331"
"PA","Pennsylvania","Aspinwall","aspinwall","borough","40.492789","-79.90306"
"PA","Pennsylvania","Atglen","atglen","borough","39.947508","-75.974987"
"PA","Pennsylvania","Athens","athens","borough","41.937461","-76.513961"
"PA","Pennsylvania","Atkinson Mills","atkinson mills","cdp","40.449273","-77.803428"
"PA","Pennsylvania","Atlantic","atlantic","cdp","41.505256","-80.340579"
"PA","Pennsylvania","Atlas","atlas","cdp","40.797422","-76.42833"
"PA","Pennsylvania","Atlasburg","atlasburg","cdp","40.343541","-80.380339"
"PA","Pennsylvania","Atwood","atwood","borough","40.751483","-79.252111"
"PA","Pennsylvania","Auburn","auburn","borough","40.595403","-76.097239"
"PA","Pennsylvania","Audubon","audubon","cdp","40.13034","-75.42802"
"PA","Pennsylvania","Austin","austin","borough","41.637306","-78.090335"
"PA","Pennsylvania","Avalon","avalon","borough","40.501162","-80.068531"
"PA","Pennsylvania","Avella","avella","cdp","40.273657","-80.467216"
"PA","Pennsylvania","Avis","avis","borough","41.185691","-77.316486"
"PA","Pennsylvania","Avoca","avoca","borough","41.338182","-75.742232"
"PA","Pennsylvania","Avon","avon","cdp","40.342605","-76.379283"
"PA","Pennsylvania","Avondale","avondale","borough","39.826215","-75.781343"
"PA","Pennsylvania","Avonia","avonia","cdp","42.048505","-80.28361"
"PA","Pennsylvania","Avonmore","avonmore","borough","40.52715","-79.469786"
"PA","Pennsylvania","Baden","baden","borough","40.639695","-80.222537"
"PA","Pennsylvania","Baidland","baidland","cdp","40.188737","-79.954985"
"PA","Pennsylvania","Baileyville","baileyville","cdp","40.712067","-77.996053"
"PA","Pennsylvania","Bainbridge","bainbridge","cdp","40.089845","-76.655069"
"PA","Pennsylvania","Bairdford","bairdford","cdp","40.627904","-79.881254"
"PA","Pennsylvania","Bakerstown","bakerstown","cdp","40.65377","-79.939457"
"PA","Pennsylvania","Bala Cynwyd","bala cynwyd","cdp","40.011608","-75.227892"
"PA","Pennsylvania","Bald Eagle","bald eagle","cdp","40.719476","-78.187234"
"PA","Pennsylvania","Baldwin","baldwin","borough","40.380642","-79.945203"
"PA","Pennsylvania","Bally","bally","borough","40.400447","-75.587617"
"PA","Pennsylvania","Bangor","bangor","borough","40.867969","-75.208481"
"PA","Pennsylvania","Barkeyville","barkeyville","borough","41.196557","-79.982568"
"PA","Pennsylvania","Barrville","barrville","cdp","40.668232","-77.682222"
"PA","Pennsylvania","Bath","bath","borough","40.729195","-75.390593"
"PA","Pennsylvania","Baumstown","baumstown","cdp","40.277284","-75.81188"
"PA","Pennsylvania","Beallsville","beallsville","borough","40.061904","-80.030231"
"PA","Pennsylvania","Bear Creek Village","bear creek village","borough","41.186018","-75.753988"
"PA","Pennsylvania","Bear Lake","bear lake","borough","41.993404","-79.501342"
"PA","Pennsylvania","Bear Rocks","bear rocks","cdp","40.127496","-79.463621"
"PA","Pennsylvania","Beaver","beaver","borough","40.693538","-80.307582"
"PA","Pennsylvania","Beaver Falls","beaver falls","city","40.759401","-80.322551"
"PA","Pennsylvania","Beaver Meadows","beaver meadows","borough","40.929892","-75.913105"
"PA","Pennsylvania","Beaver Springs","beaver springs","cdp","40.744823","-77.216216"
"PA","Pennsylvania","Beaverdale","beaverdale","cdp","40.325973","-78.698031"
"PA","Pennsylvania","Beavertown","beavertown","borough","40.749664","-77.170985"
"PA","Pennsylvania","Beavertown","beavertown","cdp","40.373605","-78.237108"
"PA","Pennsylvania","Bechtelsville","bechtelsville","borough","40.370158","-75.630835"
"PA","Pennsylvania","Bedford","bedford","borough","40.015115","-78.503017"
"PA","Pennsylvania","Beech Creek","beech creek","borough","41.072748","-77.580412"
"PA","Pennsylvania","Beech Mountain Lakes","beech mountain lakes","cdp","41.043799","-75.931813"
"PA","Pennsylvania","Belfast","belfast","cdp","40.782132","-75.2743"
"PA","Pennsylvania","Bell Acres","bell acres","borough","40.589779","-80.173782"
"PA","Pennsylvania","Belle Vernon","belle vernon","borough","40.123385","-79.862037"
"PA","Pennsylvania","Bellefonte","bellefonte","borough","40.914213","-77.768197"
"PA","Pennsylvania","Belleville","belleville","cdp","40.606583","-77.719782"
"PA","Pennsylvania","Bellevue","bellevue","borough","40.49395","-80.055342"
"PA","Pennsylvania","Bellwood","bellwood","borough","40.600677","-78.333271"
"PA","Pennsylvania","Belmont","belmont","cdp","40.281262","-78.884561"
"PA","Pennsylvania","Belsano","belsano","cdp","40.519833","-78.871136"
"PA","Pennsylvania","Ben Avon","ben avon","borough","40.505159","-80.082138"
"PA","Pennsylvania","Ben Avon Heights","ben avon heights","borough","40.512545","-80.073081"
"PA","Pennsylvania","Bendersville","bendersville","borough","39.981276","-77.249315"
"PA","Pennsylvania","Benson","benson","borough","40.202742","-78.929348"
"PA","Pennsylvania","Bentleyville","bentleyville","borough","40.117846","-80.00442"
"PA","Pennsylvania","Benton","benton","borough","41.195691","-76.384254"
"PA","Pennsylvania","Berlin","berlin","borough","39.921523","-78.950859"
"PA","Pennsylvania","Bernville","bernville","borough","40.433758","-76.111172"
"PA","Pennsylvania","Berrysburg","berrysburg","borough","40.602935","-76.810105"
"PA","Pennsylvania","Berwick","berwick","borough","41.05499","-76.25101"
"PA","Pennsylvania","Berwyn","berwyn","cdp","40.038794","-75.442087"
"PA","Pennsylvania","Bessemer","bessemer","borough","40.977156","-80.488722"
"PA","Pennsylvania","Bethany","bethany","borough","41.614398","-75.288511"
"PA","Pennsylvania","Bethel","bethel","cdp","40.476483","-76.28797"
"PA","Pennsylvania","Bethel Park","bethel park","municipality","40.323803","-80.036421"
"PA","Pennsylvania","Bethlehem","bethlehem","city","40.626424","-75.367898"
"PA","Pennsylvania","Beurys Lake","beurys lake","cdp","40.717827","-76.379918"
"PA","Pennsylvania","Big Bass Lake","big bass lake","cdp","41.249749","-75.479672"
"PA","Pennsylvania","Big Beaver","big beaver","borough","40.82264","-80.357679"
"PA","Pennsylvania","Big Run","big run","borough","40.970657","-78.877426"
"PA","Pennsylvania","Bigler","bigler","cdp","40.987489","-78.309334"
"PA","Pennsylvania","Biglerville","biglerville","borough","39.929513","-77.246842"
"PA","Pennsylvania","Birchwood Lakes","birchwood lakes","cdp","41.250911","-74.910728"
"PA","Pennsylvania","Bird-in-Hand","bird in hand","cdp","40.036657","-76.189542"
"PA","Pennsylvania","Birdsboro","birdsboro","borough","40.262329","-75.810113"
"PA","Pennsylvania","Birmingham","birmingham","borough","40.647154","-78.195685"
"PA","Pennsylvania","Black Lick","black lick","cdp","40.469136","-79.188058"
"PA","Pennsylvania","Blain","blain","borough","40.336518","-77.512368"
"PA","Pennsylvania","Blain City","blain city","cdp","40.756883","-78.53111"
"PA","Pennsylvania","Blaine Hill","blaine hill","cdp","40.274086","-79.874456"
"PA","Pennsylvania","Blairsville","blairsville","borough","40.43249","-79.259881"
"PA","Pennsylvania","Blakely","blakely","borough","41.485933","-75.601255"
"PA","Pennsylvania","Blanchard","blanchard","cdp","41.067043","-77.605916"
"PA","Pennsylvania","Blandburg","blandburg","cdp","40.683698","-78.415837"
"PA","Pennsylvania","Blandon","blandon","cdp","40.44515","-75.879451"
"PA","Pennsylvania","Blawnox","blawnox","borough","40.493302","-79.859344"
"PA","Pennsylvania","Bloomfield","bloomfield","borough","40.418871","-77.188969"
"PA","Pennsylvania","Blooming Glen","blooming glen","cdp","40.368067","-75.240482"
"PA","Pennsylvania","Blooming Valley","blooming valley","borough","41.677013","-80.030887"
"PA","Pennsylvania","Bloomsburg","bloomsburg","town","41.002717","-76.45658"
"PA","Pennsylvania","Blossburg","blossburg","borough","41.679525","-77.068951"
"PA","Pennsylvania","Blue Ball","blue ball","cdp","40.111297","-76.055148"
"PA","Pennsylvania","Blue Bell","blue bell","cdp","40.147352","-75.26868"
"PA","Pennsylvania","Blue Knob","blue knob","cdp","40.352891","-78.553228"
"PA","Pennsylvania","Blue Ridge Summit","blue ridge summit","cdp","39.725562","-77.468754"
"PA","Pennsylvania","Boalsburg","boalsburg","cdp","40.777966","-77.774364"
"PA","Pennsylvania","Bobtown","bobtown","cdp","39.760344","-79.984788"
"PA","Pennsylvania","Boiling Springs","boiling springs","cdp","40.159332","-77.139919"
"PA","Pennsylvania","Bolivar","bolivar","borough","40.395006","-79.152089"
"PA","Pennsylvania","Bonneauville","bonneauville","borough","39.810426","-77.13626"
"PA","Pennsylvania","Boothwyn","boothwyn","cdp","39.835656","-75.445331"
"PA","Pennsylvania","Boston","boston","cdp","40.311678","-79.823518"
"PA","Pennsylvania","Boswell","boswell","borough","40.161484","-79.027467"
"PA","Pennsylvania","Bowers","bowers","cdp","40.485917","-75.74323"
"PA","Pennsylvania","Bowmanstown","bowmanstown","borough","40.801445","-75.661116"
"PA","Pennsylvania","Bowmansville","bowmansville","cdp","40.20173","-76.02103"
"PA","Pennsylvania","Boyers","boyers","cdp","41.107485","-79.900879"
"PA","Pennsylvania","Boyertown","boyertown","borough","40.33233","-75.637478"
"PA","Pennsylvania","Brackenridge","brackenridge","borough","40.607982","-79.740016"
"PA","Pennsylvania","Braddock","braddock","borough","40.401736","-79.868622"
"PA","Pennsylvania","Braddock Hills","braddock hills","borough","40.41456","-79.861273"
"PA","Pennsylvania","Bradenville","bradenville","cdp","40.323621","-79.340254"
"PA","Pennsylvania","Bradford","bradford","city","41.960963","-78.64088"
"PA","Pennsylvania","Bradford Woods","bradford woods","borough","40.636949","-80.0809"
"PA","Pennsylvania","Branchdale","branchdale","cdp","40.673193","-76.32223"
"PA","Pennsylvania","Brandonville","brandonville","cdp","40.860056","-76.168887"
"PA","Pennsylvania","Brave","brave","cdp","39.725568","-80.260241"
"PA","Pennsylvania","Breinigsville","breinigsville","cdp","40.538903","-75.634783"
"PA","Pennsylvania","Brentwood","brentwood","borough","40.373378","-79.975784"
"PA","Pennsylvania","Bressler","bressler","cdp","40.231928","-76.818973"
"PA","Pennsylvania","Briar Creek","briar creek","borough","41.049239","-76.284018"
"PA","Pennsylvania","Brickerville","brickerville","cdp","40.226828","-76.286485"
"PA","Pennsylvania","Bridgeport","bridgeport","borough","40.104072","-75.34355"
"PA","Pennsylvania","Bridgeville","bridgeville","borough","40.358204","-80.10755"
"PA","Pennsylvania","Bridgewater","bridgewater","borough","40.705077","-80.30041"
"PA","Pennsylvania","Brisbin","brisbin","borough","40.838548","-78.351235"
"PA","Pennsylvania","Bristol","bristol","borough","40.102767","-74.852347"
"PA","Pennsylvania","Brittany Farms-The Highlands","brittany farms the highlands","cdp","40.268509","-75.216644"
"PA","Pennsylvania","Broad Top City","broad top city","borough","40.20118","-78.140563"
"PA","Pennsylvania","Brockton","brockton","cdp","40.750778","-76.06761"
"PA","Pennsylvania","Brockway","brockway","borough","41.247102","-78.792415"
"PA","Pennsylvania","Brodheadsville","brodheadsville","cdp","40.928446","-75.401855"
"PA","Pennsylvania","Brookhaven","brookhaven","borough","39.871096","-75.391253"
"PA","Pennsylvania","Brooks Mill","brooks mill","cdp","40.373774","-78.423428"
"PA","Pennsylvania","Brookville","brookville","borough","41.161676","-79.082652"
"PA","Pennsylvania","Broomall","broomall","cdp","39.968823","-75.354127"
"PA","Pennsylvania","Browndale","browndale","cdp","41.654934","-75.455745"
"PA","Pennsylvania","Brownstown","brownstown","borough","40.333357","-78.937286"
"PA","Pennsylvania","Brownstown","brownstown","cdp","40.127126","-76.21818"
"PA","Pennsylvania","Brownsville","brownsville","borough","40.018865","-79.890016"
"PA","Pennsylvania","Browntown","browntown","cdp","41.313869","-75.782666"
"PA","Pennsylvania","Bruin","bruin","borough","41.05439","-79.727301"
"PA","Pennsylvania","Bryn Athyn","bryn athyn","borough","40.141067","-75.067401"
"PA","Pennsylvania","Bryn Mawr","bryn mawr","cdp","40.020824","-75.316167"
"PA","Pennsylvania","Buck Run","buck run","cdp","40.706714","-76.321438"
"PA","Pennsylvania","Buckhorn","buckhorn","cdp","41.020442","-76.493202"
"PA","Pennsylvania","Buena Vista","buena vista","cdp","40.277723","-79.80049"
"PA","Pennsylvania","Buffington","buffington","cdp","39.929961","-79.839149"
"PA","Pennsylvania","Bulger","bulger","cdp","40.376643","-80.322993"
"PA","Pennsylvania","Bunola","bunola","cdp","40.233582","-79.950497"
"PA","Pennsylvania","Burgettstown","burgettstown","borough","40.381293","-80.392613"
"PA","Pennsylvania","Burlington","burlington","borough","41.784063","-76.607272"
"PA","Pennsylvania","Burnham","burnham","borough","40.634293","-77.562995"
"PA","Pennsylvania","Burnside","burnside","borough","40.812405","-78.798048"
"PA","Pennsylvania","Burnt Cabins","burnt cabins","cdp","40.077953","-77.8981"
"PA","Pennsylvania","Butler","butler","city","40.861554","-79.89617"
"PA","Pennsylvania","Byrnedale","byrnedale","cdp","41.292712","-78.502276"
"PA","Pennsylvania","Cairnbrook","cairnbrook","cdp","40.124587","-78.818938"
"PA","Pennsylvania","California","california","borough","40.066665","-79.91198"
"PA","Pennsylvania","Callensburg","callensburg","borough","41.125741","-79.557713"
"PA","Pennsylvania","Callery","callery","borough","40.739383","-80.037966"
"PA","Pennsylvania","Callimont","callimont","borough","39.801153","-78.921606"
"PA","Pennsylvania","Caln","caln","cdp","39.997115","-75.782896"
"PA","Pennsylvania","Calumet","calumet","cdp","40.218902","-79.48919"
"PA","Pennsylvania","Cambridge","cambridge","cdp","40.08103","-75.943491"
"PA","Pennsylvania","Cambridge Springs","cambridge springs","borough","41.801969","-80.059793"
"PA","Pennsylvania","Camp Hill","camp hill","borough","40.242192","-76.9274"
"PA","Pennsylvania","Campbelltown","campbelltown","cdp","40.276002","-76.582914"
"PA","Pennsylvania","Canadohta Lake","canadohta lake","cdp","41.811497","-79.835754"
"PA","Pennsylvania","Canan Station","canan station","cdp","40.462742","-78.431957"
"PA","Pennsylvania","Canoe Creek","canoe creek","cdp","40.473575","-78.278995"
"PA","Pennsylvania","Canonsburg","canonsburg","borough","40.264246","-80.186776"
"PA","Pennsylvania","Canton","canton","borough","41.65711","-76.852662"
"PA","Pennsylvania","Carbondale","carbondale","city","41.571373","-75.504778"
"PA","Pennsylvania","Carlisle","carlisle","borough","40.199994","-77.204149"
"PA","Pennsylvania","Carlisle Barracks","carlisle barracks","cdp","40.209791","-77.172749"
"PA","Pennsylvania","Carmichaels","carmichaels","borough","39.897595","-79.974988"
"PA","Pennsylvania","Carnegie","carnegie","borough","40.407987","-80.086037"
"PA","Pennsylvania","Carnot-Moon","carnot moon","cdp","40.518718","-80.217742"
"PA","Pennsylvania","Carroll Valley","carroll valley","borough","39.750191","-77.386854"
"PA","Pennsylvania","Carrolltown","carrolltown","borough","40.604512","-78.707012"
"PA","Pennsylvania","Carson Valley","carson valley","cdp","40.449128","-78.448584"
"PA","Pennsylvania","Casanova","casanova","cdp","40.955618","-78.158465"
"PA","Pennsylvania","Cashtown","cashtown","cdp","39.884405","-77.350746"
"PA","Pennsylvania","Cassandra","cassandra","borough","40.408604","-78.640744"
"PA","Pennsylvania","Casselman","casselman","borough","39.885407","-79.21065"
"PA","Pennsylvania","Cassville","cassville","borough","40.292836","-78.02723"
"PA","Pennsylvania","Castanea","castanea","cdp","41.11712","-77.426972"
"PA","Pennsylvania","Castle Shannon","castle shannon","borough","40.366424","-80.019461"
"PA","Pennsylvania","Catasauqua","catasauqua","borough","40.653828","-75.461037"
"PA","Pennsylvania","Catawissa","catawissa","borough","40.95311","-76.459943"
"PA","Pennsylvania","Cecil-Bishop","cecil bishop","cdp","40.318488","-80.191902"
"PA","Pennsylvania","Cedar Crest","cedar crest","cdp","40.396593","-77.885703"
"PA","Pennsylvania","Cementon","cementon","cdp","40.687474","-75.517773"
"PA","Pennsylvania","Centerport","centerport","borough","40.485895","-76.004376"
"PA","Pennsylvania","Centerville","centerville","borough","41.738881","-79.761018"
"PA","Pennsylvania","Centerville","centerville","borough","40.032477","-79.95948"
"PA","Pennsylvania","Central City","central city","borough","40.109617","-78.804318"
"PA","Pennsylvania","Centralia","centralia","borough","40.804486","-76.344007"
"PA","Pennsylvania","Centre Hall","centre hall","borough","40.844743","-77.685072"
"PA","Pennsylvania","Cetronia","cetronia","cdp","40.585675","-75.543838"
"PA","Pennsylvania","Chadds Ford","chadds ford","cdp","39.875949","-75.608223"
"PA","Pennsylvania","Chalfant","chalfant","borough","40.410124","-79.838594"
"PA","Pennsylvania","Chalfont","chalfont","borough","40.288978","-75.209591"
"PA","Pennsylvania","Chalkhill","chalkhill","cdp","39.847801","-79.618245"
"PA","Pennsylvania","Chambersburg","chambersburg","borough","39.931433","-77.655642"
"PA","Pennsylvania","Chapman","chapman","borough","40.759951","-75.400558"
"PA","Pennsylvania","Charleroi","charleroi","borough","40.137859","-79.899756"
"PA","Pennsylvania","Charlottsville","charlottsville","cdp","40.645655","-78.275434"
"PA","Pennsylvania","Chase","chase","cdp","41.28064","-75.964362"
"PA","Pennsylvania","Cheltenham Village","cheltenham village","cdp","40.063116","-75.09345"
"PA","Pennsylvania","Cherry Tree","cherry tree","borough","40.725747","-78.812492"
"PA","Pennsylvania","Cherry Valley","cherry valley","borough","41.159412","-79.801195"
"PA","Pennsylvania","Cherryville","cherryville","cdp","40.756581","-75.532524"
"PA","Pennsylvania","Chest Springs","chest springs","borough","40.578082","-78.610521"
"PA","Pennsylvania","Chester","chester","city","39.845558","-75.371882"
"PA","Pennsylvania","Chester Heights","chester heights","borough","39.892551","-75.468956"
"PA","Pennsylvania","Chester Hill","chester hill","borough","40.890972","-78.230665"
"PA","Pennsylvania","Chesterbrook","chesterbrook","cdp","40.070357","-75.455128"
"PA","Pennsylvania","Chestnut Hill","chestnut hill","cdp","40.72279","-75.207232"
"PA","Pennsylvania","Cheswick","cheswick","borough","40.543024","-79.800984"
"PA","Pennsylvania","Chevy Chase Heights","chevy chase heights","cdp","40.64037","-79.14562"
"PA","Pennsylvania","Chewton","chewton","cdp","40.897578","-80.318456"
"PA","Pennsylvania","Cheyney University","cheyney university","cdp","39.934245","-75.530595"
"PA","Pennsylvania","Chicora","chicora","borough","40.952507","-79.73905"
"PA","Pennsylvania","Chinchilla","chinchilla","cdp","41.485848","-75.666462"
"PA","Pennsylvania","Christiana","christiana","borough","39.954504","-75.997346"
"PA","Pennsylvania","Church Hill","church hill","cdp","40.692602","-77.59491"
"PA","Pennsylvania","Churchill","churchill","borough","40.438847","-79.84159"
"PA","Pennsylvania","Churchtown","churchtown","cdp","40.139327","-75.95321"
"PA","Pennsylvania","Churchville","churchville","cdp","40.19451","-75.001775"
"PA","Pennsylvania","Clairton","clairton","city","40.296656","-79.889026"
"PA","Pennsylvania","Clappertown","clappertown","cdp","40.402729","-78.277756"
"PA","Pennsylvania","Clarence","clarence","cdp","41.046331","-77.950301"
"PA","Pennsylvania","Clarendon","clarendon","borough","41.780615","-79.094008"
"PA","Pennsylvania","Clarion","clarion","borough","41.209445","-79.380087"
"PA","Pennsylvania","Clark","clark","borough","41.287725","-80.404732"
"PA","Pennsylvania","Clarks Green","clarks green","borough","41.500913","-75.695315"
"PA","Pennsylvania","Clarks Summit","clarks summit","borough","41.490237","-75.706509"
"PA","Pennsylvania","Clarksville","clarksville","borough","39.974396","-80.043902"
"PA","Pennsylvania","Clay","clay","cdp","40.219045","-76.239033"
"PA","Pennsylvania","Claysburg","claysburg","cdp","40.291448","-78.451419"
"PA","Pennsylvania","Claysville","claysville","borough","40.120644","-80.413275"
"PA","Pennsylvania","Clearfield","clearfield","borough","41.021498","-78.439398"
"PA","Pennsylvania","Clearville","clearville","cdp","39.918796","-78.383788"
"PA","Pennsylvania","Cleona","cleona","borough","40.338511","-76.477093"
"PA","Pennsylvania","Clifton Heights","clifton heights","borough","39.93015","-75.295827"
"PA","Pennsylvania","Clinton","clinton","cdp","40.492265","-80.296995"
"PA","Pennsylvania","Clinton","clinton","cdp","40.706199","-79.591713"
"PA","Pennsylvania","Clintondale","clintondale","cdp","41.01849","-77.520788"
"PA","Pennsylvania","Clintonville","clintonville","borough","41.201025","-79.874512"
"PA","Pennsylvania","Clymer","clymer","borough","40.668502","-79.013605"
"PA","Pennsylvania","Coal Center","coal center","borough","40.070033","-79.901166"
"PA","Pennsylvania","Coaldale","coaldale","borough","40.81974","-75.916102"
"PA","Pennsylvania","Coaldale","coaldale","borough","40.167359","-78.21661"
"PA","Pennsylvania","Coalmont","coalmont","borough","40.21121","-78.199977"
"PA","Pennsylvania","Coalport","coalport","borough","40.746364","-78.529652"
"PA","Pennsylvania","Coatesville","coatesville","city","39.985152","-75.819"
"PA","Pennsylvania","Coburn","coburn","cdp","40.86612","-77.463863"
"PA","Pennsylvania","Cochranton","cochranton","borough","41.519097","-80.046991"
"PA","Pennsylvania","Cochranville","cochranville","cdp","39.888614","-75.92981"
"PA","Pennsylvania","Cokeburg","cokeburg","borough","40.099954","-80.065513"
"PA","Pennsylvania","Collegeville","collegeville","borough","40.186865","-75.457519"
"PA","Pennsylvania","Collingdale","collingdale","borough","39.915065","-75.27763"
"PA","Pennsylvania","Collinsburg","collinsburg","cdp","40.220942","-79.781219"
"PA","Pennsylvania","Colonial Park","colonial park","cdp","40.298695","-76.806994"
"PA","Pennsylvania","Colony Park","colony park","cdp","40.349196","-75.9798"
"PA","Pennsylvania","Columbia","columbia","borough","40.034855","-76.495889"
"PA","Pennsylvania","Columbus","columbus","cdp","41.947907","-79.583235"
"PA","Pennsylvania","Colver","colver","cdp","40.542658","-78.789158"
"PA","Pennsylvania","Colwyn","colwyn","borough","39.911809","-75.253077"
"PA","Pennsylvania","Commodore","commodore","cdp","40.715139","-78.934778"
"PA","Pennsylvania","Conashaugh Lakes","conashaugh lakes","cdp","41.304037","-74.992538"
"PA","Pennsylvania","Conestoga","conestoga","cdp","39.939755","-76.336045"
"PA","Pennsylvania","Confluence","confluence","borough","39.809904","-79.355905"
"PA","Pennsylvania","Conneaut Lake","conneaut lake","borough","41.602677","-80.309411"
"PA","Pennsylvania","Conneaut Lakeshore","conneaut lakeshore","cdp","41.619041","-80.312062"
"PA","Pennsylvania","Conneautville","conneautville","borough","41.75776","-80.368638"
"PA","Pennsylvania","Connellsville","connellsville","city","40.015901","-79.58963"
"PA","Pennsylvania","Connoquenessing","connoquenessing","borough","40.817417","-80.015151"
"PA","Pennsylvania","Conshohocken","conshohocken","borough","40.077219","-75.3041"
"PA","Pennsylvania","Continental Courts","continental courts","cdp","40.870533","-77.865723"
"PA","Pennsylvania","Conway","conway","borough","40.666338","-80.240179"
"PA","Pennsylvania","Conyngham","conyngham","borough","40.991236","-76.059854"
"PA","Pennsylvania","Coopersburg","coopersburg","borough","40.510368","-75.39192"
"PA","Pennsylvania","Cooperstown","cooperstown","borough","41.4998","-79.873626"
"PA","Pennsylvania","Coplay","coplay","borough","40.670709","-75.495547"
"PA","Pennsylvania","Coral","coral","cdp","40.503555","-79.175216"
"PA","Pennsylvania","Coraopolis","coraopolis","borough","40.514618","-80.161825"
"PA","Pennsylvania","Cornwall","cornwall","borough","40.261093","-76.410952"
"PA","Pennsylvania","Cornwells Heights","cornwells heights","cdp","40.077065","-74.951649"
"PA","Pennsylvania","Corry","corry","city","41.928225","-79.63313"
"PA","Pennsylvania","Corsica","corsica","borough","41.181294","-79.202565"
"PA","Pennsylvania","Cotton Town","cotton town","cdp","40.279879","-78.481156"
"PA","Pennsylvania","Coudersport","coudersport","borough","41.775844","-78.016038"
"PA","Pennsylvania","Coulter","coulter","cdp","40.300059","-79.794091"
"PA","Pennsylvania","Courtdale","courtdale","borough","41.284932","-75.914293"
"PA","Pennsylvania","Cove Forge","cove forge","cdp","40.479115","-78.173388"
"PA","Pennsylvania","Crabtree","crabtree","cdp","40.363841","-79.46949"
"PA","Pennsylvania","Crafton","crafton","borough","40.433301","-80.071133"
"PA","Pennsylvania","Cranesville","cranesville","borough","41.902592","-80.33649"
"PA","Pennsylvania","Creekside","creekside","borough","40.681932","-79.193613"
"PA","Pennsylvania","Crenshaw","crenshaw","cdp","41.251665","-78.754056"
"PA","Pennsylvania","Cresson","cresson","borough","40.462568","-78.586611"
"PA","Pennsylvania","Cressona","cressona","borough","40.630394","-76.193861"
"PA","Pennsylvania","Cross Creek","cross creek","cdp","40.326398","-80.409115"
"PA","Pennsylvania","Cross Keys","cross keys","cdp","40.445719","-78.429329"
"PA","Pennsylvania","Cross Roads","cross roads","borough","39.820013","-76.572823"
"PA","Pennsylvania","Crown","crown","cdp","41.393939","-79.263766"
"PA","Pennsylvania","Croydon","croydon","cdp","40.090348","-74.896679"
"PA","Pennsylvania","Crucible","crucible","cdp","39.947936","-79.966613"
"PA","Pennsylvania","Culp","culp","cdp","40.582484","-78.263258"
"PA","Pennsylvania","Cumbola","cumbola","cdp","40.713801","-76.143184"
"PA","Pennsylvania","Curryville","curryville","cdp","40.275932","-78.337961"
"PA","Pennsylvania","Curtisville","curtisville","cdp","40.649746","-79.849193"
"PA","Pennsylvania","Curwensville","curwensville","borough","40.972882","-78.518619"
"PA","Pennsylvania","Daisytown","daisytown","borough","40.320076","-78.903675"
"PA","Pennsylvania","Dale","dale","borough","40.31218","-78.905062"
"PA","Pennsylvania","Dallas","dallas","borough","41.33152","-75.972862"
"PA","Pennsylvania","Dallastown","dallastown","borough","39.899667","-76.640937"
"PA","Pennsylvania","Dalmatia","dalmatia","cdp","40.648944","-76.904234"
"PA","Pennsylvania","Dalton","dalton","borough","41.53761","-75.73827"
"PA","Pennsylvania","Danville","danville","borough","40.961676","-76.61204"
"PA","Pennsylvania","Darby","darby","borough","39.920953","-75.261082"
"PA","Pennsylvania","Darlington","darlington","borough","40.810298","-80.423389"
"PA","Pennsylvania","Dauberville","dauberville","cdp","40.46076","-75.995109"
"PA","Pennsylvania","Dauphin","dauphin","borough","40.368281","-76.930221"
"PA","Pennsylvania","Davidsville","davidsville","cdp","40.234795","-78.93563"
"PA","Pennsylvania","Dawson","dawson","borough","40.047175","-79.656942"
"PA","Pennsylvania","Dayton","dayton","borough","40.881195","-79.241127"
"PA","Pennsylvania","Deemston","deemston","borough","40.027272","-80.033355"
"PA","Pennsylvania","Deer Lake","deer lake","borough","40.620874","-76.056838"
"PA","Pennsylvania","Deer Lake","deer lake","cdp","39.847251","-79.589543"
"PA","Pennsylvania","Defiance","defiance","cdp","40.159907","-78.231776"
"PA","Pennsylvania","Delano","delano","cdp","40.840428","-76.067036"
"PA","Pennsylvania","Delaware Water Gap","delaware water gap","borough","40.967874","-75.133837"
"PA","Pennsylvania","Delmont","delmont","borough","40.414408","-79.57289"
"PA","Pennsylvania","Delta","delta","borough","39.726707","-76.327131"
"PA","Pennsylvania","Denver","denver","borough","40.234122","-76.141163"
"PA","Pennsylvania","Derry","derry","borough","40.333431","-79.301084"
"PA","Pennsylvania","DeSales University","desales university","cdp","40.538224","-75.378114"
"PA","Pennsylvania","Devon","devon","cdp","40.048947","-75.426792"
"PA","Pennsylvania","Dewart","dewart","cdp","41.109937","-76.870655"
"PA","Pennsylvania","Dickson City","dickson city","borough","41.468349","-75.635816"
"PA","Pennsylvania","Dillsburg","dillsburg","borough","40.111524","-77.032508"
"PA","Pennsylvania","Dilworthtown","dilworthtown","cdp","39.901873","-75.571355"
"PA","Pennsylvania","Distant","distant","cdp","40.974232","-79.358261"
"PA","Pennsylvania","Dixonville","dixonville","cdp","40.71617","-79.010553"
"PA","Pennsylvania","Donaldson","donaldson","cdp","40.636341","-76.405873"
"PA","Pennsylvania","Donegal","donegal","borough","40.11202","-79.380772"
"PA","Pennsylvania","Donora","donora","borough","40.179529","-79.862408"
"PA","Pennsylvania","Dormont","dormont","borough","40.394046","-80.037709"
"PA","Pennsylvania","Dorneyville","dorneyville","cdp","40.576561","-75.51958"
"PA","Pennsylvania","Dorseyville","dorseyville","cdp","40.579778","-79.889741"
"PA","Pennsylvania","Douglassville","douglassville","cdp","40.259899","-75.724228"
"PA","Pennsylvania","Dover","dover","borough","40.003302","-76.848431"
"PA","Pennsylvania","Downingtown","downingtown","borough","40.008289","-75.702163"
"PA","Pennsylvania","Doylestown","doylestown","borough","40.314197","-75.127697"
"PA","Pennsylvania","Dravosburg","dravosburg","borough","40.350648","-79.890176"
"PA","Pennsylvania","Drexel Hill","drexel hill","cdp","39.949498","-75.303876"
"PA","Pennsylvania","Drifting","drifting","cdp","41.021688","-78.113974"
"PA","Pennsylvania","Driftwood","driftwood","borough","41.343958","-78.122955"
"PA","Pennsylvania","Dry Tavern","dry tavern","cdp","39.939872","-80.009525"
"PA","Pennsylvania","Dryville","dryville","cdp","40.46166","-75.754753"
"PA","Pennsylvania","Dublin","dublin","borough","40.37692","-75.205948"
"PA","Pennsylvania","DuBois","dubois","city","41.122269","-78.756154"
"PA","Pennsylvania","Duboistown","duboistown","borough","41.223175","-77.037947"
"PA","Pennsylvania","Dudley","dudley","borough","40.205307","-78.178305"
"PA","Pennsylvania","Dumb Hundred","dumb hundred","cdp","40.317043","-78.410466"
"PA","Pennsylvania","Dunbar","dunbar","borough","39.978297","-79.614665"
"PA","Pennsylvania","Duncannon","duncannon","borough","40.395178","-77.02773"
"PA","Pennsylvania","Duncansville","duncansville","borough","40.426307","-78.43026"
"PA","Pennsylvania","Dunlevy","dunlevy","borough","40.109575","-79.858756"
"PA","Pennsylvania","Dunlo","dunlo","cdp","40.293443","-78.717617"
"PA","Pennsylvania","Dunmore","dunmore","borough","41.413984","-75.606253"
"PA","Pennsylvania","Dunnstown","dunnstown","cdp","41.150071","-77.420699"
"PA","Pennsylvania","Dupont","dupont","borough","41.323776","-75.741921"
"PA","Pennsylvania","Duquesne","duquesne","city","40.373461","-79.850162"
"PA","Pennsylvania","Duryea","duryea","borough","41.35131","-75.776063"
"PA","Pennsylvania","Dushore","dushore","borough","41.526002","-76.398512"
"PA","Pennsylvania","Eagle","eagle","cdp","40.076202","-75.684749"
"PA","Pennsylvania","Eagle Creek","eagle creek","cdp","40.898834","-77.893495"
"PA","Pennsylvania","Eagle Lake","eagle lake","cdp","41.280051","-75.472903"
"PA","Pennsylvania","Eagles Mere","eagles mere","borough","41.409845","-76.583089"
"PA","Pennsylvania","Eagleview","eagleview","cdp","40.059376","-75.680747"
"PA","Pennsylvania","Eagleville","eagleville","cdp","41.055987","-77.585317"
"PA","Pennsylvania","Eagleville","eagleville","cdp","40.159863","-75.408962"
"PA","Pennsylvania","Earlston","earlston","cdp","40.004081","-78.373206"
"PA","Pennsylvania","East Altoona","east altoona","cdp","40.546917","-78.363634"
"PA","Pennsylvania","East Bangor","east bangor","borough","40.880311","-75.186393"
"PA","Pennsylvania","East Berlin","east berlin","borough","39.936829","-76.979459"
"PA","Pennsylvania","East Berwick","east berwick","cdp","41.069717","-76.217444"
"PA","Pennsylvania","East Brady","east brady","borough","40.981944","-79.610306"
"PA","Pennsylvania","East Butler","east butler","borough","40.878837","-79.847256"
"PA","Pennsylvania","East Conemaugh","east conemaugh","borough","40.34763","-78.886072"
"PA","Pennsylvania","East Earl","east earl","cdp","40.110171","-76.025953"
"PA","Pennsylvania","East Freedom","east freedom","cdp","40.355235","-78.430471"
"PA","Pennsylvania","East Greenville","east greenville","borough","40.405695","-75.505968"
"PA","Pennsylvania","East Lansdowne","east lansdowne","borough","39.943971","-75.2608"
"PA","Pennsylvania","East Marianna","east marianna","cdp","40.021608","-80.088321"
"PA","Pennsylvania","East McKeesport","east mckeesport","borough","40.384812","-79.807439"
"PA","Pennsylvania","East Petersburg","east petersburg","borough","40.10336","-76.349739"
"PA","Pennsylvania","East Pittsburgh","east pittsburgh","borough","40.396866","-79.8382"
"PA","Pennsylvania","East Prospect","east prospect","borough","39.971008","-76.521404"
"PA","Pennsylvania","East Rochester","east rochester","borough","40.698201","-80.268983"
"PA","Pennsylvania","East Salem","east salem","cdp","40.608713","-77.23694"
"PA","Pennsylvania","East Sharpsburg","east sharpsburg","cdp","40.334512","-78.37217"
"PA","Pennsylvania","East Side","east side","borough","41.062383","-75.762173"
"PA","Pennsylvania","East Smithfield","east smithfield","cdp","41.869101","-76.630551"
"PA","Pennsylvania","East Stroudsburg","east stroudsburg","borough","41.004877","-75.171457"
"PA","Pennsylvania","East Uniontown","east uniontown","cdp","39.895986","-79.697595"
"PA","Pennsylvania","East Vandergrift","east vandergrift","borough","40.597437","-79.562908"
"PA","Pennsylvania","East Washington","east washington","borough","40.174435","-80.232436"
"PA","Pennsylvania","East Waterford","east waterford","cdp","40.371131","-77.604695"
"PA","Pennsylvania","East York","east york","cdp","39.968722","-76.675534"
"PA","Pennsylvania","Eastlawn Gardens","eastlawn gardens","cdp","40.748049","-75.284681"
"PA","Pennsylvania","Easton","easton","city","40.685971","-75.218548"
"PA","Pennsylvania","Eastvale","eastvale","borough","40.76662","-80.314786"
"PA","Pennsylvania","Eau Claire","eau claire","borough","41.136824","-79.798531"
"PA","Pennsylvania","Ebensburg","ebensburg","borough","40.48812","-78.726541"
"PA","Pennsylvania","Economy","economy","borough","40.643656","-80.186297"
"PA","Pennsylvania","Eddington","eddington","cdp","40.086492","-74.944534"
"PA","Pennsylvania","Eddystone","eddystone","borough","39.854849","-75.337107"
"PA","Pennsylvania","Edenborn","edenborn","cdp","39.882069","-79.887664"
"PA","Pennsylvania","Edenburg","edenburg","cdp","40.565512","-75.959644"
"PA","Pennsylvania","Edgewood","edgewood","borough","40.431295","-79.883964"
"PA","Pennsylvania","Edgewood","edgewood","cdp","40.788252","-76.578025"
"PA","Pennsylvania","Edgeworth","edgeworth","borough","40.554421","-80.192335"
"PA","Pennsylvania","Edie","edie","cdp","40.086322","-79.127898"
"PA","Pennsylvania","Edinboro","edinboro","borough","41.874979","-80.124246"
"PA","Pennsylvania","Edinburg","edinburg","cdp","41.009048","-80.430318"
"PA","Pennsylvania","Edwardsville","edwardsville","borough","41.2602","-75.909888"
"PA","Pennsylvania","Effort","effort","cdp","40.941549","-75.437683"
"PA","Pennsylvania","Egypt","egypt","cdp","40.685278","-75.533025"
"PA","Pennsylvania","Ehrenfeld","ehrenfeld","borough","40.375187","-78.77734"
"PA","Pennsylvania","Eighty Four","eighty four","cdp","40.177698","-80.130298"
"PA","Pennsylvania","Elberta","elberta","cdp","40.512465","-78.324216"
"PA","Pennsylvania","Elco","elco","borough","40.081825","-79.881678"
"PA","Pennsylvania","Elderton","elderton","borough","40.694547","-79.342075"
"PA","Pennsylvania","Eldorado","eldorado","cdp","40.481187","-78.439291"
"PA","Pennsylvania","Eldred","eldred","borough","41.956831","-78.38062"
"PA","Pennsylvania","Elgin","elgin","borough","41.907013","-79.746508"
"PA","Pennsylvania","Elim","elim","cdp","40.297248","-78.945469"
"PA","Pennsylvania","Elizabeth","elizabeth","borough","40.271554","-79.887153"
"PA","Pennsylvania","Elizabethtown","elizabethtown","borough","40.153284","-76.598652"
"PA","Pennsylvania","Elizabethville","elizabethville","borough","40.547242","-76.815973"
"PA","Pennsylvania","Elk Grove","elk grove","cdp","41.306567","-76.408816"
"PA","Pennsylvania","Elkins Park","elkins park","cdp","40.077471","-75.128024"
"PA","Pennsylvania","Elkland","elkland","borough","41.989058","-77.314061"
"PA","Pennsylvania","Ellport","ellport","borough","40.861623","-80.262113"
"PA","Pennsylvania","Ellsworth","ellsworth","borough","40.105341","-80.022613"
"PA","Pennsylvania","Ellwood City","ellwood city","borough","40.861982","-80.282913"
"PA","Pennsylvania","Elmora","elmora","cdp","40.603362","-78.74961"
"PA","Pennsylvania","Elrama","elrama","cdp","40.251701","-79.924344"
"PA","Pennsylvania","Elverson","elverson","borough","40.153719","-75.830826"
"PA","Pennsylvania","Elysburg","elysburg","cdp","40.86799","-76.54916"
"PA","Pennsylvania","Emeigh","emeigh","cdp","40.696851","-78.78477"
"PA","Pennsylvania","Emerald Lakes","emerald lakes","cdp","41.084103","-75.413727"
"PA","Pennsylvania","Emigsville","emigsville","cdp","40.008019","-76.730281"
"PA","Pennsylvania","Emlenton","emlenton","borough","41.180245","-79.70855"
"PA","Pennsylvania","Emmaus","emmaus","borough","40.535188","-75.497883"
"PA","Pennsylvania","Emporium","emporium","borough","41.510411","-78.234035"
"PA","Pennsylvania","Emsworth","emsworth","borough","40.510872","-80.096217"
"PA","Pennsylvania","Englewood","englewood","cdp","40.781462","-76.24491"
"PA","Pennsylvania","Enhaut","enhaut","cdp","40.232425","-76.82539"
"PA","Pennsylvania","Enlow","enlow","cdp","40.452255","-80.231739"
"PA","Pennsylvania","Enola","enola","cdp","40.290604","-76.935497"
"PA","Pennsylvania","Enon Valley","enon valley","borough","40.855756","-80.456243"
"PA","Pennsylvania","Ephrata","ephrata","borough","40.180851","-76.180184"
"PA","Pennsylvania","Erie","erie","city","42.116594","-80.073503"
"PA","Pennsylvania","Ernest","ernest","borough","40.678894","-79.165775"
"PA","Pennsylvania","Espy","espy","cdp","41.005039","-76.417222"
"PA","Pennsylvania","Etna","etna","borough","40.495161","-79.949631"
"PA","Pennsylvania","Evans City","evans city","borough","40.768498","-80.058366"
"PA","Pennsylvania","Evansburg","evansburg","cdp","40.189785","-75.434052"
"PA","Pennsylvania","Everett","everett","borough","40.010867","-78.355903"
"PA","Pennsylvania","Everson","everson","borough","40.090648","-79.587044"
"PA","Pennsylvania","Exeter","exeter","borough","41.333177","-75.82115"
"PA","Pennsylvania","Export","export","borough","40.416912","-79.623063"
"PA","Pennsylvania","Exton","exton","cdp","40.029916","-75.633061"
"PA","Pennsylvania","Eyers Grove","eyers grove","cdp","41.095493","-76.519614"
"PA","Pennsylvania","Factoryville","factoryville","borough","41.559965","-75.782643"
"PA","Pennsylvania","Fairchance","fairchance","borough","39.825088","-79.753998"
"PA","Pennsylvania","Fairdale","fairdale","cdp","39.893169","-79.966679"
"PA","Pennsylvania","Fairfield","fairfield","borough","39.789001","-77.369819"
"PA","Pennsylvania","Fairhope","fairhope","cdp","40.115014","-79.838819"
"PA","Pennsylvania","Fairless Hills","fairless hills","cdp","40.177667","-74.85096"
"PA","Pennsylvania","Fairview","fairview","borough","41.015595","-79.743151"
"PA","Pennsylvania","Fairview","fairview","cdp","42.025458","-80.254725"
"PA","Pennsylvania","Fairview-Ferndale","fairview ferndale","cdp","40.780601","-76.573967"
"PA","Pennsylvania","Falls Creek","falls creek","borough","41.141959","-78.806947"
"PA","Pennsylvania","Fallston","fallston","borough","40.726792","-80.31375"
"PA","Pennsylvania","Falmouth","falmouth","cdp","40.129868","-76.702427"
"PA","Pennsylvania","Farmersville","farmersville","cdp","40.124234","-76.152095"
"PA","Pennsylvania","Farmington","farmington","cdp","39.808181","-79.562942"
"PA","Pennsylvania","Farrell","farrell","city","41.211094","-80.497338"
"PA","Pennsylvania","Farwell","farwell","cdp","41.333176","-77.721297"
"PA","Pennsylvania","Fawn Grove","fawn grove","borough","39.731172","-76.452115"
"PA","Pennsylvania","Fawn Lake Forest","fawn lake forest","cdp","41.51421","-75.054398"
"PA","Pennsylvania","Faxon","faxon","cdp","41.255677","-76.977138"
"PA","Pennsylvania","Fayette City","fayette city","borough","40.100691","-79.838348"
"PA","Pennsylvania","Fayetteville","fayetteville","cdp","39.911433","-77.5651"
"PA","Pennsylvania","Feasterville","feasterville","cdp","40.154001","-74.991563"
"PA","Pennsylvania","Fellsburg","fellsburg","cdp","40.184207","-79.826989"
"PA","Pennsylvania","Felton","felton","borough","39.857115","-76.561135"
"PA","Pennsylvania","Fenelton","fenelton","cdp","40.872431","-79.728709"
"PA","Pennsylvania","Ferndale","ferndale","borough","40.290549","-78.919817"
"PA","Pennsylvania","Fernville","fernville","cdp","41.001972","-76.477437"
"PA","Pennsylvania","Finleyville","finleyville","borough","40.252765","-80.002032"
"PA","Pennsylvania","Fisherville","fisherville","cdp","40.472598","-78.169775"
"PA","Pennsylvania","Fivepointville","fivepointville","cdp","40.182712","-76.06328"
"PA","Pennsylvania","Fleetwood","fleetwood","borough","40.456503","-75.821579"
"PA","Pennsylvania","Flemington","flemington","borough","41.12719","-77.470232"
"PA","Pennsylvania","Flinton","flinton","cdp","40.716081","-78.517887"
"PA","Pennsylvania","Flourtown","flourtown","cdp","40.1052","-75.206883"
"PA","Pennsylvania","Flying Hills","flying hills","cdp","40.277907","-75.913223"
"PA","Pennsylvania","Folcroft","folcroft","borough","39.888246","-75.275774"
"PA","Pennsylvania","Folsom","folsom","cdp","39.892381","-75.328666"
"PA","Pennsylvania","Foot of Ten","foot of ten","cdp","40.418094","-78.461567"
"PA","Pennsylvania","Force","force","cdp","41.25932","-78.50406"
"PA","Pennsylvania","Ford City","ford city","borough","40.769615","-79.532999"
"PA","Pennsylvania","Ford Cliff","ford cliff","borough","40.760813","-79.535765"
"PA","Pennsylvania","Forest City","forest city","borough","41.65269","-75.469231"
"PA","Pennsylvania","Forest Hills","forest hills","borough","40.425081","-79.854465"
"PA","Pennsylvania","Forest Lake","forest lake","cdp","41.888208","-75.959355"
"PA","Pennsylvania","Forestville","forestville","cdp","41.102059","-80.001436"
"PA","Pennsylvania","Forestville","forestville","cdp","40.693791","-76.292597"
"PA","Pennsylvania","Forksville","forksville","borough","41.489613","-76.602841"
"PA","Pennsylvania","Fort Fetter","fort fetter","cdp","40.430089","-78.404304"
"PA","Pennsylvania","Fort Indiantown Gap","fort indiantown gap","cdp","40.444367","-76.582102"
"PA","Pennsylvania","Fort Loudon","fort loudon","cdp","39.921906","-77.907236"
"PA","Pennsylvania","Fort Washington","fort washington","cdp","40.140762","-75.192575"
"PA","Pennsylvania","Forty Fort","forty fort","borough","41.280053","-75.87322"
"PA","Pennsylvania","Foster Brook","foster brook","cdp","41.983354","-78.602436"
"PA","Pennsylvania","Fostoria","fostoria","cdp","40.619152","-78.319666"
"PA","Pennsylvania","Foundryville","foundryville","cdp","41.076903","-76.234997"
"PA","Pennsylvania","Fountain Hill","fountain hill","borough","40.602814","-75.39608"
"PA","Pennsylvania","Fountain Springs","fountain springs","cdp","40.772168","-76.328513"
"PA","Pennsylvania","Fox Chapel","fox chapel","borough","40.525996","-79.888903"
"PA","Pennsylvania","Fox Chase","fox chase","cdp","40.394796","-75.96342"
"PA","Pennsylvania","Foxburg","foxburg","borough","41.141527","-79.677846"
"PA","Pennsylvania","Frackville","frackville","borough","40.783315","-76.232931"
"PA","Pennsylvania","Frankfort Springs","frankfort springs","borough","40.481015","-80.442777"
"PA","Pennsylvania","Franklin","franklin","borough","40.342041","-78.883782"
"PA","Pennsylvania","Franklin","franklin","city","41.38303","-79.832088"
"PA","Pennsylvania","Franklin Forge","franklin forge","cdp","40.471052","-78.232055"
"PA","Pennsylvania","Franklin Park","franklin park","borough","40.59212","-80.098726"
"PA","Pennsylvania","Franklintown","franklintown","borough","40.076079","-77.029592"
"PA","Pennsylvania","Frankstown","frankstown","cdp","40.444473","-78.35581"
"PA","Pennsylvania","Frazer","frazer","cdp","40.037433","-75.555541"
"PA","Pennsylvania","Fredericksburg","fredericksburg","cdp","40.310326","-78.286159"
"PA","Pennsylvania","Fredericksburg","fredericksburg","cdp","41.643775","-80.176448"
"PA","Pennsylvania","Fredericksburg","fredericksburg","cdp","40.444095","-76.437689"
"PA","Pennsylvania","Fredericktown","fredericktown","cdp","40.001918","-80.009236"
"PA","Pennsylvania","Fredonia","fredonia","borough","41.32191","-80.258067"
"PA","Pennsylvania","Freeburg","freeburg","borough","40.762497","-76.940877"
"PA","Pennsylvania","Freedom","freedom","borough","40.685145","-80.253612"
"PA","Pennsylvania","Freeland","freeland","borough","41.021219","-75.896271"
"PA","Pennsylvania","Freemansburg","freemansburg","borough","40.628013","-75.339936"
"PA","Pennsylvania","Freeport","freeport","borough","40.686223","-79.682568"
"PA","Pennsylvania","Frenchville","frenchville","cdp","41.101712","-78.225241"
"PA","Pennsylvania","Friedens","friedens","cdp","40.044868","-79.002767"
"PA","Pennsylvania","Friedensburg","friedensburg","cdp","40.607789","-76.228379"
"PA","Pennsylvania","Friendsville","friendsville","borough","41.917923","-76.047727"
"PA","Pennsylvania","Friesville","friesville","cdp","40.294321","-78.463733"
"PA","Pennsylvania","Frisco","frisco","cdp","40.851568","-80.268464"
"PA","Pennsylvania","Frizzleburg","frizzleburg","cdp","41.074025","-80.438923"
"PA","Pennsylvania","Frystown","frystown","cdp","40.455364","-76.324736"
"PA","Pennsylvania","Fullerton","fullerton","cdp","40.630707","-75.480152"
"PA","Pennsylvania","Galeton","galeton","borough","41.734304","-77.643512"
"PA","Pennsylvania","Gallitzin","gallitzin","borough","40.480964","-78.554553"
"PA","Pennsylvania","Ganister","ganister","cdp","40.473606","-78.226673"
"PA","Pennsylvania","Gap","gap","cdp","39.989889","-76.021247"
"PA","Pennsylvania","Garden View","garden view","cdp","41.256525","-77.048135"
"PA","Pennsylvania","Gardners","gardners","cdp","40.006438","-77.208225"
"PA","Pennsylvania","Garrett","garrett","borough","39.864384","-79.061847"
"PA","Pennsylvania","Gastonville","gastonville","cdp","40.26684","-80.009551"
"PA","Pennsylvania","Geeseytown","geeseytown","cdp","40.451552","-78.343973"
"PA","Pennsylvania","Geistown","geistown","borough","40.293596","-78.8726"
"PA","Pennsylvania","Genesee","genesee","cdp","41.991195","-77.865526"
"PA","Pennsylvania","Geneva","geneva","cdp","41.562014","-80.225979"
"PA","Pennsylvania","Georgetown","georgetown","borough","40.642105","-80.498668"
"PA","Pennsylvania","Georgetown","georgetown","cdp","39.9418","-76.08115"
"PA","Pennsylvania","Georgetown","georgetown","cdp","41.227067","-75.872243"
"PA","Pennsylvania","Gettysburg","gettysburg","borough","39.830597","-77.234147"
"PA","Pennsylvania","Gibraltar","gibraltar","cdp","40.279424","-75.856308"
"PA","Pennsylvania","Gibsonia","gibsonia","cdp","40.63223","-79.968348"
"PA","Pennsylvania","Gilberton","gilberton","borough","40.795118","-76.223348"
"PA","Pennsylvania","Gilbertsville","gilbertsville","cdp","40.323041","-75.60863"
"PA","Pennsylvania","Girard","girard","borough","42.004116","-80.319209"
"PA","Pennsylvania","Girardville","girardville","borough","40.792381","-76.282923"
"PA","Pennsylvania","Glasgow","glasgow","borough","40.644495","-80.50767"
"PA","Pennsylvania","Glassport","glassport","borough","40.325814","-79.885985"
"PA","Pennsylvania","Glen Campbell","glen campbell","borough","40.819747","-78.829639"
"PA","Pennsylvania","Glen Hope","glen hope","borough","40.803419","-78.492136"
"PA","Pennsylvania","Glen Lyon","glen lyon","cdp","41.177434","-76.086538"
"PA","Pennsylvania","Glen Osborne","glen osborne","borough","40.529812","-80.167075"
"PA","Pennsylvania","Glen Richey","glen richey","cdp","40.949492","-78.471407"
"PA","Pennsylvania","Glen Rock","glen rock","borough","39.793501","-76.730704"
"PA","Pennsylvania","Glenburn","glenburn","cdp","41.516361","-75.724286"
"PA","Pennsylvania","Glendale","glendale","cdp","40.397878","-80.093156"
"PA","Pennsylvania","Glendon","glendon","borough","40.657583","-75.239993"
"PA","Pennsylvania","Glenfield","glenfield","borough","40.522438","-80.14062"
"PA","Pennsylvania","Glenmoore","glenmoore","cdp","40.086138","-75.789022"
"PA","Pennsylvania","Glenolden","glenolden","borough","39.899627","-75.291954"
"PA","Pennsylvania","Glenshaw","glenshaw","cdp","40.539072","-79.973472"
"PA","Pennsylvania","Glenside","glenside","cdp","40.103249","-75.151877"
"PA","Pennsylvania","Gold Key Lake","gold key lake","cdp","41.314261","-74.943506"
"PA","Pennsylvania","Goldsboro","goldsboro","borough","40.155731","-76.753323"
"PA","Pennsylvania","Goodville","goodville","cdp","40.126901","-76.002655"
"PA","Pennsylvania","Gordon","gordon","borough","40.750116","-76.33993"
"PA","Pennsylvania","Gordonville","gordonville","cdp","40.021116","-76.136502"
"PA","Pennsylvania","Gouglersville","gouglersville","cdp","40.270374","-76.01878"
"PA","Pennsylvania","Gouldsboro","gouldsboro","cdp","41.245668","-75.441703"
"PA","Pennsylvania","Graceton","graceton","cdp","40.507104","-79.168713"
"PA","Pennsylvania","Grampian","grampian","borough","40.964421","-78.611703"
"PA","Pennsylvania","Grantley","grantley","cdp","39.940052","-76.730972"
"PA","Pennsylvania","Granville","granville","cdp","40.55408","-77.615163"
"PA","Pennsylvania","Grapeville","grapeville","cdp","40.325272","-79.605972"
"PA","Pennsylvania","Grassflat","grassflat","cdp","41.007919","-78.108672"
"PA","Pennsylvania","Gratz","gratz","borough","40.607322","-76.715719"
"PA","Pennsylvania","Gray","gray","cdp","40.657622","-78.252075"
"PA","Pennsylvania","Gray","gray","cdp","40.133007","-79.092366"
"PA","Pennsylvania","Grazierville","grazierville","cdp","40.657549","-78.271345"
"PA","Pennsylvania","Great Bend","great bend","borough","41.97303","-75.745218"
"PA","Pennsylvania","Green Hills","green hills","borough","40.115418","-80.305354"
"PA","Pennsylvania","Green Lane","green lane","borough","40.336648","-75.471752"
"PA","Pennsylvania","Green Tree","green tree","borough","40.417056","-80.054317"
"PA","Pennsylvania","Greencastle","greencastle","borough","39.79067","-77.726674"
"PA","Pennsylvania","Greenfields","greenfields","cdp","40.363201","-75.956166"
"PA","Pennsylvania","Greenock","greenock","cdp","40.313177","-79.804178"
"PA","Pennsylvania","Greens Landing","greens landing","cdp","41.936246","-76.545554"
"PA","Pennsylvania","Greensboro","greensboro","borough","39.792124","-79.913032"
"PA","Pennsylvania","Greensburg","greensburg","city","40.311155","-79.544431"
"PA","Pennsylvania","Greenville","greenville","borough","41.405074","-80.383809"
"PA","Pennsylvania","Greenwood","greenwood","cdp","40.537091","-78.354534"
"PA","Pennsylvania","Grier City","grier city","cdp","40.826835","-76.057889"
"PA","Pennsylvania","Grill","grill","cdp","40.298614","-75.934664"
"PA","Pennsylvania","Grindstone","grindstone","cdp","40.021877","-79.823099"
"PA","Pennsylvania","Grove City","grove city","borough","41.157116","-80.088596"
"PA","Pennsylvania","Guilford","guilford","cdp","39.917314","-77.599485"
"PA","Pennsylvania","Guys Mills","guys mills","cdp","41.631964","-79.976702"
"PA","Pennsylvania","Halfway House","halfway house","cdp","40.279622","-75.640538"
"PA","Pennsylvania","Halifax","halifax","borough","40.462859","-76.932499"
"PA","Pennsylvania","Hallam","hallam","borough","40.002431","-76.604163"
"PA","Pennsylvania","Hallstead","hallstead","borough","41.961755","-75.747012"
"PA","Pennsylvania","Hamburg","hamburg","borough","40.556225","-75.982357"
"PA","Pennsylvania","Hamorton","hamorton","cdp","39.867646","-75.65163"
"PA","Pennsylvania","Hampton","hampton","cdp","39.924448","-77.049936"
"PA","Pennsylvania","Hannasville","hannasville","cdp","41.471796","-79.931372"
"PA","Pennsylvania","Hanover","hanover","borough","39.811756","-76.983605"
"PA","Pennsylvania","Harford","harford","cdp","41.781996","-75.706221"
"PA","Pennsylvania","Harlansburg","harlansburg","cdp","41.018656","-80.184754"
"PA","Pennsylvania","Harleigh","harleigh","cdp","40.986229","-75.970333"
"PA","Pennsylvania","Harleysville","harleysville","cdp","40.278403","-75.387857"
"PA","Pennsylvania","Harmonsburg","harmonsburg","cdp","41.665533","-80.314191"
"PA","Pennsylvania","Harmony","harmony","borough","40.801349","-80.124921"
"PA","Pennsylvania","Harrisburg","harrisburg","city","40.275891","-76.88502"
"PA","Pennsylvania","Harrison City","harrison city","cdp","40.354799","-79.650185"
"PA","Pennsylvania","Harrisville","harrisville","borough","41.136407","-80.010746"
"PA","Pennsylvania","Hartleton","hartleton","borough","40.900186","-77.156414"
"PA","Pennsylvania","Hartstown","hartstown","cdp","41.548474","-80.384564"
"PA","Pennsylvania","Harveys Lake","harveys lake","borough","41.364713","-76.044743"
"PA","Pennsylvania","Harwick","harwick","cdp","40.556227","-79.805381"
"PA","Pennsylvania","Hasson Heights","hasson heights","cdp","41.44862","-79.676595"
"PA","Pennsylvania","Hastings","hastings","borough","40.66475","-78.709317"
"PA","Pennsylvania","Hatboro","hatboro","borough","40.17744","-75.105504"
"PA","Pennsylvania","Hatfield","hatfield","borough","40.277095","-75.298872"
"PA","Pennsylvania","Haverford College","haverford college","cdp","40.009262","-75.307376"
"PA","Pennsylvania","Hawk Run","hawk run","cdp","40.924257","-78.20308"
"PA","Pennsylvania","Hawley","hawley","borough","41.475949","-75.175964"
"PA","Pennsylvania","Hawthorn","hawthorn","borough","41.020482","-79.283246"
"PA","Pennsylvania","Haysville","haysville","borough","40.526143","-80.154706"
"PA","Pennsylvania","Hayti","hayti","cdp","39.986939","-75.844108"
"PA","Pennsylvania","Hazen","hazen","cdp","40.81716","-80.247362"
"PA","Pennsylvania","Hazleton","hazleton","city","40.95047","-75.972509"
"PA","Pennsylvania","Hebron","hebron","cdp","40.338927","-76.399676"
"PA","Pennsylvania","Heckscherville","heckscherville","cdp","40.721041","-76.26686"
"PA","Pennsylvania","Hegins","hegins","cdp","40.652375","-76.487552"
"PA","Pennsylvania","Heidelberg","heidelberg","borough","40.391467","-80.092179"
"PA","Pennsylvania","Heidlersburg","heidlersburg","cdp","39.947052","-77.149643"
"PA","Pennsylvania","Heilwood","heilwood","cdp","40.621874","-78.915191"
"PA","Pennsylvania","Hellertown","hellertown","borough","40.581346","-75.337913"
"PA","Pennsylvania","Hemlock Farms","hemlock farms","cdp","41.315756","-75.04982"
"PA","Pennsylvania","Hendersonville","hendersonville","cdp","40.300734","-80.158317"
"PA","Pennsylvania","Henrietta","henrietta","cdp","40.262502","-78.297711"
"PA","Pennsylvania","Hereford","hereford","cdp","40.450942","-75.550389"
"PA","Pennsylvania","Herminie","herminie","cdp","40.263225","-79.713603"
"PA","Pennsylvania","Hermitage","hermitage","city","41.229552","-80.440704"
"PA","Pennsylvania","Herndon","herndon","borough","40.712319","-76.852612"
"PA","Pennsylvania","Hershey","hershey","cdp","40.28001","-76.644328"
"PA","Pennsylvania","Hickory","hickory","cdp","40.295719","-80.305135"
"PA","Pennsylvania","Hickory Hills","hickory hills","cdp","41.03441","-75.820554"
"PA","Pennsylvania","Highland Park","highland park","cdp","40.621671","-77.570621"
"PA","Pennsylvania","Highspire","highspire","borough","40.20861","-76.785533"
"PA","Pennsylvania","Hilldale","hilldale","cdp","41.286895","-75.836058"
"PA","Pennsylvania","Hiller","hiller","cdp","40.007769","-79.910027"
"PA","Pennsylvania","Hillsville","hillsville","cdp","41.011752","-80.49726"
"PA","Pennsylvania","Hinkletown","hinkletown","cdp","40.145236","-76.120807"
"PA","Pennsylvania","Hokendauqua","hokendauqua","cdp","40.658455","-75.495219"
"PA","Pennsylvania","Holiday Pocono","holiday pocono","cdp","41.030757","-75.610698"
"PA","Pennsylvania","Hollidaysburg","hollidaysburg","borough","40.431117","-78.392958"
"PA","Pennsylvania","Holters Crossing","holters crossing","cdp","40.971982","-77.72415"
"PA","Pennsylvania","Homeacre-Lyndora","homeacre lyndora","cdp","40.872097","-79.921114"
"PA","Pennsylvania","Homer City","homer city","borough","40.540735","-79.15995"
"PA","Pennsylvania","Homestead","homestead","borough","40.407278","-79.909894"
"PA","Pennsylvania","Hometown","hometown","cdp","40.821581","-75.986552"
"PA","Pennsylvania","Homewood","homewood","borough","40.813337","-80.32944"
"PA","Pennsylvania","Homewood at Martinsburg","homewood at martinsburg","cdp","40.304508","-78.332406"
"PA","Pennsylvania","Honesdale","honesdale","borough","41.57571","-75.250769"
"PA","Pennsylvania","Honey Brook","honey brook","borough","40.09358","-75.91075"
"PA","Pennsylvania","Hookstown","hookstown","borough","40.598874","-80.47375"
"PA","Pennsylvania","Hooversville","hooversville","borough","40.150459","-78.913303"
"PA","Pennsylvania","Hop Bottom","hop bottom","borough","41.703668","-75.765675"
"PA","Pennsylvania","Hopeland","hopeland","cdp","40.228784","-76.262375"
"PA","Pennsylvania","Hopewell","hopewell","borough","40.135164","-78.265678"
"PA","Pennsylvania","Hopwood","hopwood","cdp","39.877285","-79.701732"
"PA","Pennsylvania","Horsham","horsham","cdp","40.182544","-75.138657"
"PA","Pennsylvania","Hostetter","hostetter","cdp","40.263951","-79.397769"
"PA","Pennsylvania","Houserville","houserville","cdp","40.826587","-77.822668"
"PA","Pennsylvania","Houston","houston","borough","40.249451","-80.21113"
"PA","Pennsylvania","Houtzdale","houtzdale","borough","40.825074","-78.351013"
"PA","Pennsylvania","Howard","howard","borough","41.011386","-77.657314"
"PA","Pennsylvania","Hublersburg","hublersburg","cdp","40.960921","-77.609128"
"PA","Pennsylvania","Hudson","hudson","cdp","41.277249","-75.831171"
"PA","Pennsylvania","Hughestown","hughestown","borough","41.328927","-75.77003"
"PA","Pennsylvania","Hughesville","hughesville","borough","41.239049","-76.725376"
"PA","Pennsylvania","Hulmeville","hulmeville","borough","40.143277","-74.906944"
"PA","Pennsylvania","Hummels Wharf","hummels wharf","cdp","40.831185","-76.842253"
"PA","Pennsylvania","Hummelstown","hummelstown","borough","40.265326","-76.712873"
"PA","Pennsylvania","Hunker","hunker","borough","40.204003","-79.615471"
"PA","Pennsylvania","Hunterstown","hunterstown","cdp","39.884779","-77.154984"
"PA","Pennsylvania","Huntingdon","huntingdon","borough","40.498154","-78.007336"
"PA","Pennsylvania","Hustontown","hustontown","cdp","40.04831","-78.027422"
"PA","Pennsylvania","Hyde","hyde","cdp","41.006957","-78.467848"
"PA","Pennsylvania","Hyde Park","hyde park","borough","40.631645","-79.589328"
"PA","Pennsylvania","Hyde Park","hyde park","cdp","40.375785","-75.924057"
"PA","Pennsylvania","Hydetown","hydetown","borough","41.651594","-79.72406"
"PA","Pennsylvania","Hyndman","hyndman","borough","39.820893","-78.721491"
"PA","Pennsylvania","Hyner","hyner","cdp","41.337455","-77.641831"
"PA","Pennsylvania","Ickesburg","ickesburg","cdp","40.458691","-77.354115"
"PA","Pennsylvania","Idaville","idaville","cdp","40.021563","-77.20623"
"PA","Pennsylvania","Imperial","imperial","cdp","40.453677","-80.249934"
"PA","Pennsylvania","Indian Lake","indian lake","borough","40.0418","-78.866871"
"PA","Pennsylvania","Indian Mountain Lake","indian mountain lake","cdp","41.00031","-75.507524"
"PA","Pennsylvania","Indian Rocks","indian rocks","cdp","41.372174","-75.322796"
"PA","Pennsylvania","Indiana","indiana","borough","40.621954","-79.155283"
"PA","Pennsylvania","Industry","industry","borough","40.656819","-80.41092"
"PA","Pennsylvania","Industry","industry","cdp","40.266539","-79.793128"
"PA","Pennsylvania","Ingram","ingram","borough","40.444827","-80.068508"
"PA","Pennsylvania","Inkerman","inkerman","cdp","41.29688","-75.816608"
"PA","Pennsylvania","Intercourse","intercourse","cdp","40.03639","-76.105819"
"PA","Pennsylvania","Iola","iola","cdp","41.133818","-76.53069"
"PA","Pennsylvania","Ironville","ironville","cdp","40.658574","-78.215678"
"PA","Pennsylvania","Irvona","irvona","borough","40.77383","-78.550269"
"PA","Pennsylvania","Irwin","irwin","borough","40.325068","-79.699757"
"PA","Pennsylvania","Ivyland","ivyland","borough","40.207958","-75.073492"
"PA","Pennsylvania","Jackson Center","jackson center","borough","41.273129","-80.13968"
"PA","Pennsylvania","Jacksonville","jacksonville","cdp","40.992046","-77.633978"
"PA","Pennsylvania","Jacksonville","jacksonville","cdp","40.56093","-79.30181"
"PA","Pennsylvania","Jacksonwald","jacksonwald","cdp","40.33109","-75.83613"
"PA","Pennsylvania","Jacobus","jacobus","borough","39.882462","-76.712125"
"PA","Pennsylvania","James City","james city","cdp","41.615684","-78.847378"
"PA","Pennsylvania","Jamestown","jamestown","borough","41.484108","-80.437245"
"PA","Pennsylvania","Jamestown","jamestown","cdp","40.403691","-78.658825"
"PA","Pennsylvania","Jamison City","jamison city","cdp","41.297298","-76.370313"
"PA","Pennsylvania","Jeannette","jeannette","city","40.327756","-79.613906"
"PA","Pennsylvania","Jeddo","jeddo","borough","40.990351","-75.895809"
"PA","Pennsylvania","Jefferson","jefferson","borough","39.93045","-80.057713"
"PA","Pennsylvania","Jefferson","jefferson","borough","39.812348","-76.843033"
"PA","Pennsylvania","Jefferson Hills","jefferson hills","borough","40.297236","-79.942469"
"PA","Pennsylvania","Jenkintown","jenkintown","borough","40.096296","-75.129753"
"PA","Pennsylvania","Jennerstown","jennerstown","borough","40.163279","-79.061039"
"PA","Pennsylvania","Jermyn","jermyn","borough","41.527298","-75.545436"
"PA","Pennsylvania","Jerome","jerome","cdp","40.213543","-78.980864"
"PA","Pennsylvania","Jersey Shore","jersey shore","borough","41.200731","-77.266569"
"PA","Pennsylvania","Jerseytown","jerseytown","cdp","41.089035","-76.580154"
"PA","Pennsylvania","Jessup","jessup","borough","41.452222","-75.54128"
"PA","Pennsylvania","Jim Thorpe","jim thorpe","borough","40.857215","-75.776338"
"PA","Pennsylvania","Joffre","joffre","cdp","40.380891","-80.353172"
"PA","Pennsylvania","Johnsonburg","johnsonburg","borough","41.492224","-78.678766"
"PA","Pennsylvania","Johnstown","johnstown","city","40.326132","-78.919139"
"PA","Pennsylvania","Jonestown","jonestown","borough","40.412972","-76.480726"
"PA","Pennsylvania","Jonestown","jonestown","cdp","41.126731","-76.309451"
"PA","Pennsylvania","Jugtown","jugtown","cdp","40.33623","-78.326984"
"PA","Pennsylvania","Julian","julian","cdp","40.861484","-77.942857"
"PA","Pennsylvania","Juniata Gap","juniata gap","cdp","40.551813","-78.433173"
"PA","Pennsylvania","Juniata Terrace","juniata terrace","borough","40.585491","-77.578351"
"PA","Pennsylvania","Kane","kane","borough","41.663008","-78.809016"
"PA","Pennsylvania","Kapp Heights","kapp heights","cdp","40.899495","-76.808933"
"PA","Pennsylvania","Karns City","karns city","borough","40.996952","-79.726353"
"PA","Pennsylvania","Karthaus","karthaus","cdp","41.121974","-78.120602"
"PA","Pennsylvania","Kelayres","kelayres","cdp","40.900734","-76.004552"
"PA","Pennsylvania","Kempton","kempton","cdp","40.628836","-75.855575"
"PA","Pennsylvania","Kenhorst","kenhorst","borough","40.306848","-75.943817"
"PA","Pennsylvania","Kenilworth","kenilworth","cdp","40.224868","-75.634288"
"PA","Pennsylvania","Kenmar","kenmar","cdp","41.254525","-76.954959"
"PA","Pennsylvania","Kennerdell","kennerdell","cdp","41.278697","-79.821951"
"PA","Pennsylvania","Kennett Square","kennett square","borough","39.843841","-75.711296"
"PA","Pennsylvania","Kerrtown","kerrtown","cdp","41.626643","-80.169107"
"PA","Pennsylvania","Kersey","kersey","cdp","41.357261","-78.609208"
"PA","Pennsylvania","Kimberton","kimberton","cdp","40.132126","-75.573667"
"PA","Pennsylvania","King of Prussia","king of prussia","cdp","40.096029","-75.379074"
"PA","Pennsylvania","Kingston","kingston","borough","41.264754","-75.886574"
"PA","Pennsylvania","Kirkwood","kirkwood","cdp","39.847079","-76.083376"
"PA","Pennsylvania","Kiskimere","kiskimere","cdp","40.619013","-79.585698"
"PA","Pennsylvania","Kistler","kistler","borough","40.377003","-77.865437"
"PA","Pennsylvania","Kittanning","kittanning","borough","40.8287","-79.518688"
"PA","Pennsylvania","Klahr","klahr","cdp","40.297763","-78.512951"
"PA","Pennsylvania","Klingerstown","klingerstown","cdp","40.658894","-76.693058"
"PA","Pennsylvania","Knox","knox","borough","41.234429","-79.536064"
"PA","Pennsylvania","Knoxville","knoxville","borough","41.960452","-77.437917"
"PA","Pennsylvania","Koppel","koppel","borough","40.835927","-80.318307"
"PA","Pennsylvania","Kratzerville","kratzerville","cdp","40.856055","-76.891172"
"PA","Pennsylvania","Kreamer","kreamer","cdp","40.798499","-76.973092"
"PA","Pennsylvania","Kulpmont","kulpmont","borough","40.795436","-76.472057"
"PA","Pennsylvania","Kulpsville","kulpsville","cdp","40.243943","-75.340698"
"PA","Pennsylvania","Kutztown","kutztown","borough","40.521313","-75.777288"
"PA","Pennsylvania","Kutztown University","kutztown university","cdp","40.510369","-75.784397"
"PA","Pennsylvania","Kylertown","kylertown","cdp","40.998873","-78.167983"
"PA","Pennsylvania","Laboratory","laboratory","cdp","40.151392","-80.214708"
"PA","Pennsylvania","Laceyville","laceyville","borough","41.645903","-76.158727"
"PA","Pennsylvania","Laflin","laflin","borough","41.289844","-75.79441"
"PA","Pennsylvania","Lake Arthur Estates","lake arthur estates","cdp","40.961625","-80.148257"
"PA","Pennsylvania","Lake City","lake city","borough","42.017727","-80.346301"
"PA","Pennsylvania","Lake Heritage","lake heritage","cdp","39.807872","-77.184177"
"PA","Pennsylvania","Lake Latonka","lake latonka","cdp","41.281851","-80.185912"
"PA","Pennsylvania","Lake Meade","lake meade","cdp","39.984182","-77.037367"
"PA","Pennsylvania","Lake Wallenpaupack Estates","lake wallenpaupack estates","cdp","41.363953","-75.32728"
"PA","Pennsylvania","Lake Winola","lake winola","cdp","41.515332","-75.848484"
"PA","Pennsylvania","Lake Wynonah","lake wynonah","cdp","40.591149","-76.170433"
"PA","Pennsylvania","Lakemont","lakemont","cdp","40.464225","-78.392763"
"PA","Pennsylvania","Lakeside","lakeside","cdp","41.862447","-75.648316"
"PA","Pennsylvania","Lamar","lamar","cdp","41.010035","-77.523444"
"PA","Pennsylvania","Lampeter","lampeter","cdp","39.993628","-76.245295"
"PA","Pennsylvania","Lancaster","lancaster","city","40.042061","-76.30099"
"PA","Pennsylvania","Landingville","landingville","borough","40.623154","-76.122675"
"PA","Pennsylvania","Landisburg","landisburg","borough","40.342981","-77.305618"
"PA","Pennsylvania","Landisville","landisville","cdp","40.090065","-76.405324"
"PA","Pennsylvania","Lanesboro","lanesboro","borough","41.963682","-75.576164"
"PA","Pennsylvania","Langeloth","langeloth","cdp","40.36314","-80.413666"
"PA","Pennsylvania","Langhorne","langhorne","borough","40.177453","-74.923416"
"PA","Pennsylvania","Langhorne Manor","langhorne manor","borough","40.165957","-74.918253"
"PA","Pennsylvania","Lansdale","lansdale","borough","40.241654","-75.281208"
"PA","Pennsylvania","Lansdowne","lansdowne","borough","39.940759","-75.27603"
"PA","Pennsylvania","Lanse","lanse","cdp","40.961123","-78.115673"
"PA","Pennsylvania","Lansford","lansford","borough","40.833033","-75.884397"
"PA","Pennsylvania","Laporte","laporte","borough","41.417126","-76.492401"
"PA","Pennsylvania","Larke","larke","cdp","40.424916","-78.208624"
"PA","Pennsylvania","Larksville","larksville","borough","41.264013","-75.930896"
"PA","Pennsylvania","Latrobe","latrobe","borough","40.312434","-79.382596"
"PA","Pennsylvania","Lattimer","lattimer","cdp","40.992925","-75.960661"
"PA","Pennsylvania","Laurel Lake","laurel lake","cdp","41.952673","-75.922572"
"PA","Pennsylvania","Laurel Mountain","laurel mountain","borough","40.211168","-79.185012"
"PA","Pennsylvania","Laurel Run","laurel run","borough","41.219459","-75.84461"
"PA","Pennsylvania","Laureldale","laureldale","borough","40.389705","-75.913458"
"PA","Pennsylvania","Laurelton","laurelton","cdp","40.878987","-77.204312"
"PA","Pennsylvania","Laurys Station","laurys station","cdp","40.723499","-75.543084"
"PA","Pennsylvania","Lavelle","lavelle","cdp","40.762314","-76.386879"
"PA","Pennsylvania","Lawnton","lawnton","cdp","40.265251","-76.79843"
"PA","Pennsylvania","Lawrence","lawrence","cdp","40.303102","-80.119608"
"PA","Pennsylvania","Lawrence Park","lawrence park","cdp","42.150606","-80.022999"
"PA","Pennsylvania","Lawrenceville","lawrenceville","borough","41.996136","-77.130392"
"PA","Pennsylvania","Lawson Heights","lawson heights","cdp","40.293802","-79.387335"
"PA","Pennsylvania","Leamersville","leamersville","cdp","40.37427","-78.431336"
"PA","Pennsylvania","Lebanon","lebanon","city","40.341193","-76.422735"
"PA","Pennsylvania","Lebanon South","lebanon south","cdp","40.328112","-76.406778"
"PA","Pennsylvania","Leechburg","leechburg","borough","40.630442","-79.602156"
"PA","Pennsylvania","Leeper","leeper","cdp","41.370455","-79.305587"
"PA","Pennsylvania","Leesport","leesport","borough","40.444433","-75.967191"
"PA","Pennsylvania","Leetsdale","leetsdale","borough","40.56389","-80.216015"
"PA","Pennsylvania","Lehighton","lehighton","borough","40.827662","-75.716547"
"PA","Pennsylvania","Leith-Hatfield","leith hatfield","cdp","39.877217","-79.731331"
"PA","Pennsylvania","Lemont","lemont","cdp","40.811936","-77.816177"
"PA","Pennsylvania","Lemont Furnace","lemont furnace","cdp","39.911058","-79.663031"
"PA","Pennsylvania","Lemoyne","lemoyne","borough","40.244217","-76.899119"
"PA","Pennsylvania","Lenape Heights","lenape heights","cdp","40.763374","-79.521619"
"PA","Pennsylvania","Lenhartsville","lenhartsville","borough","40.571275","-75.889719"
"PA","Pennsylvania","Lenkerville","lenkerville","cdp","40.532687","-76.959428"
"PA","Pennsylvania","Leola","leola","cdp","40.092953","-76.188963"
"PA","Pennsylvania","LeRaysville","leraysville","borough","41.837644","-76.173693"
"PA","Pennsylvania","Level Green","level green","cdp","40.390203","-79.721495"
"PA","Pennsylvania","Levittown","levittown","cdp","40.152343","-74.85234"
"PA","Pennsylvania","Lewis Run","lewis run","borough","41.867552","-78.654034"
"PA","Pennsylvania","Lewisberry","lewisberry","borough","40.135779","-76.86062"
"PA","Pennsylvania","Lewisburg","lewisburg","borough","40.964126","-76.889957"
"PA","Pennsylvania","Lewistown","lewistown","borough","40.597204","-77.571278"
"PA","Pennsylvania","Liberty","liberty","borough","40.3217","-79.863158"
"PA","Pennsylvania","Liberty","liberty","borough","41.558497","-77.10552"
"PA","Pennsylvania","Lightstreet","lightstreet","cdp","41.039781","-76.418697"
"PA","Pennsylvania","Ligonier","ligonier","borough","40.24494","-79.237487"
"PA","Pennsylvania","Lilly","lilly","borough","40.424242","-78.620203"
"PA","Pennsylvania","Lima","lima","cdp","39.919449","-75.441534"
"PA","Pennsylvania","Lime Ridge","lime ridge","cdp","41.026078","-76.350118"
"PA","Pennsylvania","Lincoln","lincoln","borough","40.291407","-79.859919"
"PA","Pennsylvania","Lincoln Park","lincoln park","cdp","40.314696","-75.988597"
"PA","Pennsylvania","Lincoln University","lincoln university","cdp","39.806469","-75.927906"
"PA","Pennsylvania","Lincolnville","lincolnville","cdp","41.790271","-79.839301"
"PA","Pennsylvania","Linds Crossing","linds crossing","cdp","40.440108","-78.323273"
"PA","Pennsylvania","Linesville","linesville","borough","41.6564","-80.422396"
"PA","Pennsylvania","Linglestown","linglestown","cdp","40.34435","-76.794824"
"PA","Pennsylvania","Linntown","linntown","cdp","40.956346","-76.900503"
"PA","Pennsylvania","Linwood","linwood","cdp","39.825374","-75.425239"
"PA","Pennsylvania","Lionville","lionville","cdp","40.053656","-75.644767"
"PA","Pennsylvania","Lititz","lititz","borough","40.153998","-76.304314"
"PA","Pennsylvania","Little Britain","little britain","cdp","39.778999","-76.108668"
"PA","Pennsylvania","Little Meadows","little meadows","borough","41.989031","-76.127729"
"PA","Pennsylvania","Littlestown","littlestown","borough","39.745483","-77.085706"
"PA","Pennsylvania","Liverpool","liverpool","borough","40.573461","-76.992598"
"PA","Pennsylvania","Llewellyn","llewellyn","cdp","40.672411","-76.277632"
"PA","Pennsylvania","Lock Haven","lock haven","city","41.137115","-77.453239"
"PA","Pennsylvania","Locust Gap","locust gap","cdp","40.769997","-76.440649"
"PA","Pennsylvania","Locustdale","locustdale","cdp","40.778538","-76.373632"
"PA","Pennsylvania","Loganton","loganton","borough","41.034229","-77.302333"
"PA","Pennsylvania","Loganville","loganville","borough","39.855938","-76.707872"
"PA","Pennsylvania","Long Branch","long branch","borough","40.098348","-79.880078"
"PA","Pennsylvania","Longfellow","longfellow","cdp","40.506642","-77.665649"
"PA","Pennsylvania","Loop","loop","cdp","40.426292","-78.361865"
"PA","Pennsylvania","Lorain","lorain","borough","40.296033","-78.896074"
"PA","Pennsylvania","Lorane","lorane","cdp","40.29422","-75.848207"
"PA","Pennsylvania","Loretto","loretto","borough","40.508398","-78.635148"
"PA","Pennsylvania","Lower Allen","lower allen","cdp","40.226748","-76.902769"
"PA","Pennsylvania","Lower Burrell","lower burrell","city","40.58329","-79.718007"
"PA","Pennsylvania","Loyalhanna","loyalhanna","cdp","40.314436","-79.356094"
"PA","Pennsylvania","Loysville","loysville","cdp","40.370249","-77.335423"
"PA","Pennsylvania","Lucerne Mines","lucerne mines","cdp","40.556545","-79.153895"
"PA","Pennsylvania","Lumber City","lumber city","cdp","40.657929","-77.601238"
"PA","Pennsylvania","Luthersburg","luthersburg","cdp","41.049779","-78.713223"
"PA","Pennsylvania","Luzerne","luzerne","borough","41.286856","-75.896836"
"PA","Pennsylvania","Lykens","lykens","borough","40.56411","-76.69838"
"PA","Pennsylvania","Lynnwood-Pricedale","lynnwood pricedale","cdp","40.130076","-79.851945"
"PA","Pennsylvania","Lyons","lyons","borough","40.480578","-75.758948"
"PA","Pennsylvania","Mackeyville","mackeyville","cdp","41.053699","-77.463674"
"PA","Pennsylvania","Macungie","macungie","borough","40.515911","-75.554084"
"PA","Pennsylvania","Madera","madera","cdp","40.829198","-78.43033"
"PA","Pennsylvania","Madison","madison","borough","40.245557","-79.674861"
"PA","Pennsylvania","Madisonburg","madisonburg","cdp","40.926812","-77.518594"
"PA","Pennsylvania","Mahaffey","mahaffey","borough","40.873883","-78.727101"
"PA","Pennsylvania","Mahanoy City","mahanoy city","borough","40.812627","-76.138184"
"PA","Pennsylvania","Mainesburg","mainesburg","cdp","41.781981","-76.994683"
"PA","Pennsylvania","Mainville","mainville","cdp","40.982644","-76.369505"
"PA","Pennsylvania","Maitland","maitland","cdp","40.623731","-77.499278"
"PA","Pennsylvania","Malvern","malvern","borough","40.033147","-75.515363"
"PA","Pennsylvania","Mammoth","mammoth","cdp","40.198687","-79.462864"
"PA","Pennsylvania","Manchester","manchester","borough","40.061202","-76.719425"
"PA","Pennsylvania","Manheim","manheim","borough","40.163273","-76.395973"
"PA","Pennsylvania","Manns Choice","manns choice","borough","40.003316","-78.590802"
"PA","Pennsylvania","Manor","manor","borough","40.345939","-79.669268"
"PA","Pennsylvania","Manorville","manorville","borough","40.787837","-79.520848"
"PA","Pennsylvania","Mansfield","mansfield","borough","41.806178","-77.078376"
"PA","Pennsylvania","Maple Glen","maple glen","cdp","40.177757","-75.179243"
"PA","Pennsylvania","Mapleton","mapleton","borough","40.391976","-77.941647"
"PA","Pennsylvania","Mapletown","mapletown","cdp","39.805239","-79.940054"
"PA","Pennsylvania","Marcus Hook","marcus hook","borough","39.81287","-75.41624"
"PA","Pennsylvania","Marianna","marianna","borough","40.012824","-80.112099"
"PA","Pennsylvania","Marianne","marianne","cdp","41.244734","-79.433012"
"PA","Pennsylvania","Marienville","marienville","cdp","41.468751","-79.118138"
"PA","Pennsylvania","Marietta","marietta","borough","40.057043","-76.551723"
"PA","Pennsylvania","Marion","marion","cdp","39.860593","-77.701529"
"PA","Pennsylvania","Marion Center","marion center","borough","40.770518","-79.04721"
"PA","Pennsylvania","Marion Heights","marion heights","borough","40.803651","-76.464339"
"PA","Pennsylvania","Marklesburg","marklesburg","borough","40.384007","-78.168619"
"PA","Pennsylvania","Markleysburg","markleysburg","borough","39.736099","-79.451856"
"PA","Pennsylvania","Marlin","marlin","cdp","40.678975","-76.243966"
"PA","Pennsylvania","Mars","mars","borough","40.696952","-80.014099"
"PA","Pennsylvania","Marshallton","marshallton","cdp","39.947965","-75.677118"
"PA","Pennsylvania","Marshallton","marshallton","cdp","40.785128","-76.536496"
"PA","Pennsylvania","Martins Creek","martins creek","cdp","40.782713","-75.190213"
"PA","Pennsylvania","Martinsburg","martinsburg","borough","40.310917","-78.324286"
"PA","Pennsylvania","Martinsburg Junction","martinsburg junction","cdp","40.310206","-78.3365"
"PA","Pennsylvania","Maryd","maryd","cdp","40.759361","-76.055738"
"PA","Pennsylvania","Marysville","marysville","borough","40.337629","-76.932069"
"PA","Pennsylvania","Masontown","masontown","borough","39.848744","-79.908736"
"PA","Pennsylvania","Masthope","masthope","cdp","41.516571","-75.025362"
"PA","Pennsylvania","Matamoras","matamoras","borough","41.366596","-74.699671"
"PA","Pennsylvania","Mather","mather","cdp","39.935584","-80.074474"
"PA","Pennsylvania","Mattawana","mattawana","cdp","40.496849","-77.727253"
"PA","Pennsylvania","Maxatawny","maxatawny","cdp","40.541207","-75.691937"
"PA","Pennsylvania","Mayfield","mayfield","borough","41.539668","-75.531066"
"PA","Pennsylvania","Maytown","maytown","cdp","40.083556","-76.56644"
"PA","Pennsylvania","McAdoo","mcadoo","borough","40.900964","-75.992382"
"PA","Pennsylvania","McAlisterville","mcalisterville","cdp","40.637977","-77.27301"
"PA","Pennsylvania","McClure","mcclure","borough","40.707798","-77.311367"
"PA","Pennsylvania","McConnellsburg","mcconnellsburg","borough","39.932","-77.995793"
"PA","Pennsylvania","McConnellstown","mcconnellstown","cdp","40.46438","-78.066937"
"PA","Pennsylvania","McDonald","mcdonald","borough","40.37007","-80.232521"
"PA","Pennsylvania","McElhattan","mcelhattan","cdp","41.153938","-77.352108"
"PA","Pennsylvania","McEwensville","mcewensville","borough","41.072324","-76.818762"
"PA","Pennsylvania","McGovern","mcgovern","cdp","40.236233","-80.226766"
"PA","Pennsylvania","McKean","mckean","borough","41.998484","-80.139587"
"PA","Pennsylvania","McKeansburg","mckeansburg","cdp","40.682314","-76.019556"
"PA","Pennsylvania","McKee","mckee","cdp","40.360453","-78.421066"
"PA","Pennsylvania","McKees Rocks","mckees rocks","borough","40.469019","-80.063328"
"PA","Pennsylvania","McKeesport","mckeesport","city","40.341877","-79.845007"
"PA","Pennsylvania","McKinley","mckinley","cdp","40.084013","-75.110677"
"PA","Pennsylvania","McKnightstown","mcknightstown","cdp","39.873488","-77.330218"
"PA","Pennsylvania","McMurray","mcmurray","cdp","40.281468","-80.087433"
"PA","Pennsylvania","McSherrystown","mcsherrystown","borough","39.803527","-77.019894"
"PA","Pennsylvania","McVeytown","mcveytown","borough","40.498615","-77.741124"
"PA","Pennsylvania","Meadowlands","meadowlands","cdp","40.217306","-80.229979"
"PA","Pennsylvania","Meadowood","meadowood","cdp","40.84074","-79.895954"
"PA","Pennsylvania","Meadville","meadville","city","41.647878","-80.147438"
"PA","Pennsylvania","Mechanicsburg","mechanicsburg","borough","40.211404","-77.00593"
"PA","Pennsylvania","Mechanicsville","mechanicsville","borough","40.690826","-76.180687"
"PA","Pennsylvania","Media","media","borough","39.92004","-75.388333"
"PA","Pennsylvania","Mehoopany","mehoopany","cdp","41.567048","-76.062171"
"PA","Pennsylvania","Melrose Park","melrose park","cdp","40.063903","-75.127501"
"PA","Pennsylvania","Mercer","mercer","borough","41.22653","-80.236253"
"PA","Pennsylvania","Mercersburg","mercersburg","borough","39.831886","-77.90289"
"PA","Pennsylvania","Meridian","meridian","cdp","40.852595","-79.954854"
"PA","Pennsylvania","Merion Station","merion station","cdp","40.003564","-75.250088"
"PA","Pennsylvania","Mertztown","mertztown","cdp","40.501714","-75.664612"
"PA","Pennsylvania","Meshoppen","meshoppen","borough","41.609263","-76.041819"
"PA","Pennsylvania","Messiah College","messiah college","cdp","40.157418","-76.982115"
"PA","Pennsylvania","Mexico","mexico","cdp","40.54165","-77.358283"
"PA","Pennsylvania","Meyersdale","meyersdale","borough","39.813339","-79.027697"
"PA","Pennsylvania","Middleburg","middleburg","borough","40.7895","-77.044862"
"PA","Pennsylvania","Middleport","middleport","borough","40.727784","-76.086824"
"PA","Pennsylvania","Middletown","middletown","borough","40.200888","-76.729183"
"PA","Pennsylvania","Middletown","middletown","cdp","40.644006","-75.324584"
"PA","Pennsylvania","Midland","midland","borough","40.634358","-80.458011"
"PA","Pennsylvania","Midland","midland","cdp","40.257102","-80.216168"
"PA","Pennsylvania","Midway","midway","borough","40.368664","-80.291209"
"PA","Pennsylvania","Midway","midway","cdp","39.807917","-77.005203"
"PA","Pennsylvania","Mifflin","mifflin","borough","40.56857","-77.404539"
"PA","Pennsylvania","Mifflinburg","mifflinburg","borough","40.91956","-77.047424"
"PA","Pennsylvania","Mifflintown","mifflintown","borough","40.571174","-77.39514"
"PA","Pennsylvania","Mifflinville","mifflinville","cdp","41.030711","-76.302779"
"PA","Pennsylvania","Mildred","mildred","cdp","41.475976","-76.380201"
"PA","Pennsylvania","Milesburg","milesburg","borough","40.942383","-77.791686"
"PA","Pennsylvania","Milford","milford","borough","41.323661","-74.801019"
"PA","Pennsylvania","Milford Square","milford square","cdp","40.433182","-75.405024"
"PA","Pennsylvania","Mill Creek","mill creek","borough","40.437031","-77.930955"
"PA","Pennsylvania","Mill Hall","mill hall","borough","41.105235","-77.488485"
"PA","Pennsylvania","Mill Run","mill run","cdp","40.50553","-78.433132"
"PA","Pennsylvania","Mill Village","mill village","borough","41.877511","-79.972625"
"PA","Pennsylvania","Millbourne","millbourne","borough","39.963735","-75.252615"
"PA","Pennsylvania","Millersburg","millersburg","borough","40.543191","-76.952904"
"PA","Pennsylvania","Millerstown","millerstown","borough","40.555738","-77.151474"
"PA","Pennsylvania","Millerstown","millerstown","cdp","40.277124","-78.302912"
"PA","Pennsylvania","Millersville","millersville","borough","40.005322","-76.35176"
"PA","Pennsylvania","Millerton","millerton","cdp","41.986774","-76.939696"
"PA","Pennsylvania","Millheim","millheim","borough","40.893647","-77.476547"
"PA","Pennsylvania","Millsboro","millsboro","cdp","39.990132","-80.002241"
"PA","Pennsylvania","Millvale","millvale","borough","40.481749","-79.973795"
"PA","Pennsylvania","Millville","millville","borough","41.120975","-76.525613"
"PA","Pennsylvania","Millwood","millwood","cdp","40.3504","-79.285332"
"PA","Pennsylvania","Milroy","milroy","cdp","40.71936","-77.58999"
"PA","Pennsylvania","Milton","milton","borough","41.002297","-76.851007"
"PA","Pennsylvania","Mineral Springs","mineral springs","cdp","40.99597","-78.36889"
"PA","Pennsylvania","Minersville","minersville","borough","40.690801","-76.259413"
"PA","Pennsylvania","Mingoville","mingoville","cdp","40.936973","-77.659649"
"PA","Pennsylvania","Misericordia University","misericordia university","cdp","41.34605","-75.971038"
"PA","Pennsylvania","Mocanaqua","mocanaqua","cdp","41.13856","-76.133128"
"PA","Pennsylvania","Modena","modena","borough","39.963913","-75.805064"
"PA","Pennsylvania","Mohnton","mohnton","borough","40.287457","-75.986899"
"PA","Pennsylvania","Mohrsville","mohrsville","cdp","40.475362","-75.979932"
"PA","Pennsylvania","Monaca","monaca","borough","40.683423","-80.273427"
"PA","Pennsylvania","Monessen","monessen","city","40.151966","-79.883008"
"PA","Pennsylvania","Monongahela","monongahela","city","40.191166","-79.922476"
"PA","Pennsylvania","Monroe","monroe","borough","41.712136","-76.475114"
"PA","Pennsylvania","Monroeville","monroeville","municipality","40.426324","-79.761379"
"PA","Pennsylvania","Mont Alto","mont alto","borough","39.840401","-77.555719"
"PA","Pennsylvania","Mont Clare","mont clare","cdp","40.136683","-75.499347"
"PA","Pennsylvania","Montandon","montandon","cdp","40.965461","-76.852953"
"PA","Pennsylvania","Montgomery","montgomery","borough","41.173681","-76.868776"
"PA","Pennsylvania","Montgomeryville","montgomeryville","cdp","40.250233","-75.240509"
"PA","Pennsylvania","Montoursville","montoursville","borough","41.246493","-76.9167"
"PA","Pennsylvania","Montrose","montrose","borough","41.833441","-75.876092"
"PA","Pennsylvania","Montrose Manor","montrose manor","cdp","40.306297","-75.987177"
"PA","Pennsylvania","Monument","monument","cdp","41.111186","-77.70422"
"PA","Pennsylvania","Moores Mill","moores mill","cdp","40.493093","-78.266485"
"PA","Pennsylvania","Moose Run","moose run","cdp","40.953052","-77.803153"
"PA","Pennsylvania","Moosic","moosic","borough","41.356041","-75.704697"
"PA","Pennsylvania","Morea","morea","cdp","40.789175","-76.172831"
"PA","Pennsylvania","Morgan Hill","morgan hill","cdp","40.666508","-75.204039"
"PA","Pennsylvania","Morgantown","morgantown","cdp","40.150068","-75.887328"
"PA","Pennsylvania","Morris Run","morris run","cdp","41.67623","-77.018737"
"PA","Pennsylvania","Morrisdale","morrisdale","cdp","40.948891","-78.228307"
"PA","Pennsylvania","Morrisville","morrisville","borough","40.207644","-74.780269"
"PA","Pennsylvania","Morrisville","morrisville","cdp","39.90068","-80.167815"
"PA","Pennsylvania","Morton","morton","borough","39.911583","-75.326754"
"PA","Pennsylvania","Moscow","moscow","borough","41.342168","-75.527938"
"PA","Pennsylvania","Moshannon","moshannon","cdp","41.034184","-78.006936"
"PA","Pennsylvania","Mount Aetna","mount aetna","cdp","40.420391","-76.296435"
"PA","Pennsylvania","Mount Bethel","mount bethel","cdp","40.899594","-75.112739"
"PA","Pennsylvania","Mount Carbon","mount carbon","borough","40.673329","-76.188381"
"PA","Pennsylvania","Mount Carmel","mount carmel","borough","40.795904","-76.411997"
"PA","Pennsylvania","Mount Cobb","mount cobb","cdp","41.425924","-75.497592"
"PA","Pennsylvania","Mount Eagle","mount eagle","cdp","40.980004","-77.705821"
"PA","Pennsylvania","Mount Gretna","mount gretna","borough","40.24556","-76.471478"
"PA","Pennsylvania","Mount Gretna Heights","mount gretna heights","cdp","40.249674","-76.465733"
"PA","Pennsylvania","Mount Holly Springs","mount holly springs","borough","40.109283","-77.182874"
"PA","Pennsylvania","Mount Jackson","mount jackson","cdp","40.968135","-80.432262"
"PA","Pennsylvania","Mount Jewett","mount jewett","borough","41.729097","-78.640278"
"PA","Pennsylvania","Mount Joy","mount joy","borough","40.110613","-76.50572"
"PA","Pennsylvania","Mount Morris","mount morris","cdp","39.73325","-80.081989"
"PA","Pennsylvania","Mount Oliver","mount oliver","borough","40.411274","-79.985639"
"PA","Pennsylvania","Mount Penn","mount penn","borough","40.328644","-75.88976"
"PA","Pennsylvania","Mount Pleasant","mount pleasant","borough","40.150932","-79.543363"
"PA","Pennsylvania","Mount Pleasant Mills","mount pleasant mills","cdp","40.724697","-77.026451"
"PA","Pennsylvania","Mount Pocono","mount pocono","borough","41.122493","-75.357768"
"PA","Pennsylvania","Mount Royal","mount royal","cdp","40.037999","-76.886993"
"PA","Pennsylvania","Mount Union","mount union","borough","40.384079","-77.88152"
"PA","Pennsylvania","Mount Wolf","mount wolf","borough","40.061672","-76.705197"
"PA","Pennsylvania","Mountain Top","mountain top","cdp","41.135302","-75.90443"
"PA","Pennsylvania","Mountainhome","mountainhome","cdp","41.177935","-75.263251"
"PA","Pennsylvania","Mountville","mountville","borough","40.040745","-76.434924"
"PA","Pennsylvania","Muhlenberg Park","muhlenberg park","cdp","40.386837","-75.939758"
"PA","Pennsylvania","Muir","muir","cdp","40.594297","-76.518657"
"PA","Pennsylvania","Muncy","muncy","borough","41.202161","-76.785507"
"PA","Pennsylvania","Mundys Corner","mundys corner","cdp","40.443125","-78.832451"
"PA","Pennsylvania","Munhall","munhall","borough","40.393601","-79.900954"
"PA","Pennsylvania","Murrysville","murrysville","municipality","40.442861","-79.658311"
"PA","Pennsylvania","Muse","muse","cdp","40.29233","-80.205553"
"PA","Pennsylvania","Myerstown","myerstown","borough","40.372139","-76.305579"
"PA","Pennsylvania","Nanticoke","nanticoke","city","41.200466","-75.999704"
"PA","Pennsylvania","Nanty-Glo","nanty glo","borough","40.470561","-78.834011"
"PA","Pennsylvania","Naomi","naomi","cdp","40.109326","-79.844138"
"PA","Pennsylvania","Narberth","narberth","borough","40.007677","-75.263451"
"PA","Pennsylvania","Natrona","natrona","cdp","40.611888","-79.7225"
"PA","Pennsylvania","Natrona Heights","natrona heights","cdp","40.623705","-79.726152"
"PA","Pennsylvania","Nazareth","nazareth","borough","40.739963","-75.312618"
"PA","Pennsylvania","Nealmont","nealmont","cdp","40.666592","-78.218821"
"PA","Pennsylvania","Needmore","needmore","cdp","39.84745","-78.143178"
"PA","Pennsylvania","Nemacolin","nemacolin","cdp","39.88432","-79.93013"
"PA","Pennsylvania","Nescopeck","nescopeck","borough","41.053021","-76.212309"
"PA","Pennsylvania","Nesquehoning","nesquehoning","borough","40.87808","-75.821999"
"PA","Pennsylvania","New Albany","new albany","borough","41.601176","-76.445999"
"PA","Pennsylvania","New Alexandria","new alexandria","borough","40.394456","-79.417524"
"PA","Pennsylvania","New Baltimore","new baltimore","borough","39.983481","-78.772274"
"PA","Pennsylvania","New Beaver","new beaver","borough","40.880701","-80.381357"
"PA","Pennsylvania","New Bedford","new bedford","cdp","41.089418","-80.49352"
"PA","Pennsylvania","New Berlin","new berlin","borough","40.881591","-76.981166"
"PA","Pennsylvania","New Berlinville","new berlinville","cdp","40.345935","-75.631298"
"PA","Pennsylvania","New Bethlehem","new bethlehem","borough","41.006282","-79.32529"
"PA","Pennsylvania","New Boston","new boston","cdp","40.798354","-76.150489"
"PA","Pennsylvania","New Brighton","new brighton","borough","40.735641","-80.309473"
"PA","Pennsylvania","New Britain","new britain","borough","40.299552","-75.178093"
"PA","Pennsylvania","New Buffalo","new buffalo","borough","40.45434","-76.970472"
"PA","Pennsylvania","New Castle","new castle","city","40.995617","-80.345807"
"PA","Pennsylvania","New Castle Northwest","new castle northwest","cdp","41.022139","-80.355785"
"PA","Pennsylvania","New Centerville","new centerville","borough","39.942259","-79.191746"
"PA","Pennsylvania","New Columbia","new columbia","cdp","41.037465","-76.878199"
"PA","Pennsylvania","New Columbus","new columbus","borough","41.173197","-76.286815"
"PA","Pennsylvania","New Cumberland","new cumberland","borough","40.228765","-76.878291"
"PA","Pennsylvania","New Eagle","new eagle","borough","40.207156","-79.953342"
"PA","Pennsylvania","New Florence","new florence","borough","40.379052","-79.075136"
"PA","Pennsylvania","New Freedom","new freedom","borough","39.735327","-76.696708"
"PA","Pennsylvania","New Freeport","new freeport","cdp","39.759493","-80.426658"
"PA","Pennsylvania","New Galilee","new galilee","borough","40.833417","-80.401018"
"PA","Pennsylvania","New Holland","new holland","borough","40.101294","-76.090147"
"PA","Pennsylvania","New Hope","new hope","borough","40.361358","-74.956796"
"PA","Pennsylvania","New Jerusalem","new jerusalem","cdp","40.440899","-75.75915"
"PA","Pennsylvania","New Kensington","new kensington","city","40.572482","-79.753051"
"PA","Pennsylvania","New Kingstown","new kingstown","cdp","40.233498","-77.069411"
"PA","Pennsylvania","New Lebanon","new lebanon","borough","41.420065","-80.080007"
"PA","Pennsylvania","New Market","new market","cdp","40.223034","-76.856148"
"PA","Pennsylvania","New Milford","new milford","borough","41.876143","-75.726561"
"PA","Pennsylvania","New Morgan","new morgan","borough","40.190214","-75.900546"
"PA","Pennsylvania","New Oxford","new oxford","borough","39.863001","-77.055477"
"PA","Pennsylvania","New Paris","new paris","borough","40.108408","-78.643067"
"PA","Pennsylvania","New Philadelphia","new philadelphia","borough","40.717829","-76.116686"
"PA","Pennsylvania","New Ringgold","new ringgold","borough","40.689171","-75.992813"
"PA","Pennsylvania","New Salem","new salem","borough","39.903697","-76.791318"
"PA","Pennsylvania","New Salem","new salem","cdp","39.930108","-79.825986"
"PA","Pennsylvania","New Schaefferstown","new schaefferstown","cdp","40.453392","-76.169215"
"PA","Pennsylvania","New Stanton","new stanton","borough","40.222332","-79.6088"
"PA","Pennsylvania","New Tripoli","new tripoli","cdp","40.673927","-75.747569"
"PA","Pennsylvania","New Washington","new washington","borough","40.820922","-78.702553"
"PA","Pennsylvania","New Wilmington","new wilmington","borough","41.117581","-80.331539"
"PA","Pennsylvania","Newburg","newburg","borough","40.136985","-77.554642"
"PA","Pennsylvania","Newburg","newburg","borough","40.839436","-78.684958"
"PA","Pennsylvania","Newburg","newburg","cdp","40.521376","-78.421656"
"PA","Pennsylvania","Newell","newell","borough","40.074612","-79.891797"
"PA","Pennsylvania","Newmanstown","newmanstown","cdp","40.351462","-76.211656"
"PA","Pennsylvania","Newport","newport","borough","40.478978","-77.133946"
"PA","Pennsylvania","Newry","newry","borough","40.393325","-78.435719"
"PA","Pennsylvania","Newton Hamilton","newton hamilton","borough","40.392991","-77.835345"
"PA","Pennsylvania","Newtown","newtown","borough","40.228344","-74.932293"
"PA","Pennsylvania","Newtown","newtown","cdp","40.653216","-76.345568"
"PA","Pennsylvania","Newtown Grant","newtown grant","cdp","40.26053","-74.94893"
"PA","Pennsylvania","Newville","newville","borough","40.169893","-77.40179"
"PA","Pennsylvania","Nicholson","nicholson","borough","41.628609","-75.789388"
"PA","Pennsylvania","Nicktown","nicktown","cdp","40.613791","-78.804663"
"PA","Pennsylvania","Nittany","nittany","cdp","40.994719","-77.552128"
"PA","Pennsylvania","Nixon","nixon","cdp","40.785833","-79.937501"
"PA","Pennsylvania","Noblestown","noblestown","cdp","40.395461","-80.201869"
"PA","Pennsylvania","Norristown","norristown","borough","40.122076","-75.33987"
"PA","Pennsylvania","North Apollo","north apollo","borough","40.593808","-79.556616"
"PA","Pennsylvania","North Belle Vernon","north belle vernon","borough","40.132048","-79.863957"
"PA","Pennsylvania","North Bend","north bend","cdp","41.347017","-77.702653"
"PA","Pennsylvania","North Braddock","north braddock","borough","40.401739","-79.853704"
"PA","Pennsylvania","North Catasauqua","north catasauqua","borough","40.663571","-75.473879"
"PA","Pennsylvania","North Charleroi","north charleroi","borough","40.150394","-79.908148"
"PA","Pennsylvania","North East","north east","borough","42.213367","-79.833351"
"PA","Pennsylvania","North Irwin","north irwin","borough","40.338942","-79.711443"
"PA","Pennsylvania","North Philipsburg","north philipsburg","cdp","40.909233","-78.208719"
"PA","Pennsylvania","North Towanda","north towanda","cdp","41.788759","-76.45379"
"PA","Pennsylvania","North Vandergrift","north vandergrift","cdp","40.6087","-79.551764"
"PA","Pennsylvania","North Wales","north wales","borough","40.211171","-75.274441"
"PA","Pennsylvania","North Warren","north warren","cdp","41.883098","-79.166439"
"PA","Pennsylvania","North Washington","north washington","cdp","41.048803","-79.814329"
"PA","Pennsylvania","North York","north york","borough","39.97801","-76.730882"
"PA","Pennsylvania","Northampton","northampton","borough","40.688237","-75.487449"
"PA","Pennsylvania","Northern Cambria","northern cambria","borough","40.657065","-78.777695"
"PA","Pennsylvania","Northumberland","northumberland","borough","40.897214","-76.792951"
"PA","Pennsylvania","Northwest Harborcreek","northwest harborcreek","cdp","42.148221","-79.994675"
"PA","Pennsylvania","Northwood","northwood","cdp","40.686375","-78.227125"
"PA","Pennsylvania","Norvelt","norvelt","cdp","40.204995","-79.497011"
"PA","Pennsylvania","Norwood","norwood","borough","39.88599","-75.295756"
"PA","Pennsylvania","Nottingham","nottingham","cdp","39.747765","-76.03164"
"PA","Pennsylvania","Noxen","noxen","cdp","41.421989","-76.069178"
"PA","Pennsylvania","Nuangola","nuangola","borough","41.158384","-75.978039"
"PA","Pennsylvania","Numidia","numidia","cdp","40.878606","-76.404719"
"PA","Pennsylvania","Nuremberg","nuremberg","cdp","40.937751","-76.168464"
"PA","Pennsylvania","Oak Hills","oak hills","cdp","40.826268","-79.915113"
"PA","Pennsylvania","Oak Lane","oak lane","cdp","40.056184","-75.114647"
"PA","Pennsylvania","Oakdale","oakdale","borough","40.400165","-80.18715"
"PA","Pennsylvania","Oakland","oakland","borough","41.950773","-75.608763"
"PA","Pennsylvania","Oakland","oakland","cdp","40.305536","-78.881828"
"PA","Pennsylvania","Oakland","oakland","cdp","40.991642","-80.372106"
"PA","Pennsylvania","Oakmont","oakmont","borough","40.519756","-79.836672"
"PA","Pennsylvania","Oaks","oaks","cdp","40.131601","-75.456461"
"PA","Pennsylvania","Oakwood","oakwood","cdp","41.010907","-80.379465"
"PA","Pennsylvania","Oberlin","oberlin","cdp","40.239818","-76.815737"
"PA","Pennsylvania","Ohiopyle","ohiopyle","borough","39.864069","-79.494671"
"PA","Pennsylvania","Ohioville","ohioville","borough","40.684728","-80.483721"
"PA","Pennsylvania","Oil City","oil city","city","41.42877","-79.707838"
"PA","Pennsylvania","Oklahoma","oklahoma","borough","40.581417","-79.577352"
"PA","Pennsylvania","Oklahoma","oklahoma","cdp","41.111674","-78.733143"
"PA","Pennsylvania","Old Forge","old forge","borough","41.370426","-75.7409"
"PA","Pennsylvania","Old Orchard","old orchard","cdp","40.657487","-75.260914"
"PA","Pennsylvania","Oley","oley","cdp","40.389816","-75.787214"
"PA","Pennsylvania","Oliver","oliver","cdp","39.915267","-79.721252"
"PA","Pennsylvania","Olivia","olivia","cdp","40.714008","-78.200336"
"PA","Pennsylvania","Olyphant","olyphant","borough","41.451543","-75.57576"
"PA","Pennsylvania","Oneida","oneida","cdp","40.907162","-76.1238"
"PA","Pennsylvania","Orangeville","orangeville","borough","41.076951","-76.413464"
"PA","Pennsylvania","Orbisonia","orbisonia","borough","40.242923","-77.89301"
"PA","Pennsylvania","Orchard Hills","orchard hills","cdp","40.581594","-79.5453"
"PA","Pennsylvania","Ore Hill","ore hill","cdp","40.292312","-78.403252"
"PA","Pennsylvania","Oreland","oreland","cdp","40.114972","-75.180401"
"PA","Pennsylvania","Oreminea","oreminea","cdp","40.403382","-78.254599"
"PA","Pennsylvania","Orrstown","orrstown","borough","40.058791","-77.608151"
"PA","Pennsylvania","Orrtanna","orrtanna","cdp","39.84407","-77.360517"
"PA","Pennsylvania","Orviston","orviston","cdp","41.107341","-77.753355"
"PA","Pennsylvania","Orwigsburg","orwigsburg","borough","40.654167","-76.103989"
"PA","Pennsylvania","Orwin","orwin","cdp","40.583869","-76.531414"
"PA","Pennsylvania","Osceola Mills","osceola mills","borough","40.852485","-78.269801"
"PA","Pennsylvania","Oswayo","oswayo","borough","41.920879","-78.020966"
"PA","Pennsylvania","Oval","oval","cdp","41.152235","-77.174487"
"PA","Pennsylvania","Oxford","oxford","borough","39.785561","-75.979652"
"PA","Pennsylvania","Paint","paint","borough","40.242074","-78.850075"
"PA","Pennsylvania","Palmdale","palmdale","cdp","40.296024","-76.623645"
"PA","Pennsylvania","Palmer Heights","palmer heights","cdp","40.689083","-75.267627"
"PA","Pennsylvania","Palmerton","palmerton","borough","40.804094","-75.617106"
"PA","Pennsylvania","Palmyra","palmyra","borough","40.310026","-76.594781"
"PA","Pennsylvania","Palo Alto","palo alto","borough","40.686087","-76.169934"
"PA","Pennsylvania","Paoli","paoli","cdp","40.042016","-75.490294"
"PA","Pennsylvania","Paradise","paradise","cdp","40.00623","-76.122298"
"PA","Pennsylvania","Pardeesville","pardeesville","cdp","41.000629","-75.968144"
"PA","Pennsylvania","Paris","paris","cdp","40.41036","-80.506658"
"PA","Pennsylvania","Park Crest","park crest","cdp","40.81936","-76.061582"
"PA","Pennsylvania","Park Forest Village","park forest village","cdp","40.799576","-77.908414"
"PA","Pennsylvania","Park Place","park place","cdp","40.837954","-76.099177"
"PA","Pennsylvania","Parker","parker","city","41.090639","-79.68459"
"PA","Pennsylvania","Parkesburg","parkesburg","borough","39.960054","-75.916161"
"PA","Pennsylvania","Parkhill","parkhill","cdp","40.359284","-78.872849"
"PA","Pennsylvania","Parkland","parkland","cdp","40.159646","-74.93162"
"PA","Pennsylvania","Parkside","parkside","borough","39.867367","-75.377992"
"PA","Pennsylvania","Parkville","parkville","cdp","39.785905","-76.968548"
"PA","Pennsylvania","Parryville","parryville","borough","40.822445","-75.670561"
"PA","Pennsylvania","Patterson Heights","patterson heights","borough","40.738598","-80.326093"
"PA","Pennsylvania","Patton","patton","borough","40.632421","-78.649873"
"PA","Pennsylvania","Paxtang","paxtang","borough","40.262348","-76.834241"
"PA","Pennsylvania","Paxtonia","paxtonia","cdp","40.316621","-76.788479"
"PA","Pennsylvania","Paxtonville","paxtonville","cdp","40.77463","-77.076157"
"PA","Pennsylvania","Pen Argyl","pen argyl","borough","40.867794","-75.253857"
"PA","Pennsylvania","Pen Mar","pen mar","cdp","39.726323","-77.51597"
"PA","Pennsylvania","Penbrook","penbrook","borough","40.278009","-76.848329"
"PA","Pennsylvania","Penfield","penfield","cdp","41.215504","-78.573379"
"PA","Pennsylvania","Penn","penn","borough","40.329191","-79.64212"
"PA","Pennsylvania","Penn Estates","penn estates","cdp","41.033451","-75.239969"
"PA","Pennsylvania","Penn Farms","penn farms","cdp","40.415986","-78.413375"
"PA","Pennsylvania","Penn Lake Park","penn lake park","borough","41.114745","-75.775136"
"PA","Pennsylvania","Penn State Berks","penn state berks","cdp","40.361281","-75.976"
"PA","Pennsylvania","Penn State Erie (Behrend)","penn state erie behrend","cdp","42.117759","-79.98577"
"PA","Pennsylvania","Penn Wynne","penn wynne","cdp","39.986667","-75.27147"
"PA","Pennsylvania","Penndel","penndel","borough","40.155166","-74.914655"
"PA","Pennsylvania","Penns Creek","penns creek","cdp","40.86327","-77.055453"
"PA","Pennsylvania","Pennsburg","pennsburg","borough","40.393584","-75.496411"
"PA","Pennsylvania","Pennsbury Village","pennsbury village","borough","40.428243","-80.101097"
"PA","Pennsylvania","Pennside","pennside","cdp","40.337925","-75.876721"
"PA","Pennsylvania","Pennville","pennville","cdp","39.786802","-76.992007"
"PA","Pennsylvania","Pennwyn","pennwyn","cdp","40.288962","-75.973585"
"PA","Pennsylvania","Penryn","penryn","cdp","40.195817","-76.369772"
"PA","Pennsylvania","Perkasie","perkasie","borough","40.371737","-75.292772"
"PA","Pennsylvania","Perryopolis","perryopolis","borough","40.086831","-79.752596"
"PA","Pennsylvania","Peru","peru","cdp","40.854377","-77.767175"
"PA","Pennsylvania","Petersburg","petersburg","borough","40.572598","-78.050615"
"PA","Pennsylvania","Petrolia","petrolia","borough","41.021619","-79.716777"
"PA","Pennsylvania","Philadelphia","philadelphia","city","40.009376","-75.133346"
"PA","Pennsylvania","Philipsburg","philipsburg","borough","40.892852","-78.216743"
"PA","Pennsylvania","Phoenixville","phoenixville","borough","40.135201","-75.522699"
"PA","Pennsylvania","Picture Rocks","picture rocks","borough","41.277711","-76.705997"
"PA","Pennsylvania","Pikes Creek","pikes creek","cdp","41.308561","-76.102821"
"PA","Pennsylvania","Pillow","pillow","borough","40.640543","-76.802909"
"PA","Pennsylvania","Pine Glen","pine glen","cdp","41.088678","-78.057971"
"PA","Pennsylvania","Pine Grove","pine grove","borough","40.553414","-76.386016"
"PA","Pennsylvania","Pine Grove Mills","pine grove mills","cdp","40.731529","-77.888417"
"PA","Pennsylvania","Pine Ridge","pine ridge","cdp","41.144014","-74.98701"
"PA","Pennsylvania","Pine Run","pine run","cdp","40.686433","-80.23942"
"PA","Pennsylvania","Pinecroft","pinecroft","cdp","40.564434","-78.35336"
"PA","Pennsylvania","Pitcairn","pitcairn","borough","40.407774","-79.776354"
"PA","Pennsylvania","Pittsburgh","pittsburgh","city","40.439936","-79.975676"
"PA","Pennsylvania","Pittston","pittston","city","41.32792","-75.785684"
"PA","Pennsylvania","Plainfield","plainfield","cdp","40.201172","-77.283279"
"PA","Pennsylvania","Plains","plains","cdp","41.275791","-75.851871"
"PA","Pennsylvania","Platea","platea","borough","41.950986","-80.33045"
"PA","Pennsylvania","Pleasant Gap","pleasant gap","cdp","40.867277","-77.744137"
"PA","Pennsylvania","Pleasant Hill","pleasant hill","cdp","40.337169","-76.444644"
"PA","Pennsylvania","Pleasant Hills","pleasant hills","borough","40.329832","-79.959628"
"PA","Pennsylvania","Pleasant View","pleasant view","cdp","40.609262","-79.575054"
"PA","Pennsylvania","Pleasantville","pleasantville","borough","41.59348","-79.580818"
"PA","Pennsylvania","Pleasantville","pleasantville","borough","40.17972","-78.61327"
"PA","Pennsylvania","Pleasureville","pleasureville","cdp","40.001214","-76.705743"
"PA","Pennsylvania","Plum","plum","borough","40.501869","-79.748178"
"PA","Pennsylvania","Plumsteadville","plumsteadville","cdp","40.384613","-75.139286"
"PA","Pennsylvania","Plumville","plumville","borough","40.792487","-79.179355"
"PA","Pennsylvania","Plymouth","plymouth","borough","41.240885","-75.951965"
"PA","Pennsylvania","Plymouth Meeting","plymouth meeting","cdp","40.109734","-75.280366"
"PA","Pennsylvania","Plymptonville","plymptonville","cdp","41.043581","-78.450818"
"PA","Pennsylvania","Pocono Mountain Lake Estates","pocono mountain lake estates","cdp","41.155333","-74.965055"
"PA","Pennsylvania","Pocono Pines","pocono pines","cdp","41.116316","-75.458772"
"PA","Pennsylvania","Pocono Ranch Lands","pocono ranch lands","cdp","41.171651","-74.951288"
"PA","Pennsylvania","Pocono Springs","pocono springs","cdp","41.279963","-75.401422"
"PA","Pennsylvania","Pocono Woodland Lakes","pocono woodland lakes","cdp","41.323616","-74.890774"
"PA","Pennsylvania","Point Marion","point marion","borough","39.735608","-79.900513"
"PA","Pennsylvania","Point View","point view","cdp","40.489547","-78.241948"
"PA","Pennsylvania","Polk","polk","borough","41.368404","-79.92926"
"PA","Pennsylvania","Pomeroy","pomeroy","cdp","39.964794","-75.882856"
"PA","Pennsylvania","Port Allegany","port allegany","borough","41.815197","-78.276469"
"PA","Pennsylvania","Port Carbon","port carbon","borough","40.696914","-76.166618"
"PA","Pennsylvania","Port Clinton","port clinton","borough","40.583253","-76.030814"
"PA","Pennsylvania","Port Matilda","port matilda","borough","40.799994","-78.052638"
"PA","Pennsylvania","Port Royal","port royal","borough","40.533772","-77.38946"
"PA","Pennsylvania","Port Trevorton","port trevorton","cdp","40.692491","-76.893706"
"PA","Pennsylvania","Port Vue","port vue","borough","40.337869","-79.874116"
"PA","Pennsylvania","Portage","portage","borough","40.386861","-78.674724"
"PA","Pennsylvania","Portersville","portersville","borough","40.924332","-80.146883"
"PA","Pennsylvania","Portland","portland","borough","40.922079","-75.098343"
"PA","Pennsylvania","Potlicker Flats","potlicker flats","cdp","40.727004","-77.606032"
"PA","Pennsylvania","Potters Mills","potters mills","cdp","40.802352","-77.627097"
"PA","Pennsylvania","Pottsgrove","pottsgrove","cdp","40.264405","-75.609289"
"PA","Pennsylvania","Pottstown","pottstown","borough","40.250924","-75.644754"
"PA","Pennsylvania","Pottsville","pottsville","city","40.679854","-76.20921"
"PA","Pennsylvania","Pringle","pringle","borough","41.27734","-75.901267"
"PA","Pennsylvania","Progress","progress","cdp","40.290062","-76.839376"
"PA","Pennsylvania","Prompton","prompton","borough","41.593655","-75.324586"
"PA","Pennsylvania","Prospect","prospect","borough","40.899213","-80.04865"
"PA","Pennsylvania","Prospect Park","prospect park","borough","39.886097","-75.30737"
"PA","Pennsylvania","Prospect Park","prospect park","cdp","41.518671","-78.210027"
"PA","Pennsylvania","Pughtown","pughtown","cdp","40.170858","-75.657603"
"PA","Pennsylvania","Pulaski","pulaski","cdp","41.111393","-80.430597"
"PA","Pennsylvania","Punxsutawney","punxsutawney","borough","40.943745","-78.974766"
"PA","Pennsylvania","Puzzletown","puzzletown","cdp","40.379476","-78.491706"
"PA","Pennsylvania","Pymatuning Central","pymatuning central","cdp","41.588373","-80.478438"
"PA","Pennsylvania","Pymatuning North","pymatuning north","cdp","41.666091","-80.465313"
"PA","Pennsylvania","Pymatuning South","pymatuning south","cdp","41.51248","-80.476252"
"PA","Pennsylvania","Quakertown","quakertown","borough","40.439678","-75.345766"
"PA","Pennsylvania","Quarryville","quarryville","borough","39.895528","-76.162022"
"PA","Pennsylvania","Queens Gate","queens gate","cdp","39.94064","-76.68738"
"PA","Pennsylvania","Quentin","quentin","cdp","40.283056","-76.436224"
"PA","Pennsylvania","Railroad","railroad","borough","39.75961","-76.696073"
"PA","Pennsylvania","Rainsburg","rainsburg","borough","39.895724","-78.517301"
"PA","Pennsylvania","Ramblewood","ramblewood","cdp","40.723772","-77.943198"
"PA","Pennsylvania","Ramey","ramey","borough","40.8025","-78.400563"
"PA","Pennsylvania","Rankin","rankin","borough","40.413364","-79.88382"
"PA","Pennsylvania","Ranshaw","ranshaw","cdp","40.785554","-76.517437"
"PA","Pennsylvania","Raubsville","raubsville","cdp","40.625555","-75.205736"
"PA","Pennsylvania","Rauchtown","rauchtown","cdp","41.127628","-77.242649"
"PA","Pennsylvania","Ravine","ravine","cdp","40.568611","-76.393656"
"PA","Pennsylvania","Reading","reading","city","40.33922","-75.926277"
"PA","Pennsylvania","Reamstown","reamstown","cdp","40.2124","-76.117569"
"PA","Pennsylvania","Rebersburg","rebersburg","cdp","40.942677","-77.444031"
"PA","Pennsylvania","Red Hill","red hill","borough","40.377003","-75.483795"
"PA","Pennsylvania","Red Hill","red hill","cdp","40.529482","-78.43555"
"PA","Pennsylvania","Red Lion","red lion","borough","39.898606","-76.607749"
"PA","Pennsylvania","Reedsville","reedsville","cdp","40.664911","-77.593006"
"PA","Pennsylvania","Reese","reese","cdp","40.434929","-78.300101"
"PA","Pennsylvania","Refton","refton","cdp","39.951147","-76.243963"
"PA","Pennsylvania","Rehrersburg","rehrersburg","cdp","40.45804","-76.24531"
"PA","Pennsylvania","Reiffton","reiffton","cdp","40.310553","-75.861438"
"PA","Pennsylvania","Reightown","reightown","cdp","40.601943","-78.34367"
"PA","Pennsylvania","Reinerton","reinerton","cdp","40.59139","-76.535879"
"PA","Pennsylvania","Reinholds","reinholds","cdp","40.270901","-76.12365"
"PA","Pennsylvania","Renfrew","renfrew","cdp","40.80655","-79.962331"
"PA","Pennsylvania","Rennerdale","rennerdale","cdp","40.400154","-80.139602"
"PA","Pennsylvania","Renningers","renningers","cdp","40.649665","-76.148445"
"PA","Pennsylvania","Renovo","renovo","borough","41.327767","-77.767232"
"PA","Pennsylvania","Republic","republic","cdp","39.966378","-79.876857"
"PA","Pennsylvania","Reservoir","reservoir","cdp","40.402724","-78.384833"
"PA","Pennsylvania","Revloc","revloc","cdp","40.491395","-78.763664"
"PA","Pennsylvania","Rew","rew","cdp","41.899207","-78.538802"
"PA","Pennsylvania","Reynolds Heights","reynolds heights","cdp","41.343126","-80.402161"
"PA","Pennsylvania","Reynoldsville","reynoldsville","borough","41.094894","-78.887735"
"PA","Pennsylvania","Rheems","rheems","cdp","40.12568","-76.570628"
"PA","Pennsylvania","Rices Landing","rices landing","borough","39.94495","-79.998167"
"PA","Pennsylvania","Riceville","riceville","cdp","41.77928","-79.80463"
"PA","Pennsylvania","Richboro","richboro","cdp","40.225413","-74.992957"
"PA","Pennsylvania","Richfield","richfield","cdp","40.683701","-77.123664"
"PA","Pennsylvania","Richland","richland","borough","40.357393","-76.256853"
"PA","Pennsylvania","Richlandtown","richlandtown","borough","40.47253","-75.321158"
"PA","Pennsylvania","Riddlesburg","riddlesburg","cdp","40.157117","-78.252896"
"PA","Pennsylvania","Ridgway","ridgway","borough","41.431904","-78.727074"
"PA","Pennsylvania","Ridley Park","ridley park","borough","39.877989","-75.325471"
"PA","Pennsylvania","Riegelsville","riegelsville","borough","40.595421","-75.197483"
"PA","Pennsylvania","Rimersburg","rimersburg","borough","41.040797","-79.502406"
"PA","Pennsylvania","Ringtown","ringtown","borough","40.85652","-76.235027"
"PA","Pennsylvania","Riverside","riverside","borough","40.948953","-76.641902"
"PA","Pennsylvania","Riverside","riverside","cdp","40.283648","-78.921728"
"PA","Pennsylvania","Riverview Park","riverview park","cdp","40.391833","-75.950098"
"PA","Pennsylvania","Roaring Spring","roaring spring","borough","40.334785","-78.395967"
"PA","Pennsylvania","Robertsdale","robertsdale","cdp","40.1832","-78.11529"
"PA","Pennsylvania","Robeson Extension","robeson extension","cdp","40.467153","-78.199624"
"PA","Pennsylvania","Robesonia","robesonia","borough","40.348619","-76.138564"
"PA","Pennsylvania","Robinson","robinson","cdp","40.403408","-79.140271"
"PA","Pennsylvania","Rochester","rochester","borough","40.702534","-80.28373"
"PA","Pennsylvania","Rockdale Acres","rockdale acres","cdp","41.763989","-79.923273"
"PA","Pennsylvania","Rockhill","rockhill","borough","40.241067","-77.899521"
"PA","Pennsylvania","Rockledge","rockledge","borough","40.082295","-75.089775"
"PA","Pennsylvania","Rockwood","rockwood","borough","39.915754","-79.157308"
"PA","Pennsylvania","Rogersville","rogersville","cdp","39.88083","-80.269183"
"PA","Pennsylvania","Rohrerstown","rohrerstown","cdp","40.052295","-76.359738"
"PA","Pennsylvania","Rohrsburg","rohrsburg","cdp","41.13022","-76.425312"
"PA","Pennsylvania","Rome","rome","borough","41.857981","-76.341101"
"PA","Pennsylvania","Ronco","ronco","cdp","39.867997","-79.922808"
"PA","Pennsylvania","Ronks","ronks","cdp","40.028441","-76.17608"
"PA","Pennsylvania","Roots","roots","cdp","40.613717","-78.365241"
"PA","Pennsylvania","Roscoe","roscoe","borough","40.078203","-79.863966"
"PA","Pennsylvania","Rose Valley","rose valley","borough","39.89475","-75.385186"
"PA","Pennsylvania","Rosebud","rosebud","cdp","40.749348","-78.545864"
"PA","Pennsylvania","Rosemont","rosemont","cdp","40.030639","-75.327036"
"PA","Pennsylvania","Roseto","roseto","borough","40.878174","-75.220343"
"PA","Pennsylvania","Roseville","roseville","borough","41.863696","-76.957577"
"PA","Pennsylvania","Roslyn","roslyn","cdp","40.131136","-75.137426"
"PA","Pennsylvania","Rossiter","rossiter","cdp","40.900773","-78.935947"
"PA","Pennsylvania","Rosslyn Farms","rosslyn farms","borough","40.422418","-80.088537"
"PA","Pennsylvania","Rote","rote","cdp","41.078006","-77.411534"
"PA","Pennsylvania","Rothsville","rothsville","cdp","40.153073","-76.247813"
"PA","Pennsylvania","Roulette","roulette","cdp","41.776757","-78.15513"
"PA","Pennsylvania","Rouseville","rouseville","borough","41.468503","-79.681234"
"PA","Pennsylvania","Rouzerville","rouzerville","cdp","39.734145","-77.52799"
"PA","Pennsylvania","Rowes Run","rowes run","cdp","40.008873","-79.817702"
"PA","Pennsylvania","Royalton","royalton","borough","40.185769","-76.723996"
"PA","Pennsylvania","Royer","royer","cdp","40.422284","-78.272311"
"PA","Pennsylvania","Royersford","royersford","borough","40.186326","-75.538885"
"PA","Pennsylvania","Runville","runville","cdp","40.95733","-77.833434"
"PA","Pennsylvania","Rupert","rupert","cdp","40.975486","-76.481593"
"PA","Pennsylvania","Rural Valley","rural valley","borough","40.799109","-79.314947"
"PA","Pennsylvania","Russell","russell","cdp","41.93736","-79.140336"
"PA","Pennsylvania","Russellton","russellton","cdp","40.608085","-79.840132"
"PA","Pennsylvania","Rutherford","rutherford","cdp","40.269588","-76.767819"
"PA","Pennsylvania","Rutledge","rutledge","borough","39.900948","-75.327422"
"PA","Pennsylvania","S.N.P.J.","s n p j","borough","40.929","-80.496224"
"PA","Pennsylvania","Sabinsville","sabinsville","cdp","41.86707","-77.527992"
"PA","Pennsylvania","Sadsburyville","sadsburyville","cdp","39.982321","-75.893897"
"PA","Pennsylvania","Saegertown","saegertown","borough","41.714553","-80.130923"
"PA","Pennsylvania","Sagamore","sagamore","cdp","40.781378","-79.231011"
"PA","Pennsylvania","Saginaw","saginaw","cdp","40.065024","-76.671134"
"PA","Pennsylvania","Salisbury","salisbury","borough","39.75345","-79.084357"
"PA","Pennsylvania","Salix","salix","cdp","40.296353","-78.759331"
"PA","Pennsylvania","Salladasburg","salladasburg","borough","41.28079","-77.231829"
"PA","Pennsylvania","Salona","salona","cdp","41.0873","-77.453734"
"PA","Pennsylvania","Saltillo","saltillo","borough","40.211757","-78.006234"
"PA","Pennsylvania","Saltsburg","saltsburg","borough","40.484636","-79.448248"
"PA","Pennsylvania","Salunga","salunga","cdp","40.092903","-76.428155"
"PA","Pennsylvania","Sanatoga","sanatoga","cdp","40.250819","-75.588228"
"PA","Pennsylvania","Sand Hill","sand hill","cdp","40.361355","-76.421735"
"PA","Pennsylvania","Sandy","sandy","cdp","41.102339","-78.777157"
"PA","Pennsylvania","Sandy Lake","sandy lake","borough","41.350221","-80.083691"
"PA","Pennsylvania","Sandy Ridge","sandy ridge","cdp","40.811218","-78.230785"
"PA","Pennsylvania","Sankertown","sankertown","borough","40.471433","-78.591953"
"PA","Pennsylvania","Saw Creek","saw creek","cdp","41.119475","-75.046271"
"PA","Pennsylvania","Saxonburg","saxonburg","borough","40.750962","-79.814959"
"PA","Pennsylvania","Saxton","saxton","borough","40.212708","-78.247061"
"PA","Pennsylvania","Saylorsburg","saylorsburg","cdp","40.899038","-75.316751"
"PA","Pennsylvania","Sayre","sayre","borough","41.985722","-76.520848"
"PA","Pennsylvania","Scalp Level","scalp level","borough","40.249477","-78.844257"
"PA","Pennsylvania","Schaefferstown","schaefferstown","cdp","40.296816","-76.293884"
"PA","Pennsylvania","Schellsburg","schellsburg","borough","40.04816","-78.643383"
"PA","Pennsylvania","Schenley","schenley","cdp","40.686167","-79.648863"
"PA","Pennsylvania","Schlusser","schlusser","cdp","40.244606","-77.186252"
"PA","Pennsylvania","Schnecksville","schnecksville","cdp","40.670888","-75.620714"
"PA","Pennsylvania","Schoeneck","schoeneck","cdp","40.244375","-76.178238"
"PA","Pennsylvania","Schubert","schubert","cdp","40.50048","-76.218614"
"PA","Pennsylvania","Schuylkill Haven","schuylkill haven","borough","40.628257","-76.172496"
"PA","Pennsylvania","Schwenksville","schwenksville","borough","40.257859","-75.465724"
"PA","Pennsylvania","Scotland","scotland","cdp","39.96977","-77.584408"
"PA","Pennsylvania","Scottdale","scottdale","borough","40.103389","-79.589818"
"PA","Pennsylvania","Scranton","scranton","city","41.404178","-75.665908"
"PA","Pennsylvania","Selinsgrove","selinsgrove","borough","40.800138","-76.865401"
"PA","Pennsylvania","Sellersville","sellersville","borough","40.36054","-75.306872"
"PA","Pennsylvania","Seltzer","seltzer","cdp","40.69593","-76.236466"
"PA","Pennsylvania","Seneca","seneca","cdp","41.377197","-79.705192"
"PA","Pennsylvania","Seven Fields","seven fields","borough","40.68673","-80.063904"
"PA","Pennsylvania","Seven Springs","seven springs","borough","40.026688","-79.294069"
"PA","Pennsylvania","Seven Valleys","seven valleys","borough","39.854529","-76.766677"
"PA","Pennsylvania","Seward","seward","borough","40.413067","-79.021854"
"PA","Pennsylvania","Sewickley","sewickley","borough","40.539728","-80.178902"
"PA","Pennsylvania","Sewickley Heights","sewickley heights","borough","40.559512","-80.152803"
"PA","Pennsylvania","Sewickley Hills","sewickley hills","borough","40.568065","-80.127144"
"PA","Pennsylvania","Shade Gap","shade gap","borough","40.180299","-77.866203"
"PA","Pennsylvania","Shamokin","shamokin","city","40.788108","-76.554991"
"PA","Pennsylvania","Shamokin Dam","shamokin dam","borough","40.858162","-76.825783"
"PA","Pennsylvania","Shanksville","shanksville","borough","40.017351","-78.906921"
"PA","Pennsylvania","Shanor-Northvue","shanor northvue","cdp","40.913847","-79.918978"
"PA","Pennsylvania","Sharon","sharon","city","41.233978","-80.49982"
"PA","Pennsylvania","Sharon Hill","sharon hill","borough","39.907433","-75.267787"
"PA","Pennsylvania","Sharpsburg","sharpsburg","borough","40.493243","-79.921547"
"PA","Pennsylvania","Sharpsville","sharpsville","borough","41.259039","-80.481813"
"PA","Pennsylvania","Shartlesville","shartlesville","cdp","40.516225","-76.100144"
"PA","Pennsylvania","Shavertown","shavertown","cdp","41.318758","-75.940436"
"PA","Pennsylvania","Sheakleyville","sheakleyville","borough","41.443826","-80.206704"
"PA","Pennsylvania","Sheatown","sheatown","cdp","41.193829","-76.018859"
"PA","Pennsylvania","Sheffield","sheffield","cdp","41.700999","-79.029872"
"PA","Pennsylvania","Shelltown","shelltown","cdp","40.45676","-78.206692"
"PA","Pennsylvania","Shellytown","shellytown","cdp","40.409179","-78.210608"
"PA","Pennsylvania","Shelocta","shelocta","borough","40.656274","-79.300286"
"PA","Pennsylvania","Shenandoah","shenandoah","borough","40.817081","-76.200667"
"PA","Pennsylvania","Shenandoah Heights","shenandoah heights","cdp","40.833422","-76.206159"
"PA","Pennsylvania","Sheppton","sheppton","cdp","40.8964","-76.119619"
"PA","Pennsylvania","Shickshinny","shickshinny","borough","41.154181","-76.150937"
"PA","Pennsylvania","Shillington","shillington","borough","40.302633","-75.967081"
"PA","Pennsylvania","Shiloh","shiloh","cdp","39.973244","-76.792036"
"PA","Pennsylvania","Shinglehouse","shinglehouse","borough","41.966989","-78.190472"
"PA","Pennsylvania","Shippensburg","shippensburg","borough","40.048733","-77.523193"
"PA","Pennsylvania","Shippensburg University","shippensburg university","cdp","40.061734","-77.52279"
"PA","Pennsylvania","Shippenville","shippenville","borough","41.250993","-79.462626"
"PA","Pennsylvania","Shippingport","shippingport","borough","40.625126","-80.415891"
"PA","Pennsylvania","Shiremanstown","shiremanstown","borough","40.222355","-76.955566"
"PA","Pennsylvania","Shirleysburg","shirleysburg","borough","40.29741","-77.876419"
"PA","Pennsylvania","Shoemakersville","shoemakersville","borough","40.499901","-75.969774"
"PA","Pennsylvania","Shrewsbury","shrewsbury","borough","39.771303","-76.67988"
"PA","Pennsylvania","Sickles Corner","sickles corner","cdp","40.553306","-78.279779"
"PA","Pennsylvania","Sidman","sidman","cdp","40.323551","-78.752329"
"PA","Pennsylvania","Sierra View","sierra view","cdp","40.989769","-75.42024"
"PA","Pennsylvania","Siglerville","siglerville","cdp","40.736848","-77.531856"
"PA","Pennsylvania","Silkworth","silkworth","cdp","41.274839","-76.07295"
"PA","Pennsylvania","Silverdale","silverdale","borough","40.346684","-75.271138"
"PA","Pennsylvania","Simpson","simpson","cdp","41.595019","-75.479642"
"PA","Pennsylvania","Sinking Spring","sinking spring","borough","40.324692","-76.02253"
"PA","Pennsylvania","Sinnamahoning","sinnamahoning","cdp","41.322284","-78.095746"
"PA","Pennsylvania","Skelp","skelp","cdp","40.618356","-78.261819"
"PA","Pennsylvania","Ski Gap","ski gap","cdp","40.315989","-78.517227"
"PA","Pennsylvania","Skippack","skippack","cdp","40.221241","-75.401054"
"PA","Pennsylvania","Skyline View","skyline view","cdp","40.337621","-76.725558"
"PA","Pennsylvania","Slabtown","slabtown","cdp","40.903066","-76.401922"
"PA","Pennsylvania","Slatedale","slatedale","cdp","40.743873","-75.658519"
"PA","Pennsylvania","Slatington","slatington","borough","40.753595","-75.610811"
"PA","Pennsylvania","Slickville","slickville","cdp","40.462104","-79.518421"
"PA","Pennsylvania","Sligo","sligo","borough","41.110216","-79.503142"
"PA","Pennsylvania","Slippery Rock","slippery rock","borough","41.069487","-80.057929"
"PA","Pennsylvania","Slippery Rock University","slippery rock university","cdp","41.064684","-80.041943"
"PA","Pennsylvania","Slovan","slovan","cdp","40.359525","-80.385017"
"PA","Pennsylvania","Smethport","smethport","borough","41.808415","-78.44469"
"PA","Pennsylvania","Smicksburg","smicksburg","borough","40.870133","-79.17133"
"PA","Pennsylvania","Smith Corner","smith corner","cdp","40.357543","-78.486155"
"PA","Pennsylvania","Smithfield","smithfield","borough","39.802179","-79.808726"
"PA","Pennsylvania","Smithton","smithton","borough","40.153808","-79.741667"
"PA","Pennsylvania","Smock","smock","cdp","39.999692","-79.777407"
"PA","Pennsylvania","Smoketown","smoketown","cdp","40.036195","-76.204465"
"PA","Pennsylvania","Snow Shoe","snow shoe","borough","41.02765","-77.94972"
"PA","Pennsylvania","Snydertown","snydertown","borough","40.872713","-76.673474"
"PA","Pennsylvania","Snydertown","snydertown","cdp","40.986907","-77.599899"
"PA","Pennsylvania","Somerset","somerset","borough","40.00503","-79.077855"
"PA","Pennsylvania","Soudersburg","soudersburg","cdp","40.015329","-76.153609"
"PA","Pennsylvania","Souderton","souderton","borough","40.311002","-75.322351"
"PA","Pennsylvania","South Bethlehem","south bethlehem","borough","40.999158","-79.33954"
"PA","Pennsylvania","South Coatesville","south coatesville","borough","39.971712","-75.811829"
"PA","Pennsylvania","South Connellsville","south connellsville","borough","39.992519","-79.575482"
"PA","Pennsylvania","South Fork","south fork","borough","40.361997","-78.7896"
"PA","Pennsylvania","South Greensburg","south greensburg","borough","40.278198","-79.547435"
"PA","Pennsylvania","South Heights","south heights","borough","40.575072","-80.236104"
"PA","Pennsylvania","South Montrose","south montrose","cdp","41.795614","-75.891169"
"PA","Pennsylvania","South New Castle","south new castle","borough","40.974737","-80.345647"
"PA","Pennsylvania","South Philipsburg","south philipsburg","cdp","40.886985","-78.218613"
"PA","Pennsylvania","South Pottstown","south pottstown","cdp","40.235588","-75.662981"
"PA","Pennsylvania","South Renovo","south renovo","borough","41.324691","-77.742258"
"PA","Pennsylvania","South Temple","south temple","cdp","40.398813","-75.922542"
"PA","Pennsylvania","South Uniontown","south uniontown","cdp","39.893883","-79.746607"
"PA","Pennsylvania","South Waverly","south waverly","borough","41.994192","-76.544369"
"PA","Pennsylvania","South Williamsport","south williamsport","borough","41.229388","-77.000475"
"PA","Pennsylvania","Southmont","southmont","borough","40.310804","-78.9327"
"PA","Pennsylvania","Southpointe","southpointe","cdp","40.29728","-80.182166"
"PA","Pennsylvania","Southview","southview","cdp","40.331993","-80.256058"
"PA","Pennsylvania","Southwest Greensburg","southwest greensburg","borough","40.29187","-79.547812"
"PA","Pennsylvania","Spartansburg","spartansburg","borough","41.823237","-79.681817"
"PA","Pennsylvania","Speers","speers","borough","40.122367","-79.880588"
"PA","Pennsylvania","Spinnerstown","spinnerstown","cdp","40.443089","-75.449123"
"PA","Pennsylvania","Spring Church","spring church","cdp","40.605582","-79.484378"
"PA","Pennsylvania","Spring City","spring city","borough","40.176898","-75.546471"
"PA","Pennsylvania","Spring Drive Mobile Home Park","spring drive mobile home park","cdp","40.307027","-78.330033"
"PA","Pennsylvania","Spring Grove","spring grove","borough","39.880852","-76.86401"
"PA","Pennsylvania","Spring Hill","spring hill","cdp","40.370386","-78.669169"
"PA","Pennsylvania","Spring House","spring house","cdp","40.177154","-75.219515"
"PA","Pennsylvania","Spring Mills","spring mills","cdp","40.853403","-77.565327"
"PA","Pennsylvania","Spring Mount","spring mount","cdp","40.274371","-75.46913"
"PA","Pennsylvania","Spring Ridge","spring ridge","cdp","40.353282","-75.989224"
"PA","Pennsylvania","Springboro","springboro","borough","41.800594","-80.371724"
"PA","Pennsylvania","Springdale","springdale","borough","40.540789","-79.781009"
"PA","Pennsylvania","Springmont","springmont","cdp","40.327369","-76.004166"
"PA","Pennsylvania","Springville","springville","cdp","41.694526","-75.926951"
"PA","Pennsylvania","Sproul","sproul","cdp","40.272302","-78.458224"
"PA","Pennsylvania","Spry","spry","cdp","39.912513","-76.686349"
"PA","Pennsylvania","St. Benedict","st benedict","cdp","40.629888","-78.724492"
"PA","Pennsylvania","St. Clair","st clair","borough","40.721092","-76.190338"
"PA","Pennsylvania","St. Clair","st clair","cdp","40.478469","-78.228416"
"PA","Pennsylvania","St. Clairsville","st clairsville","borough","40.155862","-78.510762"
"PA","Pennsylvania","St. Davids","st davids","cdp","40.03875","-75.373907"
"PA","Pennsylvania","St. Lawrence","st lawrence","borough","40.325908","-75.863816"
"PA","Pennsylvania","St. Marys","st marys","city","41.455038","-78.52019"
"PA","Pennsylvania","St. Michael","st michael","cdp","40.324714","-78.766403"
"PA","Pennsylvania","St. Petersburg","st petersburg","borough","41.160974","-79.654515"
"PA","Pennsylvania","St. Vincent College","st vincent college","cdp","40.291313","-79.405461"
"PA","Pennsylvania","Star Junction","star junction","cdp","40.061009","-79.765628"
"PA","Pennsylvania","Starbrick","starbrick","cdp","41.841445","-79.21284"
"PA","Pennsylvania","Starrucca","starrucca","borough","41.890893","-75.449842"
"PA","Pennsylvania","State College","state college","borough","40.791039","-77.856813"
"PA","Pennsylvania","State Line","state line","cdp","39.73293","-77.72469"
"PA","Pennsylvania","Steelton","steelton","borough","40.225806","-76.8254"
"PA","Pennsylvania","Stevens","stevens","cdp","40.216512","-76.166891"
"PA","Pennsylvania","Stewartstown","stewartstown","borough","39.752761","-76.592495"
"PA","Pennsylvania","Stiles","stiles","cdp","40.666254","-75.50697"
"PA","Pennsylvania","Stillwater","stillwater","borough","41.152571","-76.375748"
"PA","Pennsylvania","Stockdale","stockdale","borough","40.083084","-79.850793"
"PA","Pennsylvania","Stockertown","stockertown","borough","40.754917","-75.262935"
"PA","Pennsylvania","Stoneboro","stoneboro","borough","41.330364","-80.118136"
"PA","Pennsylvania","Stonerstown","stonerstown","cdp","40.215718","-78.257116"
"PA","Pennsylvania","Stony Creek Mills","stony creek mills","cdp","40.349341","-75.864081"
"PA","Pennsylvania","Stonybrook","stonybrook","cdp","39.981145","-76.630613"
"PA","Pennsylvania","Stormstown","stormstown","cdp","40.789556","-78.020395"
"PA","Pennsylvania","Stouchsburg","stouchsburg","cdp","40.380675","-76.231388"
"PA","Pennsylvania","Stowe","stowe","cdp","40.250934","-75.681941"
"PA","Pennsylvania","Stoystown","stoystown","borough","40.103215","-78.954558"
"PA","Pennsylvania","Strabane","strabane","cdp","40.250411","-80.198485"
"PA","Pennsylvania","Strasburg","strasburg","borough","39.984516","-76.186183"
"PA","Pennsylvania","Strattanville","strattanville","borough","41.202473","-79.32688"
"PA","Pennsylvania","Strausstown","strausstown","cdp","40.491754","-76.184179"
"PA","Pennsylvania","Strodes Mills","strodes mills","cdp","40.544419","-77.677474"
"PA","Pennsylvania","Strong","strong","cdp","40.797482","-76.440068"
"PA","Pennsylvania","Stroudsburg","stroudsburg","borough","40.983226","-75.194263"
"PA","Pennsylvania","Sturgeon","sturgeon","cdp","40.383464","-80.215249"
"PA","Pennsylvania","Sugar Grove","sugar grove","borough","41.983663","-79.339587"
"PA","Pennsylvania","Sugar Notch","sugar notch","borough","41.193858","-75.931392"
"PA","Pennsylvania","Sugarcreek","sugarcreek","borough","41.440173","-79.828753"
"PA","Pennsylvania","Summerhill","summerhill","borough","40.376205","-78.761886"
"PA","Pennsylvania","Summerville","summerville","borough","41.116394","-79.188271"
"PA","Pennsylvania","Summit Hill","summit hill","borough","40.824963","-75.846201"
"PA","Pennsylvania","Summit Station","summit station","cdp","40.562034","-76.201183"
"PA","Pennsylvania","Sun Valley","sun valley","cdp","40.980372","-75.466482"
"PA","Pennsylvania","Sunbrook","sunbrook","cdp","40.433863","-78.432399"
"PA","Pennsylvania","Sunbury","sunbury","city","40.86147","-76.786695"
"PA","Pennsylvania","Sunrise Lake","sunrise lake","cdp","41.313245","-74.963149"
"PA","Pennsylvania","Susquehanna Depot","susquehanna depot","borough","41.940864","-75.608156"
"PA","Pennsylvania","Susquehanna Trails","susquehanna trails","cdp","39.758356","-76.368401"
"PA","Pennsylvania","Sutersville","sutersville","borough","40.234508","-79.801464"
"PA","Pennsylvania","Swarthmore","swarthmore","borough","39.902321","-75.348744"
"PA","Pennsylvania","Swartzville","swartzville","cdp","40.228864","-76.079453"
"PA","Pennsylvania","Swedeland","swedeland","cdp","40.087339","-75.333367"
"PA","Pennsylvania","Sweden Valley","sweden valley","cdp","41.759534","-77.953756"
"PA","Pennsylvania","Swedesburg","swedesburg","cdp","40.10198","-75.332294"
"PA","Pennsylvania","Swissvale","swissvale","borough","40.420271","-79.886028"
"PA","Pennsylvania","Swoyersville","swoyersville","borough","41.297699","-75.87989"
"PA","Pennsylvania","Sykesville","sykesville","borough","41.044743","-78.811153"
"PA","Pennsylvania","Sylvan Hills","sylvan hills","cdp","40.448672","-78.383921"
"PA","Pennsylvania","Sylvania","sylvania","borough","41.801223","-76.865821"
"PA","Pennsylvania","Table Rock","table rock","cdp","39.912138","-77.216521"
"PA","Pennsylvania","Tamaqua","tamaqua","borough","40.804055","-75.926617"
"PA","Pennsylvania","Tarentum","tarentum","borough","40.604472","-79.759987"
"PA","Pennsylvania","Tatamy","tatamy","borough","40.740667","-75.256134"
"PA","Pennsylvania","Taylor","taylor","borough","41.395772","-75.714713"
"PA","Pennsylvania","Taylorstown","taylorstown","cdp","40.156767","-80.386568"
"PA","Pennsylvania","Telford","telford","borough","40.325568","-75.327309"
"PA","Pennsylvania","Temple","temple","cdp","40.408054","-75.922908"
"PA","Pennsylvania","Templeton","templeton","cdp","40.917975","-79.460109"
"PA","Pennsylvania","Terre Hill","terre hill","borough","40.160511","-76.04959"
"PA","Pennsylvania","Tharptown (Uniontown)","tharptown uniontown","cdp","40.803381","-76.571195"
"PA","Pennsylvania","The Escape","the escape","cdp","41.367864","-75.306428"
"PA","Pennsylvania","The Hideout","the hideout","cdp","41.435486","-75.349934"
"PA","Pennsylvania","Thompson","thompson","borough","41.863656","-75.514124"
"PA","Pennsylvania","Thompsontown","thompsontown","borough","40.565799","-77.236133"
"PA","Pennsylvania","Thompsonville","thompsonville","cdp","40.273553","-80.113314"
"PA","Pennsylvania","Thornburg","thornburg","borough","40.434575","-80.084052"
"PA","Pennsylvania","Thorndale","thorndale","cdp","40.000964","-75.751652"
"PA","Pennsylvania","Three Springs","three springs","borough","40.196955","-77.981923"
"PA","Pennsylvania","Throop","throop","borough","41.438227","-75.592655"
"PA","Pennsylvania","Tidioute","tidioute","borough","41.686149","-79.391961"
"PA","Pennsylvania","Timber Hills","timber hills","cdp","40.243517","-76.484865"
"PA","Pennsylvania","Timblin","timblin","borough","40.968969","-79.198434"
"PA","Pennsylvania","Tioga","tioga","borough","41.907773","-77.135162"
"PA","Pennsylvania","Tionesta","tionesta","borough","41.497927","-79.449353"
"PA","Pennsylvania","Tipton","tipton","cdp","40.637399","-78.294776"
"PA","Pennsylvania","Titusville","titusville","city","41.627223","-79.669847"
"PA","Pennsylvania","Toftrees","toftrees","cdp","40.82478","-77.88481"
"PA","Pennsylvania","Topton","topton","borough","40.503371","-75.702538"
"PA","Pennsylvania","Toughkenamon","toughkenamon","cdp","39.831997","-75.755702"
"PA","Pennsylvania","Towamensing Trails","towamensing trails","cdp","40.9942","-75.581839"
"PA","Pennsylvania","Towanda","towanda","borough","41.770945","-76.446503"
"PA","Pennsylvania","Tower City","tower city","borough","40.588434","-76.553074"
"PA","Pennsylvania","Townville","townville","borough","41.679067","-79.879989"
"PA","Pennsylvania","Trafford","trafford","borough","40.384636","-79.757645"
"PA","Pennsylvania","Trainer","trainer","borough","39.82398","-75.404753"
"PA","Pennsylvania","Trappe","trappe","borough","40.199095","-75.475379"
"PA","Pennsylvania","Treasure Lake","treasure lake","cdp","41.168224","-78.720505"
"PA","Pennsylvania","Tremont","tremont","borough","40.630246","-76.39119"
"PA","Pennsylvania","Tresckow","tresckow","cdp","40.915975","-75.965673"
"PA","Pennsylvania","Trevorton","trevorton","cdp","40.784129","-76.671046"
"PA","Pennsylvania","Trevose","trevose","cdp","40.150936","-74.981984"
"PA","Pennsylvania","Trexlertown","trexlertown","cdp","40.556831","-75.593645"
"PA","Pennsylvania","Trooper","trooper","cdp","40.148837","-75.399094"
"PA","Pennsylvania","Troutville","troutville","borough","41.029383","-78.787682"
"PA","Pennsylvania","Troxelville","troxelville","cdp","40.808765","-77.204682"
"PA","Pennsylvania","Troy","troy","borough","41.783315","-76.792222"
"PA","Pennsylvania","Trucksville","trucksville","cdp","41.31004","-75.928075"
"PA","Pennsylvania","Trumbauersville","trumbauersville","borough","40.413426","-75.377454"
"PA","Pennsylvania","Tullytown","tullytown","borough","40.140843","-74.810996"
"PA","Pennsylvania","Tunkhannock","tunkhannock","borough","41.541084","-75.949058"
"PA","Pennsylvania","Tunnelhill","tunnelhill","borough","40.478284","-78.542333"
"PA","Pennsylvania","Turbotville","turbotville","borough","41.101897","-76.769409"
"PA","Pennsylvania","Turtle Creek","turtle creek","borough","40.408561","-79.821466"
"PA","Pennsylvania","Tuscarora","tuscarora","cdp","40.768758","-76.037749"
"PA","Pennsylvania","Twilight","twilight","borough","40.115782","-79.893603"
"PA","Pennsylvania","Twin Rocks","twin rocks","cdp","40.502637","-78.85677"
"PA","Pennsylvania","Tyler Run","tyler run","cdp","39.930525","-76.701051"
"PA","Pennsylvania","Tylersburg","tylersburg","cdp","41.38275","-79.316497"
"PA","Pennsylvania","Tylersville","tylersville","cdp","40.989815","-77.444949"
"PA","Pennsylvania","Tyrone","tyrone","borough","40.676451","-78.246044"
"PA","Pennsylvania","Tyrone Forge","tyrone forge","cdp","40.660343","-78.222433"
"PA","Pennsylvania","Ulster","ulster","cdp","41.848507","-76.507001"
"PA","Pennsylvania","Ulysses","ulysses","borough","41.90305","-77.754821"
"PA","Pennsylvania","Union City","union city","borough","41.89767","-79.843245"
"PA","Pennsylvania","Union Dale","union dale","borough","41.713044","-75.483167"
"PA","Pennsylvania","Union Deposit","union deposit","cdp","40.293338","-76.680731"
"PA","Pennsylvania","Uniontown","uniontown","city","39.899302","-79.724529"
"PA","Pennsylvania","Unionville","unionville","borough","40.906231","-77.876683"
"PA","Pennsylvania","Unionville","unionville","cdp","40.745899","-80.210673"
"PA","Pennsylvania","Unionville","unionville","cdp","40.942277","-79.961282"
"PA","Pennsylvania","Unionville","unionville","cdp","39.900512","-75.730376"
"PA","Pennsylvania","University of Pittsburgh Bradford","university of pittsburgh bradford","cdp","41.944274","-78.672757"
"PA","Pennsylvania","University of Pittsburgh Johnstown","university of pittsburgh johnstown","cdp","40.262608","-78.829647"
"PA","Pennsylvania","Upland","upland","borough","39.856204","-75.379646"
"PA","Pennsylvania","Upper Exeter","upper exeter","cdp","41.404527","-75.854664"
"PA","Pennsylvania","Ursina","ursina","borough","39.815295","-79.332484"
"PA","Pennsylvania","Utica","utica","borough","41.4372","-79.965392"
"PA","Pennsylvania","Vail","vail","cdp","40.701149","-78.213847"
"PA","Pennsylvania","Valencia","valencia","borough","40.676694","-79.988282"
"PA","Pennsylvania","Valley Green","valley green","cdp","40.156682","-76.794642"
"PA","Pennsylvania","Valley-Hi","valley hi","borough","40.032144","-78.192598"
"PA","Pennsylvania","Valley View","valley view","cdp","40.648079","-76.535167"
"PA","Pennsylvania","Valley View","valley view","cdp","39.949855","-76.701095"
"PA","Pennsylvania","Van Voorhis","van voorhis","cdp","40.159852","-79.97309"
"PA","Pennsylvania","Vanderbilt","vanderbilt","borough","40.033951","-79.662825"
"PA","Pennsylvania","Vandergrift","vandergrift","borough","40.59944","-79.575534"
"PA","Pennsylvania","Vandling","vandling","borough","41.627459","-75.474253"
"PA","Pennsylvania","Venango","venango","borough","41.77272","-80.112074"
"PA","Pennsylvania","Verona","verona","borough","40.505672","-79.841947"
"PA","Pennsylvania","Versailles","versailles","borough","40.318171","-79.830809"
"PA","Pennsylvania","Vicksburg","vicksburg","cdp","40.369804","-78.415775"
"PA","Pennsylvania","Vicksburg","vicksburg","cdp","40.938397","-76.990478"
"PA","Pennsylvania","Village Green-Green Ridge","village green green ridge","cdp","39.863872","-75.425701"
"PA","Pennsylvania","Village Shires","village shires","cdp","40.200079","-74.970636"
"PA","Pennsylvania","Villanova","villanova","cdp","40.040534","-75.341007"
"PA","Pennsylvania","Vinco","vinco","cdp","40.409875","-78.844901"
"PA","Pennsylvania","Vintondale","vintondale","borough","40.480731","-78.910794"
"PA","Pennsylvania","Virginville","virginville","cdp","40.517059","-75.857313"
"PA","Pennsylvania","Volant","volant","borough","41.112426","-80.259851"
"PA","Pennsylvania","Vowinckel","vowinckel","cdp","41.4047","-79.231296"
"PA","Pennsylvania","Wagner","wagner","cdp","40.677734","-77.384719"
"PA","Pennsylvania","Wakefield","wakefield","cdp","39.777023","-76.183891"
"PA","Pennsylvania","Wall","wall","borough","40.391594","-79.785852"
"PA","Pennsylvania","Wallaceton","wallaceton","borough","40.965638","-78.287646"
"PA","Pennsylvania","Wallenpaupack Lake Estates","wallenpaupack lake estates","cdp","41.396942","-75.272749"
"PA","Pennsylvania","Waller","waller","cdp","41.237015","-76.415627"
"PA","Pennsylvania","Walnutport","walnutport","borough","40.751472","-75.595228"
"PA","Pennsylvania","Walnuttown","walnuttown","cdp","40.446731","-75.84052"
"PA","Pennsylvania","Wampum","wampum","borough","40.885074","-80.34044"
"PA","Pennsylvania","Wanamie","wanamie","cdp","41.174476","-76.042223"
"PA","Pennsylvania","Warfordsburg","warfordsburg","cdp","39.751124","-78.188853"
"PA","Pennsylvania","Warminster Heights","warminster heights","cdp","40.18837","-75.084089"
"PA","Pennsylvania","Warren","warren","city","41.842916","-79.143865"
"PA","Pennsylvania","Warrior Run","warrior run","borough","41.188579","-75.949558"
"PA","Pennsylvania","Warriors Mark","warriors mark","cdp","40.702807","-78.131482"
"PA","Pennsylvania","Washington","washington","city","40.17416","-80.246794"
"PA","Pennsylvania","Washington Boro","washington boro","cdp","40.006624","-76.468977"
"PA","Pennsylvania","Washingtonville","washingtonville","borough","41.052294","-76.674914"
"PA","Pennsylvania","Waterford","waterford","borough","41.945169","-79.985133"
"PA","Pennsylvania","Watsontown","watsontown","borough","41.085271","-76.864851"
"PA","Pennsylvania","Wattsburg","wattsburg","borough","42.002732","-79.804783"
"PA","Pennsylvania","Waverly","waverly","cdp","41.52759","-75.702983"
"PA","Pennsylvania","Waymart","waymart","borough","41.586387","-75.403716"
"PA","Pennsylvania","Wayne","wayne","cdp","40.039604","-75.39266"
"PA","Pennsylvania","Wayne Heights","wayne heights","cdp","39.745511","-77.543607"
"PA","Pennsylvania","Waynesboro","waynesboro","borough","39.752377","-77.582303"
"PA","Pennsylvania","Waynesburg","waynesburg","borough","39.898255","-80.185537"
"PA","Pennsylvania","Weatherly","weatherly","borough","40.942015","-75.82092"
"PA","Pennsylvania","Webster","webster","cdp","40.192436","-79.850726"
"PA","Pennsylvania","Weedville","weedville","cdp","41.275761","-78.490197"
"PA","Pennsylvania","Weigelstown","weigelstown","cdp","39.985193","-76.830654"
"PA","Pennsylvania","Weissport","weissport","borough","40.829014","-75.700874"
"PA","Pennsylvania","Weissport East","weissport east","cdp","40.836882","-75.686436"
"PA","Pennsylvania","Wellersburg","wellersburg","borough","39.730612","-78.847983"
"PA","Pennsylvania","Wells Tannery","wells tannery","cdp","40.089756","-78.164981"
"PA","Pennsylvania","Wellsboro","wellsboro","borough","41.74552","-77.303694"
"PA","Pennsylvania","Wellsville","wellsville","borough","40.051275","-76.940701"
"PA","Pennsylvania","Wernersville","wernersville","borough","40.330449","-76.08266"
"PA","Pennsylvania","Wescosville","wescosville","cdp","40.561432","-75.549962"
"PA","Pennsylvania","Wesleyville","wesleyville","borough","42.136921","-80.01227"
"PA","Pennsylvania","West Alexander","west alexander","cdp","40.107001","-80.509206"
"PA","Pennsylvania","West Brownsville","west brownsville","borough","40.031502","-79.891667"
"PA","Pennsylvania","West Chester","west chester","borough","39.959883","-75.605422"
"PA","Pennsylvania","West Conshohocken","west conshohocken","borough","40.070314","-75.318777"
"PA","Pennsylvania","West Decatur","west decatur","cdp","40.929051","-78.281671"
"PA","Pennsylvania","West Easton","west easton","borough","40.678363","-75.236092"
"PA","Pennsylvania","West Elizabeth","west elizabeth","borough","40.270567","-79.896214"
"PA","Pennsylvania","West Fairview","west fairview","cdp","40.278741","-76.920794"
"PA","Pennsylvania","West Falls","west falls","cdp","41.451721","-75.863979"
"PA","Pennsylvania","West Grove","west grove","borough","39.820187","-75.828516"
"PA","Pennsylvania","West Hamburg","west hamburg","cdp","40.551827","-76.004889"
"PA","Pennsylvania","West Hazleton","west hazleton","borough","40.974324","-76.025415"
"PA","Pennsylvania","West Hills","west hills","cdp","40.842868","-79.54412"
"PA","Pennsylvania","West Homestead","west homestead","borough","40.39378","-79.91019"
"PA","Pennsylvania","West Kittanning","west kittanning","borough","40.812738","-79.531209"
"PA","Pennsylvania","West Lawn","west lawn","cdp","40.328943","-75.993792"
"PA","Pennsylvania","West Leechburg","west leechburg","borough","40.633541","-79.619034"
"PA","Pennsylvania","West Liberty","west liberty","borough","41.009303","-80.066626"
"PA","Pennsylvania","West Mayfield","west mayfield","borough","40.780205","-80.338676"
"PA","Pennsylvania","West Middlesex","west middlesex","borough","41.174247","-80.455524"
"PA","Pennsylvania","West Middletown","west middletown","borough","40.243204","-80.425278"
"PA","Pennsylvania","West Mifflin","west mifflin","borough","40.357667","-79.905397"
"PA","Pennsylvania","West Milton","west milton","cdp","41.018299","-76.876637"
"PA","Pennsylvania","West Myerstown","west myerstown","cdp","40.369801","-76.319837"
"PA","Pennsylvania","West Nanticoke","west nanticoke","cdp","41.219986","-76.009132"
"PA","Pennsylvania","West Newton","west newton","borough","40.207171","-79.771196"
"PA","Pennsylvania","West Pittsburg","west pittsburg","cdp","40.930932","-80.362227"
"PA","Pennsylvania","West Pittston","west pittston","borough","41.329561","-75.799966"
"PA","Pennsylvania","West Reading","west reading","borough","40.333761","-75.946886"
"PA","Pennsylvania","West Sunbury","west sunbury","borough","41.00606","-79.896456"
"PA","Pennsylvania","West View","west view","borough","40.518155","-80.033299"
"PA","Pennsylvania","West Waynesburg","west waynesburg","cdp","39.900072","-80.200645"
"PA","Pennsylvania","West Wilmerding","west wilmerding","cdp","40.396971","-79.821809"
"PA","Pennsylvania","West Wyoming","west wyoming","borough","41.321638","-75.857779"
"PA","Pennsylvania","West Wyomissing","west wyomissing","cdp","40.322153","-75.99507"
"PA","Pennsylvania","West York","west york","borough","39.953387","-76.760959"
"PA","Pennsylvania","Westfield","westfield","borough","41.917681","-77.540282"
"PA","Pennsylvania","Westland","westland","cdp","40.278901","-80.273191"
"PA","Pennsylvania","Westmont","westmont","borough","40.3194","-78.952394"
"PA","Pennsylvania","Weston","weston","cdp","40.942617","-76.140106"
"PA","Pennsylvania","Westover","westover","borough","40.741058","-78.688009"
"PA","Pennsylvania","Westwood","westwood","cdp","39.970186","-75.855285"
"PA","Pennsylvania","Westwood","westwood","cdp","40.332972","-78.953738"
"PA","Pennsylvania","Wheatland","wheatland","borough","41.196938","-80.495777"
"PA","Pennsylvania","Whitaker","whitaker","borough","40.40051","-79.885399"
"PA","Pennsylvania","White Haven","white haven","borough","41.0597","-75.786946"
"PA","Pennsylvania","White Mills","white mills","cdp","41.539339","-75.199354"
"PA","Pennsylvania","White Oak","white oak","borough","40.338791","-79.796071"
"PA","Pennsylvania","Whitehall","whitehall","borough","40.360205","-79.989793"
"PA","Pennsylvania","Whitfield","whitfield","cdp","40.335008","-76.00601"
"PA","Pennsylvania","Wickerham Manor-Fisher","wickerham manor fisher","cdp","40.177106","-79.907933"
"PA","Pennsylvania","Wiconsico","wiconsico","cdp","40.574203","-76.677275"
"PA","Pennsylvania","Wilburton Number One","wilburton number one","cdp","40.812777","-76.393963"
"PA","Pennsylvania","Wilburton Number Two","wilburton number two","cdp","40.819081","-76.364708"
"PA","Pennsylvania","Wilcox","wilcox","cdp","41.572044","-78.686757"
"PA","Pennsylvania","Wilkes-Barre","wilkes barre","city","41.246561","-75.875689"
"PA","Pennsylvania","Wilkinsburg","wilkinsburg","borough","40.444207","-79.873329"
"PA","Pennsylvania","Williamsburg","williamsburg","borough","40.46298","-78.204942"
"PA","Pennsylvania","Williamsport","williamsport","city","41.240019","-77.035591"
"PA","Pennsylvania","Williamstown","williamstown","borough","40.580922","-76.616956"
"PA","Pennsylvania","Willow Grove","willow grove","cdp","40.147234","-75.116862"
"PA","Pennsylvania","Willow Street","willow street","cdp","39.980881","-76.271859"
"PA","Pennsylvania","Wilmerding","wilmerding","borough","40.39418","-79.810049"
"PA","Pennsylvania","Wilmore","wilmore","borough","40.387328","-78.717201"
"PA","Pennsylvania","Wilson","wilson","borough","40.684402","-75.241723"
"PA","Pennsylvania","Winburne","winburne","cdp","40.962739","-78.149386"
"PA","Pennsylvania","Wind Gap","wind gap","borough","40.849027","-75.291024"
"PA","Pennsylvania","Wind Ridge","wind ridge","cdp","39.911119","-80.432229"
"PA","Pennsylvania","Windber","windber","borough","40.235486","-78.824704"
"PA","Pennsylvania","Windsor","windsor","borough","39.916275","-76.583968"
"PA","Pennsylvania","Winfield","winfield","cdp","40.894745","-76.86034"
"PA","Pennsylvania","Winterstown","winterstown","borough","39.840804","-76.617431"
"PA","Pennsylvania","Witmer","witmer","cdp","40.050623","-76.210234"
"PA","Pennsylvania","Wolfdale","wolfdale","cdp","40.197846","-80.30009"
"PA","Pennsylvania","Womelsdorf","womelsdorf","borough","40.366956","-76.186753"
"PA","Pennsylvania","Wood","wood","cdp","40.16649","-78.138552"
"PA","Pennsylvania","Woodbourne","woodbourne","cdp","40.202016","-74.887207"
"PA","Pennsylvania","Woodbury","woodbury","borough","40.225293","-78.36596"
"PA","Pennsylvania","Woodcock","woodcock","borough","41.754061","-80.084617"
"PA","Pennsylvania","Woodland","woodland","cdp","41.006985","-78.340681"
"PA","Pennsylvania","Woodland Heights","woodland heights","cdp","41.4113","-79.701464"
"PA","Pennsylvania","Woodlyn","woodlyn","cdp","39.877372","-75.344501"
"PA","Pennsylvania","Woodside","woodside","cdp","40.229997","-74.85935"
"PA","Pennsylvania","Woodward","woodward","cdp","40.899565","-77.345735"
"PA","Pennsylvania","Woolrich","woolrich","cdp","41.185737","-77.371145"
"PA","Pennsylvania","Wopsononock","wopsononock","cdp","40.565958","-78.449525"
"PA","Pennsylvania","Wormleysburg","wormleysburg","borough","40.260596","-76.910327"
"PA","Pennsylvania","Worthington","worthington","borough","40.837987","-79.635032"
"PA","Pennsylvania","Worthville","worthville","borough","41.024489","-79.141065"
"PA","Pennsylvania","Woxall","woxall","cdp","40.318344","-75.453037"
"PA","Pennsylvania","Wrightsville","wrightsville","borough","40.023875","-76.531207"
"PA","Pennsylvania","Wurtemburg","wurtemburg","cdp","40.855375","-80.2481"
"PA","Pennsylvania","Wyalusing","wyalusing","borough","41.672641","-76.26116"
"PA","Pennsylvania","Wyano","wyano","cdp","40.201517","-79.69394"
"PA","Pennsylvania","Wylandville","wylandville","cdp","40.209902","-80.12634"
"PA","Pennsylvania","Wyncote","wyncote","cdp","40.091508","-75.146267"
"PA","Pennsylvania","Wyndmoor","wyndmoor","cdp","40.085619","-75.1941"
"PA","Pennsylvania","Wynnewood","wynnewood","cdp","39.997624","-75.269202"
"PA","Pennsylvania","Wyoming","wyoming","borough","41.305677","-75.842886"
"PA","Pennsylvania","Wyomissing","wyomissing","borough","40.334655","-75.966089"
"PA","Pennsylvania","Yardley","yardley","borough","40.240293","-74.838934"
"PA","Pennsylvania","Yarnell","yarnell","cdp","41.00034","-77.814289"
"PA","Pennsylvania","Yatesboro","yatesboro","cdp","40.800481","-79.332768"
"PA","Pennsylvania","Yatesville","yatesville","borough","41.303804","-75.782216"
"PA","Pennsylvania","Yeadon","yeadon","borough","39.932481","-75.252687"
"PA","Pennsylvania","Yeagertown","yeagertown","cdp","40.641075","-77.580282"
"PA","Pennsylvania","Yellow Springs","yellow springs","cdp","40.517659","-78.195565"
"PA","Pennsylvania","Yoe","yoe","borough","39.909586","-76.63661"
"PA","Pennsylvania","York","york","city","39.964798","-76.73184"
"PA","Pennsylvania","York Haven","york haven","borough","40.110422","-76.715022"
"PA","Pennsylvania","York Springs","york springs","borough","40.009301","-77.115883"
"PA","Pennsylvania","Yorkana","yorkana","borough","39.97596","-76.584701"
"PA","Pennsylvania","Yorklyn","yorklyn","cdp","39.992909","-76.642802"
"PA","Pennsylvania","Youngstown","youngstown","borough","40.279783","-79.365884"
"PA","Pennsylvania","Youngsville","youngsville","borough","41.85247","-79.316663"
"PA","Pennsylvania","Youngwood","youngwood","borough","40.244324","-79.580712"
"PA","Pennsylvania","Yukon","yukon","cdp","40.214407","-79.688503"
"PA","Pennsylvania","Zelienople","zelienople","borough","40.785665","-80.138669"
"PA","Pennsylvania","Zion","zion","cdp","40.916761","-77.690776"
"VA","Virginia","Abbs Valley","abbs valley","cdp","37.235392","-81.460147"
"VA","Virginia","Abingdon","abingdon","town","36.706665","-81.971627"
"VA","Virginia","Accomac","accomac","town","37.719561","-75.667784"
"VA","Virginia","Adwolf","adwolf","cdp","36.798026","-81.593646"
"VA","Virginia","Afton","afton","cdp","38.022164","-78.833445"
"VA","Virginia","Alberta","alberta","town","36.854006","-77.893986"
"VA","Virginia","Aldie","aldie","cdp","38.97612","-77.647985"
"VA","Virginia","Alexandria","alexandria","city","38.819251","-77.08367"
"VA","Virginia","Allison Gap","allison gap","cdp","36.899778","-81.786853"
"VA","Virginia","Allisonia","allisonia","cdp","36.936867","-80.718795"
"VA","Virginia","Alonzaville","alonzaville","cdp","38.927751","-78.550927"
"VA","Virginia","Altavista","altavista","town","37.123438","-79.283378"
"VA","Virginia","Amelia Court House","amelia court house","cdp","37.335858","-77.986639"
"VA","Virginia","Amherst","amherst","town","37.581894","-79.051995"
"VA","Virginia","Amonate","amonate","cdp","37.190597","-81.640566"
"VA","Virginia","Annandale","annandale","cdp","38.832801","-77.196229"
"VA","Virginia","Appalachia","appalachia","town","36.912716","-82.795003"
"VA","Virginia","Apple Mountain Lake","apple mountain lake","cdp","38.926685","-78.105138"
"VA","Virginia","Appomattox","appomattox","town","37.358738","-78.826446"
"VA","Virginia","Aquia Harbour","aquia harbour","cdp","38.459234","-77.380104"
"VA","Virginia","Arcola","arcola","cdp","38.944426","-77.534083"
"VA","Virginia","Arlington","arlington","cdp","38.878337","-77.100703"
"VA","Virginia","Arrington","arrington","cdp","37.678696","-78.894759"
"VA","Virginia","Ashburn","ashburn","cdp","39.027296","-77.471322"
"VA","Virginia","Ashland","ashland","town","37.760417","-77.472414"
"VA","Virginia","Atkins","atkins","cdp","36.866981","-81.398577"
"VA","Virginia","Atlantic","atlantic","cdp","37.903366","-75.506367"
"VA","Virginia","Augusta Springs","augusta springs","cdp","38.102962","-79.336345"
"VA","Virginia","Austinville","austinville","cdp","36.851018","-80.914507"
"VA","Virginia","Bailey's Crossroads","bailey s crossroads","cdp","38.848262","-77.131959"
"VA","Virginia","Barboursville","barboursville","cdp","38.169924","-78.283603"
"VA","Virginia","Baskerville","baskerville","cdp","36.684407","-78.273196"
"VA","Virginia","Bassett","bassett","cdp","36.761517","-79.986551"
"VA","Virginia","Bastian","bastian","cdp","37.153528","-81.152495"
"VA","Virginia","Basye","basye","cdp","38.809424","-78.769485"
"VA","Virginia","Bayside","bayside","cdp","37.754788","-75.712852"
"VA","Virginia","Baywood","baywood","cdp","36.621889","-81.008466"
"VA","Virginia","Bealeton","bealeton","cdp","38.583015","-77.778763"
"VA","Virginia","Bedford","bedford","town","37.339992","-79.514112"
"VA","Virginia","Belle Haven","belle haven","cdp","38.777325","-77.057438"
"VA","Virginia","Belle Haven","belle haven","town","37.554653","-75.823838"
"VA","Virginia","Bellwood","bellwood","cdp","37.406041","-77.436335"
"VA","Virginia","Belmont","belmont","cdp","39.065619","-77.498473"
"VA","Virginia","Belmont Estates","belmont estates","cdp","38.446449","-78.922783"
"VA","Virginia","Belspring","belspring","cdp","37.195413","-80.612423"
"VA","Virginia","Belview","belview","cdp","37.166762","-80.509706"
"VA","Virginia","Benns Church","benns church","cdp","36.936894","-76.58469"
"VA","Virginia","Bensley","bensley","cdp","37.447493","-77.445608"
"VA","Virginia","Berryville","berryville","town","39.147726","-77.98016"
"VA","Virginia","Bethel Manor","bethel manor","cdp","37.097363","-76.424632"
"VA","Virginia","Big Island","big island","cdp","37.533422","-79.363186"
"VA","Virginia","Big Rock","big rock","cdp","37.35256","-82.18734"
"VA","Virginia","Big Stone Gap","big stone gap","town","36.86274","-82.776089"
"VA","Virginia","Big Stone Gap East","big stone gap east","cdp","36.879269","-82.743346"
"VA","Virginia","Blacksburg","blacksburg","town","37.231264","-80.426745"
"VA","Virginia","Blackstone","blackstone","town","37.081822","-78.002812"
"VA","Virginia","Blairs","blairs","cdp","36.699268","-79.37891"
"VA","Virginia","Bland","bland","cdp","37.099492","-81.115765"
"VA","Virginia","Bloxom","bloxom","town","37.829241","-75.621437"
"VA","Virginia","Blue Ridge","blue ridge","cdp","37.379843","-79.822204"
"VA","Virginia","Blue Ridge Shores","blue ridge shores","cdp","38.107114","-78.022692"
"VA","Virginia","Bluefield","bluefield","town","37.235225","-81.274659"
"VA","Virginia","Bobtown","bobtown","cdp","37.649248","-75.799872"
"VA","Virginia","Boissevain","boissevain","cdp","37.275703","-81.385616"
"VA","Virginia","Bon Air","bon air","cdp","37.516984","-77.570309"
"VA","Virginia","Boones Mill","boones mill","town","37.115562","-79.951414"
"VA","Virginia","Boston","boston","cdp","37.603856","-75.843711"
"VA","Virginia","Boswell's Corner","boswell s corner","cdp","38.503705","-77.372135"
"VA","Virginia","Bowling Green","bowling green","town","38.053331","-77.347528"
"VA","Virginia","Bowmans Crossing","bowmans crossing","cdp","38.797823","-78.589127"
"VA","Virginia","Boyce","boyce","town","39.093223","-78.060108"
"VA","Virginia","Boydton","boydton","town","36.66606","-78.390727"
"VA","Virginia","Boykins","boykins","town","36.577825","-77.198919"
"VA","Virginia","Bracey","bracey","cdp","36.581233","-78.113798"
"VA","Virginia","Braddock","braddock","cdp","38.831875","-77.355031"
"VA","Virginia","Brambleton","brambleton","cdp","38.980243","-77.532796"
"VA","Virginia","Branchville","branchville","town","36.569793","-77.250096"
"VA","Virginia","Brandermill","brandermill","cdp","37.433992","-77.650583"
"VA","Virginia","Brandy Station","brandy station","cdp","38.495045","-77.889951"
"VA","Virginia","Breaks","breaks","cdp","37.300654","-82.279194"
"VA","Virginia","Bridgewater","bridgewater","town","38.388491","-78.964452"
"VA","Virginia","Brightwood","brightwood","cdp","38.413954","-78.184695"
"VA","Virginia","Bristol","bristol","city","36.616954","-82.157564"
"VA","Virginia","Broadlands","broadlands","cdp","39.013635","-77.516983"
"VA","Virginia","Broadway","broadway","town","38.608485","-78.801366"
"VA","Virginia","Brodnax","brodnax","town","36.702953","-78.031937"
"VA","Virginia","Brookneal","brookneal","town","37.047864","-78.953911"
"VA","Virginia","Brucetown","brucetown","cdp","39.250674","-78.060935"
"VA","Virginia","Buchanan","buchanan","town","37.520854","-79.691059"
"VA","Virginia","Buckhall","buckhall","cdp","38.715561","-77.447008"
"VA","Virginia","Buckingham Courthouse","buckingham courthouse","cdp","37.55589","-78.55138"
"VA","Virginia","Buena Vista","buena vista","city","37.729345","-79.358134"
"VA","Virginia","Bull Run","bull run","cdp","38.83975","-77.489757"
"VA","Virginia","Bull Run","bull run","cdp","38.780099","-77.520418"
"VA","Virginia","Bull Run Mountain Estates","bull run mountain estates","cdp","38.90919","-77.666676"
"VA","Virginia","Burke","burke","cdp","38.777716","-77.262594"
"VA","Virginia","Burke Centre","burke centre","cdp","38.791183","-77.300574"
"VA","Virginia","Burkeville","burkeville","town","37.187905","-78.194413"
"VA","Virginia","Callaghan","callaghan","cdp","37.809824","-80.089009"
"VA","Virginia","Calverton","calverton","cdp","38.635169","-77.666433"
"VA","Virginia","Camp Barrett","camp barrett","cdp","38.51861","-77.437652"
"VA","Virginia","Camptown","camptown","cdp","36.685887","-76.894742"
"VA","Virginia","Cana","cana","cdp","36.580614","-80.667889"
"VA","Virginia","Cape Charles","cape charles","town","37.249726","-76.014156"
"VA","Virginia","Capron","capron","town","36.709329","-77.201281"
"VA","Virginia","Captains Cove","captains cove","cdp","37.996297","-75.425918"
"VA","Virginia","Carrollton","carrollton","cdp","36.940627","-76.521072"
"VA","Virginia","Carrsville","carrsville","cdp","36.704097","-76.839133"
"VA","Virginia","Cascades","cascades","cdp","39.047538","-77.386847"
"VA","Virginia","Castlewood","castlewood","cdp","36.880139","-82.295326"
"VA","Virginia","Catlett","catlett","cdp","38.656381","-77.628856"
"VA","Virginia","Cats Bridge","cats bridge","cdp","37.547717","-75.783285"
"VA","Virginia","Cave Spring","cave spring","cdp","37.22691","-80.00688"
"VA","Virginia","Cedar Bluff","cedar bluff","town","37.086956","-81.763725"
"VA","Virginia","Central Garage","central garage","cdp","37.747319","-77.125113"
"VA","Virginia","Centreville","centreville","cdp","38.84065","-77.438462"
"VA","Virginia","Chamberlayne","chamberlayne","cdp","37.627375","-77.428188"
"VA","Virginia","Chantilly","chantilly","cdp","38.88918","-77.442088"
"VA","Virginia","Charles City","charles city","cdp","37.348306","-77.062955"
"VA","Virginia","Charlotte Court House","charlotte court house","town","37.056247","-78.637687"
"VA","Virginia","Charlottesville","charlottesville","city","38.037658","-78.485381"
"VA","Virginia","Chase City","chase city","town","36.799844","-78.460951"
"VA","Virginia","Chase Crossing","chase crossing","cdp","37.760332","-75.6657"
"VA","Virginia","Chatham","chatham","town","36.811853","-79.400122"
"VA","Virginia","Chatmoss","chatmoss","cdp","36.676678","-79.808442"
"VA","Virginia","Cheriton","cheriton","town","37.294354","-75.965519"
"VA","Virginia","Cherry Hill","cherry hill","cdp","38.567372","-77.286267"
"VA","Virginia","Chesapeake","chesapeake","city","36.679376","-76.301788"
"VA","Virginia","Chester","chester","cdp","37.352045","-77.433695"
"VA","Virginia","Chester Gap","chester gap","cdp","38.850109","-78.131581"
"VA","Virginia","Chilhowie","chilhowie","town","36.800173","-81.682913"
"VA","Virginia","Chincoteague","chincoteague","town","37.949305","-75.352582"
"VA","Virginia","Christiansburg","christiansburg","town","37.140663","-80.404512"
"VA","Virginia","Churchville","churchville","cdp","38.22466","-79.161389"
"VA","Virginia","Claremont","claremont","town","37.227296","-76.966564"
"VA","Virginia","Clarksville","clarksville","town","36.618228","-78.564526"
"VA","Virginia","Clary","clary","cdp","39.027745","-78.337094"
"VA","Virginia","Claypool Hill","claypool hill","cdp","37.064729","-81.749996"
"VA","Virginia","Cleveland","cleveland","town","36.943669","-82.152632"
"VA","Virginia","Clifton","clifton","town","38.780128","-77.38599"
"VA","Virginia","Clifton Forge","clifton forge","town","37.82332","-79.825194"
"VA","Virginia","Cliftondale Park","cliftondale park","cdp","37.824938","-79.798136"
"VA","Virginia","Clinchco","clinchco","town","37.157398","-82.354462"
"VA","Virginia","Clinchport","clinchport","town","36.680024","-82.74416"
"VA","Virginia","Clintwood","clintwood","town","37.152994","-82.459892"
"VA","Virginia","Clover","clover","cdp","36.84024","-78.721854"
"VA","Virginia","Cloverdale","cloverdale","cdp","37.356145","-79.903579"
"VA","Virginia","Cluster Springs","cluster springs","cdp","36.604519","-78.923099"
"VA","Virginia","Coeburn","coeburn","town","36.945648","-82.470398"
"VA","Virginia","Collinsville","collinsville","cdp","36.72102","-79.911638"
"VA","Virginia","Colonial Beach","colonial beach","town","38.264407","-76.993729"
"VA","Virginia","Colonial Heights","colonial heights","city","37.261685","-77.396804"
"VA","Virginia","Columbia","columbia","cdp","37.753843","-78.163369"
"VA","Virginia","Columbia Furnace","columbia furnace","cdp","38.874907","-78.614777"
"VA","Virginia","Concord","concord","cdp","37.34484","-78.982889"
"VA","Virginia","Conicville","conicville","cdp","38.828993","-78.681297"
"VA","Virginia","Countryside","countryside","cdp","39.052202","-77.412414"
"VA","Virginia","County Center","county center","cdp","38.692745","-77.355599"
"VA","Virginia","Courtland","courtland","town","36.71226","-77.061957"
"VA","Virginia","Covington","covington","city","37.78106","-79.985434"
"VA","Virginia","Craigsville","craigsville","town","38.086525","-79.390787"
"VA","Virginia","Crewe","crewe","town","37.180994","-78.130407"
"VA","Virginia","Crimora","crimora","cdp","38.161665","-78.843844"
"VA","Virginia","Crosspointe","crosspointe","cdp","38.72498","-77.263232"
"VA","Virginia","Crozet","crozet","cdp","38.06492","-78.69696"
"VA","Virginia","Culpeper","culpeper","town","38.470292","-77.999764"
"VA","Virginia","Cumberland","cumberland","cdp","37.498721","-78.257515"
"VA","Virginia","Dahlgren","dahlgren","cdp","38.341976","-77.064267"
"VA","Virginia","Dahlgren Center","dahlgren center","cdp","38.33631","-77.028454"
"VA","Virginia","Dale City","dale city","cdp","38.649812","-77.345941"
"VA","Virginia","Daleville","daleville","cdp","37.41447","-79.913771"
"VA","Virginia","Damascus","damascus","town","36.63267","-81.789359"
"VA","Virginia","Dante","dante","cdp","36.984673","-82.283575"
"VA","Virginia","Danville","danville","city","36.583334","-79.408071"
"VA","Virginia","Dayton","dayton","town","38.417296","-78.941107"
"VA","Virginia","Deep Creek","deep creek","cdp","37.759931","-75.752655"
"VA","Virginia","Deerfield","deerfield","cdp","38.194551","-79.412999"
"VA","Virginia","Deltaville","deltaville","cdp","37.551332","-76.327846"
"VA","Virginia","Dendron","dendron","town","37.036415","-76.924056"
"VA","Virginia","Difficult Run","difficult run","cdp","38.906639","-77.345536"
"VA","Virginia","Dillwyn","dillwyn","town","37.540511","-78.46121"
"VA","Virginia","Dinwiddie","dinwiddie","cdp","37.085011","-77.586454"
"VA","Virginia","Disputanta","disputanta","cdp","37.123551","-77.224856"
"VA","Virginia","Dooms","dooms","cdp","38.100067","-78.850167"
"VA","Virginia","Doran","doran","cdp","37.095858","-81.83193"
"VA","Virginia","Drakes Branch","drakes branch","town","36.993347","-78.60094"
"VA","Virginia","Dranesville","dranesville","cdp","38.996677","-77.370298"
"VA","Virginia","Draper","draper","cdp","37.000242","-80.732508"
"VA","Virginia","Dryden","dryden","cdp","36.775836","-82.944077"
"VA","Virginia","Dublin","dublin","town","37.105503","-80.6897"
"VA","Virginia","Duffield","duffield","town","36.719629","-82.795967"
"VA","Virginia","Dulles Town Center","dulles town center","cdp","39.023468","-77.413511"
"VA","Virginia","Dumbarton","dumbarton","cdp","37.611887","-77.508285"
"VA","Virginia","Dumfries","dumfries","town","38.567348","-77.322421"
"VA","Virginia","Dunbar","dunbar","cdp","36.973257","-82.745885"
"VA","Virginia","Dungannon","dungannon","town","36.828397","-82.468108"
"VA","Virginia","Dunn Loring","dunn loring","cdp","38.894083","-77.229192"
"VA","Virginia","Eagle Rock","eagle rock","cdp","37.642251","-79.791894"
"VA","Virginia","Earlysville","earlysville","cdp","38.154569","-78.468933"
"VA","Virginia","East Highland Park","east highland park","cdp","37.577514","-77.386788"
"VA","Virginia","East Lexington","east lexington","cdp","37.801471","-79.416492"
"VA","Virginia","East Stone Gap","east stone gap","cdp","36.865696","-82.743477"
"VA","Virginia","Eastville","eastville","town","37.351063","-75.9408"
"VA","Virginia","Ebony","ebony","cdp","36.575876","-77.983988"
"VA","Virginia","Edinburg","edinburg","town","38.822863","-78.562689"
"VA","Virginia","Eggleston","eggleston","cdp","37.287196","-80.621872"
"VA","Virginia","Elkton","elkton","town","38.41069","-78.616117"
"VA","Virginia","Elliston","elliston","cdp","37.223009","-80.215723"
"VA","Virginia","Emory","emory","cdp","36.779821","-81.827397"
"VA","Virginia","Emporia","emporia","city","36.696182","-77.535975"
"VA","Virginia","Enon","enon","cdp","37.327339","-77.321671"
"VA","Virginia","Esmont","esmont","cdp","37.828536","-78.592043"
"VA","Virginia","Ettrick","ettrick","cdp","37.247306","-77.430756"
"VA","Virginia","Ewing","ewing","cdp","36.637465","-83.429466"
"VA","Virginia","Exmore","exmore","town","37.529495","-75.828317"
"VA","Virginia","Fair Lakes","fair lakes","cdp","38.8531","-77.389277"
"VA","Virginia","Fair Oaks","fair oaks","cdp","38.865093","-77.357387"
"VA","Virginia","Fairfax","fairfax","city","38.853183","-77.299025"
"VA","Virginia","Fairfax Station","fairfax station","cdp","38.794835","-77.338545"
"VA","Virginia","Fairfield","fairfield","cdp","37.882818","-79.282871"
"VA","Virginia","Fairlawn","fairlawn","cdp","37.145208","-80.543843"
"VA","Virginia","Fairview","fairview","cdp","36.829244","-78.465344"
"VA","Virginia","Fairview Beach","fairview beach","cdp","38.328167","-77.242346"
"VA","Virginia","Falls Church","falls church","city","38.884722","-77.175603"
"VA","Virginia","Falls Mills","falls mills","cdp","37.279088","-81.306183"
"VA","Virginia","Falmouth","falmouth","cdp","38.33018","-77.465914"
"VA","Virginia","Fancy Gap","fancy gap","cdp","36.671304","-80.701083"
"VA","Virginia","Farmville","farmville","town","37.296115","-78.400447"
"VA","Virginia","Ferrum","ferrum","cdp","36.938495","-79.994972"
"VA","Virginia","Fieldale","fieldale","cdp","36.700949","-79.942435"
"VA","Virginia","Fincastle","fincastle","town","37.501573","-79.874827"
"VA","Virginia","Fishers Hill","fishers hill","cdp","38.988629","-78.403498"
"VA","Virginia","Fishersville","fishersville","cdp","38.102349","-78.986163"
"VA","Virginia","Flint Hill","flint hill","cdp","38.765579","-78.103474"
"VA","Virginia","Floris","floris","cdp","38.929432","-77.409097"
"VA","Virginia","Floyd","floyd","town","36.91216","-80.318117"
"VA","Virginia","Forest","forest","cdp","37.374934","-79.277149"
"VA","Virginia","Forestville","forestville","cdp","38.714604","-78.72321"
"VA","Virginia","Fort Belvoir","fort belvoir","cdp","38.713075","-77.144497"
"VA","Virginia","Fort Chiswell","fort chiswell","cdp","36.944722","-80.956149"
"VA","Virginia","Fort Hunt","fort hunt","cdp","38.735462","-77.057664"
"VA","Virginia","Fort Lee","fort lee","cdp","37.235635","-77.332513"
"VA","Virginia","Franconia","franconia","cdp","38.767906","-77.158313"
"VA","Virginia","Franklin","franklin","city","36.684014","-76.941396"
"VA","Virginia","Franklin Farm","franklin farm","cdp","38.90979","-77.395913"
"VA","Virginia","Franktown","franktown","cdp","37.477628","-75.877313"
"VA","Virginia","Fredericksburg","fredericksburg","city","38.299272","-77.486658"
"VA","Virginia","Free Union","free union","cdp","38.153304","-78.558872"
"VA","Virginia","Fries","fries","town","36.714146","-80.975017"
"VA","Virginia","Front Royal","front royal","town","38.924952","-78.183426"
"VA","Virginia","Gainesville","gainesville","cdp","38.793191","-77.642243"
"VA","Virginia","Galax","galax","city","36.66564","-80.914308"
"VA","Virginia","Gargatha","gargatha","cdp","37.790901","-75.57685"
"VA","Virginia","Gasburg","gasburg","cdp","36.557604","-77.872928"
"VA","Virginia","Gate City","gate city","town","36.646139","-82.578387"
"VA","Virginia","George Mason","george mason","cdp","38.831513","-77.302406"
"VA","Virginia","Glade Spring","glade spring","town","36.789944","-81.772253"
"VA","Virginia","Glasgow","glasgow","town","37.631814","-79.458169"
"VA","Virginia","Glen Allen","glen allen","cdp","37.665873","-77.484349"
"VA","Virginia","Glen Lyn","glen lyn","town","37.372669","-80.858936"
"VA","Virginia","Glen Wilton","glen wilton","cdp","37.756032","-79.82184"
"VA","Virginia","Glenvar","glenvar","cdp","37.276191","-80.126362"
"VA","Virginia","Gloucester Courthouse","gloucester courthouse","cdp","37.403541","-76.523505"
"VA","Virginia","Gloucester Point","gloucester point","cdp","37.270274","-76.497368"
"VA","Virginia","Goochland","goochland","cdp","37.697075","-77.893651"
"VA","Virginia","Goose Creek Village","goose creek village","cdp","39.043103","-77.52544"
"VA","Virginia","Gordonsville","gordonsville","town","38.135552","-78.187406"
"VA","Virginia","Gore","gore","cdp","39.262795","-78.328212"
"VA","Virginia","Goshen","goshen","town","37.989969","-79.507795"
"VA","Virginia","Gratton","gratton","cdp","37.134728","-81.426759"
"VA","Virginia","Great Falls","great falls","cdp","39.012357","-77.301942"
"VA","Virginia","Great Falls Crossing","great falls crossing","cdp","38.981208","-77.324423"
"VA","Virginia","Greenbackville","greenbackville","cdp","38.010003","-75.385368"
"VA","Virginia","Greenbriar","greenbriar","cdp","38.871638","-77.399054"
"VA","Virginia","Greenbush","greenbush","cdp","37.73977","-75.679665"
"VA","Virginia","Greenville","greenville","cdp","38.00345","-79.153862"
"VA","Virginia","Gretna","gretna","town","36.949548","-79.362605"
"VA","Virginia","Grottoes","grottoes","town","38.269704","-78.825905"
"VA","Virginia","Groveton","groveton","cdp","38.74979","-77.1074"
"VA","Virginia","Grundy","grundy","town","37.267179","-82.094599"
"VA","Virginia","Gwynn","gwynn","cdp","37.495638","-76.286585"
"VA","Virginia","Halifax","halifax","town","36.761201","-78.927599"
"VA","Virginia","Hallwood","hallwood","town","37.877429","-75.589516"
"VA","Virginia","Hamilton","hamilton","town","39.135032","-77.664003"
"VA","Virginia","Hampden-Sydney","hampden sydney","cdp","37.244012","-78.475746"
"VA","Virginia","Hampton","hampton","city","37.047961","-76.297293"
"VA","Virginia","Hanover","hanover","cdp","37.772084","-77.375008"
"VA","Virginia","Harborton","harborton","cdp","37.659599","-75.833227"
"VA","Virginia","Harrisonburg","harrisonburg","city","38.436255","-78.873303"
"VA","Virginia","Harriston","harriston","cdp","38.208268","-78.82597"
"VA","Virginia","Hayfield","hayfield","cdp","38.753361","-77.132598"
"VA","Virginia","Haymarket","haymarket","town","38.812169","-77.636331"
"VA","Virginia","Haysi","haysi","town","37.2159","-82.286741"
"VA","Virginia","Heathsville","heathsville","cdp","37.911491","-76.478583"
"VA","Virginia","Henry Fork","henry fork","cdp","36.96972","-79.870374"
"VA","Virginia","Herndon","herndon","town","38.970412","-77.387073"
"VA","Virginia","Highland Springs","highland springs","cdp","37.551698","-77.327886"
"VA","Virginia","Hillsboro","hillsboro","town","39.199788","-77.722604"
"VA","Virginia","Hillsville","hillsville","town","36.761614","-80.736704"
"VA","Virginia","Hilltown","hilltown","cdp","36.728969","-80.982197"
"VA","Virginia","Hiltons","hiltons","cdp","36.654854","-82.467826"
"VA","Virginia","Hiwassee","hiwassee","cdp","36.971902","-80.694928"
"VA","Virginia","Hollins","hollins","cdp","37.344017","-79.952229"
"VA","Virginia","Hollymead","hollymead","cdp","38.121383","-78.43648"
"VA","Virginia","Honaker","honaker","town","37.015587","-81.968539"
"VA","Virginia","Hopewell","hopewell","city","37.29101","-77.298944"
"VA","Virginia","Horntown","horntown","cdp","37.96608","-75.457005"
"VA","Virginia","Horse Pasture","horse pasture","cdp","36.632239","-79.952264"
"VA","Virginia","Hot Springs","hot springs","cdp","38.001289","-79.82389"
"VA","Virginia","Hudson Crossroads","hudson crossroads","cdp","38.794235","-78.726822"
"VA","Virginia","Huntington","huntington","cdp","38.791263","-77.073553"
"VA","Virginia","Hurt","hurt","town","37.096375","-79.30334"
"VA","Virginia","Hutchison","hutchison","cdp","38.963652","-77.410906"
"VA","Virginia","Hybla Valley","hybla valley","cdp","38.746154","-77.079624"
"VA","Virginia","Idylwood","idylwood","cdp","38.889209","-77.204011"
"VA","Virginia","Independence","independence","town","36.627482","-81.149248"
"VA","Virginia","Independent Hill","independent hill","cdp","38.644549","-77.425084"
"VA","Virginia","Innovation","innovation","cdp","38.753951","-77.524674"
"VA","Virginia","Innsbrook","innsbrook","cdp","37.65368","-77.576459"
"VA","Virginia","Iron Gate","iron gate","town","37.798914","-79.790567"
"VA","Virginia","Irvington","irvington","town","37.662372","-76.419998"
"VA","Virginia","Ivanhoe","ivanhoe","cdp","36.843173","-80.968729"
"VA","Virginia","Ivor","ivor","town","36.901057","-76.894652"
"VA","Virginia","Ivy","ivy","cdp","38.063646","-78.59925"
"VA","Virginia","Jarratt","jarratt","town","36.815991","-77.468911"
"VA","Virginia","Jewell Ridge","jewell ridge","cdp","37.18577","-81.787371"
"VA","Virginia","Jolivue","jolivue","cdp","38.111145","-79.068295"
"VA","Virginia","Jonesville","jonesville","town","36.687112","-83.115313"
"VA","Virginia","Keezletown","keezletown","cdp","38.412826","-78.797656"
"VA","Virginia","Keller","keller","town","37.621139","-75.764392"
"VA","Virginia","Kenbridge","kenbridge","town","36.960859","-78.128382"
"VA","Virginia","Keokee","keokee","cdp","36.862488","-82.913671"
"VA","Virginia","Keswick","keswick","cdp","38.0145","-78.361573"
"VA","Virginia","Keysville","keysville","town","37.038989","-78.480437"
"VA","Virginia","Kilmarnock","kilmarnock","town","37.710736","-76.382853"
"VA","Virginia","Kincora","kincora","cdp","39.039035","-77.436642"
"VA","Virginia","King and Queen Court House","king and queen court house","cdp","37.665205","-76.87785"
"VA","Virginia","King George","king george","cdp","38.279436","-77.184308"
"VA","Virginia","King William","king william","cdp","37.683228","-77.02976"
"VA","Virginia","Kings Park","kings park","cdp","38.802169","-77.239334"
"VA","Virginia","Kings Park West","kings park west","cdp","38.814427","-77.295823"
"VA","Virginia","Kingstowne","kingstowne","cdp","38.762857","-77.143949"
"VA","Virginia","La Crosse","la crosse","town","36.701388","-78.094452"
"VA","Virginia","Lafayette","lafayette","cdp","37.233435","-80.204625"
"VA","Virginia","Lake Barcroft","lake barcroft","cdp","38.851553","-77.158743"
"VA","Virginia","Lake Caroline","lake caroline","cdp","37.987319","-77.5195"
"VA","Virginia","Lake Holiday","lake holiday","cdp","39.307493","-78.325224"
"VA","Virginia","Lake Land'Or","lake land or","cdp","38.017509","-77.553232"
"VA","Virginia","Lake Monticello","lake monticello","cdp","37.919811","-78.331876"
"VA","Virginia","Lake of the Woods","lake of the woods","cdp","38.333765","-77.756465"
"VA","Virginia","Lake Ridge","lake ridge","cdp","38.686955","-77.305762"
"VA","Virginia","Lake Wilderness","lake wilderness","cdp","38.304094","-77.726475"
"VA","Virginia","Lakeside","lakeside","cdp","37.613092","-77.477111"
"VA","Virginia","Lancaster","lancaster","cdp","37.760066","-76.44867"
"VA","Virginia","Lansdowne","lansdowne","cdp","39.085271","-77.48374"
"VA","Virginia","Laurel","laurel","cdp","37.636143","-77.507051"
"VA","Virginia","Laurel Hill","laurel hill","cdp","38.705876","-77.243298"
"VA","Virginia","Laurel Park","laurel park","cdp","36.6885","-79.786615"
"VA","Virginia","Lawrenceville","lawrenceville","town","36.7565","-77.853873"
"VA","Virginia","Laymantown","laymantown","cdp","37.36392","-79.860051"
"VA","Virginia","Lebanon","lebanon","town","36.899492","-82.078511"
"VA","Virginia","Lebanon Church","lebanon church","cdp","39.05588","-78.370546"
"VA","Virginia","Lee Mont","lee mont","cdp","37.779831","-75.680253"
"VA","Virginia","Leesburg","leesburg","town","39.106396","-77.559195"
"VA","Virginia","Leesylvania","leesylvania","cdp","38.608262","-77.282893"
"VA","Virginia","Lexington","lexington","city","37.782332","-79.44432"
"VA","Virginia","Lincolnia","lincolnia","cdp","38.815789","-77.154271"
"VA","Virginia","Linton Hall","linton hall","cdp","38.752585","-77.57595"
"VA","Virginia","Linville","linville","cdp","38.516637","-78.835057"
"VA","Virginia","Loch Lomond","loch lomond","cdp","38.780711","-77.482033"
"VA","Virginia","Locust Grove","locust grove","cdp","38.969513","-78.402084"
"VA","Virginia","Locust Mount","locust mount","cdp","37.612415","-75.701735"
"VA","Virginia","Long Branch","long branch","cdp","38.830539","-77.269975"
"VA","Virginia","Lorton","lorton","cdp","38.698722","-77.216649"
"VA","Virginia","Loudoun Valley Estates","loudoun valley estates","cdp","38.980486","-77.509208"
"VA","Virginia","Louisa","louisa","town","38.016624","-77.999737"
"VA","Virginia","Lovettsville","lovettsville","town","39.269819","-77.640388"
"VA","Virginia","Lovingston","lovingston","cdp","37.763884","-78.859696"
"VA","Virginia","Low Moor","low moor","cdp","37.797907","-79.868961"
"VA","Virginia","Lowes Island","lowes island","cdp","39.049173","-77.354761"
"VA","Virginia","Lunenburg","lunenburg","cdp","36.958465","-78.268238"
"VA","Virginia","Luray","luray","town","38.664184","-78.454476"
"VA","Virginia","Lynchburg","lynchburg","city","37.399016","-79.195458"
"VA","Virginia","Lyndhurst","lyndhurst","cdp","38.023382","-78.949846"
"VA","Virginia","Madison","madison","town","38.379354","-78.258598"
"VA","Virginia","Madison Heights","madison heights","cdp","37.450301","-79.10821"
"VA","Virginia","Makemie Park","makemie park","cdp","37.910618","-75.584486"
"VA","Virginia","Mallow","mallow","cdp","37.766309","-79.972529"
"VA","Virginia","Manassas","manassas","city","38.746808","-77.482633"
"VA","Virginia","Manassas Park","manassas park","city","38.769398","-77.442323"
"VA","Virginia","Manchester","manchester","cdp","37.4891","-77.543894"
"VA","Virginia","Mantua","mantua","cdp","38.851738","-77.257505"
"VA","Virginia","Mappsburg","mappsburg","cdp","37.580467","-75.754901"
"VA","Virginia","Mappsville","mappsville","cdp","37.843366","-75.568752"
"VA","Virginia","Marion","marion","town","36.837393","-81.515664"
"VA","Virginia","Marshall","marshall","cdp","38.866012","-77.837107"
"VA","Virginia","Martinsville","martinsville","city","36.683527","-79.863647"
"VA","Virginia","Mason Neck","mason neck","cdp","38.651011","-77.170525"
"VA","Virginia","Massanetta Springs","massanetta springs","cdp","38.395013","-78.831621"
"VA","Virginia","Massanutten","massanutten","cdp","38.411082","-78.727898"
"VA","Virginia","Mathews","mathews","cdp","37.443256","-76.327722"
"VA","Virginia","Matoaca","matoaca","cdp","37.23232","-77.467494"
"VA","Virginia","Maurertown","maurertown","cdp","38.93175","-78.464332"
"VA","Virginia","Max Meadows","max meadows","cdp","36.978941","-80.961796"
"VA","Virginia","McDowell","mcdowell","cdp","38.341913","-79.505289"
"VA","Virginia","McGaheysville","mcgaheysville","cdp","38.372857","-78.732601"
"VA","Virginia","McKenney","mckenney","town","36.985367","-77.721909"
"VA","Virginia","McLean","mclean","cdp","38.943545","-77.192913"
"VA","Virginia","McMullin","mcmullin","cdp","36.818666","-81.577363"
"VA","Virginia","McNair","mcnair","cdp","38.952199","-77.413578"
"VA","Virginia","Meadowbrook","meadowbrook","cdp","37.430467","-77.474494"
"VA","Virginia","Meadows of Dan","meadows of dan","cdp","36.73863","-80.397378"
"VA","Virginia","Meadowview","meadowview","cdp","36.763746","-81.88354"
"VA","Virginia","Mechanicsburg","mechanicsburg","cdp","37.153269","-80.941822"
"VA","Virginia","Mechanicsville","mechanicsville","cdp","37.629896","-77.354756"
"VA","Virginia","Melfa","melfa","town","37.648968","-75.740743"
"VA","Virginia","Mendota","mendota","cdp","36.711121","-82.305688"
"VA","Virginia","Merrifield","merrifield","cdp","38.871977","-77.239668"
"VA","Virginia","Merrimac","merrimac","cdp","37.194866","-80.422011"
"VA","Virginia","Metompkin","metompkin","cdp","37.767122","-75.605423"
"VA","Virginia","Middlebrook","middlebrook","cdp","38.06688","-79.233985"
"VA","Virginia","Middleburg","middleburg","town","38.970347","-77.740642"
"VA","Virginia","Middletown","middletown","town","39.029093","-78.27778"
"VA","Virginia","Midland","midland","cdp","38.598482","-77.718967"
"VA","Virginia","Midlothian","midlothian","cdp","37.484382","-77.649577"
"VA","Virginia","Millboro","millboro","cdp","37.978509","-79.602209"
"VA","Virginia","Mineral","mineral","town","38.007584","-77.906236"
"VA","Virginia","Modest Town","modest town","cdp","37.81685","-75.56109"
"VA","Virginia","Moneta","moneta","cdp","37.188235","-79.613363"
"VA","Virginia","Montclair","montclair","cdp","38.6138","-77.341607"
"VA","Virginia","Monterey","monterey","town","38.411559","-79.580883"
"VA","Virginia","Montrose","montrose","cdp","37.521263","-77.374851"
"VA","Virginia","Montross","montross","town","38.092416","-76.815885"
"VA","Virginia","Montvale","montvale","cdp","37.385171","-79.725502"
"VA","Virginia","Moorefield","moorefield","cdp","38.998274","-77.492742"
"VA","Virginia","Motley","motley","cdp","37.065822","-79.349973"
"VA","Virginia","Mount Clifton","mount clifton","cdp","38.760902","-78.721535"
"VA","Virginia","Mount Crawford","mount crawford","town","38.360875","-78.941035"
"VA","Virginia","Mount Hermon","mount hermon","cdp","36.668749","-79.422185"
"VA","Virginia","Mount Jackson","mount jackson","town","38.738878","-78.650918"
"VA","Virginia","Mount Olive","mount olive","cdp","38.977974","-78.453412"
"VA","Virginia","Mount Sidney","mount sidney","cdp","38.254993","-78.971323"
"VA","Virginia","Mount Vernon","mount vernon","cdp","38.713363","-77.105219"
"VA","Virginia","Mountain Road","mountain road","cdp","36.751561","-78.988343"
"VA","Virginia","Narrows","narrows","town","37.331314","-80.809262"
"VA","Virginia","Nassawadox","nassawadox","town","37.476294","-75.859176"
"VA","Virginia","Nathalie","nathalie","cdp","36.947736","-78.933256"
"VA","Virginia","Navy","navy","cdp","38.889159","-77.3909"
"VA","Virginia","Nellysford","nellysford","cdp","37.923529","-78.893525"
"VA","Virginia","Nelsonia","nelsonia","cdp","37.822459","-75.589492"
"VA","Virginia","New Baltimore","new baltimore","cdp","38.74195","-77.716933"
"VA","Virginia","New Castle","new castle","town","37.500992","-80.111017"
"VA","Virginia","New Church","new church","cdp","37.983247","-75.529065"
"VA","Virginia","New Hope","new hope","cdp","38.192528","-78.894727"
"VA","Virginia","New Kent","new kent","cdp","37.509481","-76.986249"
"VA","Virginia","New Market","new market","town","38.645218","-78.671066"
"VA","Virginia","New River","new river","cdp","37.142926","-80.595803"
"VA","Virginia","Newington","newington","cdp","38.734112","-77.19787"
"VA","Virginia","Newington Forest","newington forest","cdp","38.738024","-77.23522"
"VA","Virginia","Newport News","newport news","city","37.076136","-76.52198"
"VA","Virginia","Newsoms","newsoms","town","36.626208","-77.124837"
"VA","Virginia","Nickelsville","nickelsville","town","36.748813","-82.417187"
"VA","Virginia","Nokesville","nokesville","cdp","38.692987","-77.576441"
"VA","Virginia","Norfolk","norfolk","city","36.923015","-76.244641"
"VA","Virginia","North Garden","north garden","cdp","37.962708","-78.631109"
"VA","Virginia","North Shore","north shore","cdp","37.083143","-79.648409"
"VA","Virginia","North Springfield","north springfield","cdp","38.80285","-77.201073"
"VA","Virginia","Norton","norton","city","36.931549","-82.625996"
"VA","Virginia","Nottoway Court House","nottoway court house","cdp","37.127148","-78.071119"
"VA","Virginia","Oak Grove","oak grove","cdp","38.983354","-77.41549"
"VA","Virginia","Oak Hall","oak hall","cdp","37.930782","-75.54691"
"VA","Virginia","Oak Level","oak level","cdp","36.794846","-79.94143"
"VA","Virginia","Oakton","oakton","cdp","38.889444","-77.302226"
"VA","Virginia","Occoquan","occoquan","town","38.681729","-77.261861"
"VA","Virginia","Onancock","onancock","town","37.709993","-75.74367"
"VA","Virginia","One Loudoun","one loudoun","cdp","39.050396","-77.454839"
"VA","Virginia","Onley","onley","town","37.691325","-75.717141"
"VA","Virginia","Opal","opal","cdp","38.615731","-77.8098"
"VA","Virginia","Orange","orange","town","38.247845","-78.113187"
"VA","Virginia","Orkney Springs","orkney springs","cdp","38.794358","-78.816069"
"VA","Virginia","Osaka","osaka","cdp","36.951465","-82.814429"
"VA","Virginia","Painter","painter","town","37.585184","-75.783759"
"VA","Virginia","Palmyra","palmyra","cdp","37.866371","-78.257592"
"VA","Virginia","Pamplin City","pamplin city","town","37.266276","-78.683736"
"VA","Virginia","Pantops","pantops","cdp","38.032595","-78.444804"
"VA","Virginia","Paris","paris","cdp","39.001281","-77.950097"
"VA","Virginia","Parksley","parksley","town","37.786303","-75.653904"
"VA","Virginia","Parrott","parrott","cdp","37.214092","-80.631767"
"VA","Virginia","Passapatanzy","passapatanzy","cdp","38.294631","-77.332207"
"VA","Virginia","Pastoria","pastoria","cdp","37.744993","-75.635769"
"VA","Virginia","Patrick Springs","patrick springs","cdp","36.634348","-80.198515"
"VA","Virginia","Pearisburg","pearisburg","town","37.328683","-80.727293"
"VA","Virginia","Pembroke","pembroke","town","37.321876","-80.636501"
"VA","Virginia","Penhook","penhook","cdp","36.992451","-79.637553"
"VA","Virginia","Pennington Gap","pennington gap","town","36.757664","-83.035292"
"VA","Virginia","Petersburg","petersburg","city","37.20473","-77.392368"
"VA","Virginia","Phenix","phenix","town","37.081059","-78.7485"
"VA","Virginia","Pimmit Hills","pimmit hills","cdp","38.910532","-77.199144"
"VA","Virginia","Piney Mountain","piney mountain","cdp","38.162134","-78.411071"
"VA","Virginia","Plum Creek","plum creek","cdp","37.127093","-80.503368"
"VA","Virginia","Pocahontas","pocahontas","town","37.309745","-81.34581"
"VA","Virginia","Poquoson","poquoson","city","37.12836","-76.303534"
"VA","Virginia","Port Republic","port republic","cdp","38.283113","-78.81323"
"VA","Virginia","Port Royal","port royal","town","38.164886","-77.199264"
"VA","Virginia","Portsmouth","portsmouth","city","36.859339","-76.356973"
"VA","Virginia","Potomac Mills","potomac mills","cdp","38.656539","-77.29883"
"VA","Virginia","Pound","pound","town","37.126086","-82.60734"
"VA","Virginia","Pounding Mill","pounding mill","cdp","37.07863","-81.712189"
"VA","Virginia","Powhatan","powhatan","cdp","37.542121","-77.927083"
"VA","Virginia","Prices Fork","prices fork","cdp","37.206332","-80.488108"
"VA","Virginia","Prince George","prince george","cdp","37.220869","-77.268299"
"VA","Virginia","Pulaski","pulaski","town","37.05277","-80.761919"
"VA","Virginia","Pungoteague","pungoteague","cdp","37.628567","-75.816544"
"VA","Virginia","Purcellville","purcellville","town","39.137498","-77.711393"
"VA","Virginia","Quantico","quantico","town","38.522437","-77.290146"
"VA","Virginia","Quantico Base","quantico base","cdp","38.522804","-77.318262"
"VA","Virginia","Quicksburg","quicksburg","cdp","38.690893","-78.68239"
"VA","Virginia","Quinby","quinby","cdp","37.553288","-75.736773"
"VA","Virginia","Radford","radford","city","37.120119","-80.559147"
"VA","Virginia","Raven","raven","cdp","37.093756","-81.859959"
"VA","Virginia","Ravensworth","ravensworth","cdp","38.803156","-77.222587"
"VA","Virginia","Rectortown","rectortown","cdp","38.921119","-77.856942"
"VA","Virginia","Remington","remington","town","38.53461","-77.808178"
"VA","Virginia","Reston","reston","cdp","38.949762","-77.346244"
"VA","Virginia","Rhoadesville","rhoadesville","cdp","38.270757","-77.931614"
"VA","Virginia","Rich Creek","rich creek","town","37.384617","-80.818813"
"VA","Virginia","Richlands","richlands","town","37.088022","-81.810416"
"VA","Virginia","Richmond","richmond","city","37.531399","-77.476009"
"VA","Virginia","Ridgeway","ridgeway","town","36.578174","-79.85829"
"VA","Virginia","Riner","riner","cdp","37.067043","-80.440573"
"VA","Virginia","Rio","rio","cdp","38.080488","-78.473191"
"VA","Virginia","Ripplemead","ripplemead","cdp","37.33939","-80.692975"
"VA","Virginia","Rivanna","rivanna","cdp","37.995279","-78.37884"
"VA","Virginia","Riverdale","riverdale","cdp","36.674848","-78.894011"
"VA","Virginia","Riverview","riverview","cdp","36.931192","-82.484189"
"VA","Virginia","Roanoke","roanoke","city","37.278458","-79.958174"
"VA","Virginia","Rockwood","rockwood","cdp","37.462959","-77.574427"
"VA","Virginia","Rocky Gap","rocky gap","cdp","37.240994","-81.107476"
"VA","Virginia","Rocky Mount","rocky mount","town","37.004398","-79.884762"
"VA","Virginia","Rose Hill","rose hill","cdp","38.786916","-77.108827"
"VA","Virginia","Rose Hill","rose hill","cdp","36.664156","-83.373733"
"VA","Virginia","Round Hill","round hill","town","39.131505","-77.7672"
"VA","Virginia","Ruckersville","ruckersville","cdp","38.228054","-78.377478"
"VA","Virginia","Rural Retreat","rural retreat","town","36.905132","-81.27725"
"VA","Virginia","Rushmere","rushmere","cdp","37.071443","-76.670817"
"VA","Virginia","Rustburg","rustburg","cdp","37.272189","-79.100105"
"VA","Virginia","Salem","salem","city","37.285333","-80.055241"
"VA","Virginia","Saltville","saltville","town","36.875915","-81.762909"
"VA","Virginia","Saluda","saluda","cdp","37.605274","-76.593798"
"VA","Virginia","Sandston","sandston","cdp","37.513062","-77.313008"
"VA","Virginia","Sandy Level","sandy level","cdp","36.573814","-79.728073"
"VA","Virginia","Sanford","sanford","cdp","37.933172","-75.668663"
"VA","Virginia","Saumsville","saumsville","cdp","38.93199","-78.500852"
"VA","Virginia","Savage Town","savage town","cdp","37.550063","-75.798276"
"VA","Virginia","Savageville","savageville","cdp","37.682522","-75.759175"
"VA","Virginia","Saxis","saxis","town","37.926164","-75.723589"
"VA","Virginia","Schooner Bay","schooner bay","cdp","37.763661","-75.768647"
"VA","Virginia","Schuyler","schuyler","cdp","37.795463","-78.697607"
"VA","Virginia","Scotland","scotland","cdp","37.181078","-76.796501"
"VA","Virginia","Scottsburg","scottsburg","town","36.759192","-78.791174"
"VA","Virginia","Scottsville","scottsville","town","37.811346","-78.488168"
"VA","Virginia","Sedley","sedley","cdp","36.776931","-76.989939"
"VA","Virginia","Selma","selma","cdp","37.80412","-79.849877"
"VA","Virginia","Seven Corners","seven corners","cdp","38.865522","-77.144814"
"VA","Virginia","Seven Mile Ford","seven mile ford","cdp","36.815556","-81.632203"
"VA","Virginia","Shawneeland","shawneeland","cdp","39.195895","-78.345823"
"VA","Virginia","Shawsville","shawsville","cdp","37.17037","-80.254418"
"VA","Virginia","Shenandoah","shenandoah","town","38.487131","-78.616451"
"VA","Virginia","Shenandoah Farms","shenandoah farms","cdp","38.97534","-78.047559"
"VA","Virginia","Shenandoah Retreat","shenandoah retreat","cdp","39.139346","-77.862643"
"VA","Virginia","Shenandoah Shores","shenandoah shores","cdp","38.962187","-78.14016"
"VA","Virginia","Sherando","sherando","cdp","37.990092","-78.942483"
"VA","Virginia","Shipman","shipman","cdp","37.730825","-78.840949"
"VA","Virginia","Short Pump","short pump","cdp","37.656587","-77.619965"
"VA","Virginia","Singers Glen","singers glen","cdp","38.546544","-78.914404"
"VA","Virginia","Skyland Estates","skyland estates","cdp","38.931819","-78.086185"
"VA","Virginia","Smithfield","smithfield","town","36.972412","-76.614155"
"VA","Virginia","Snowville","snowville","cdp","37.021568","-80.579402"
"VA","Virginia","South Boston","south boston","town","36.711825","-78.913354"
"VA","Virginia","South Hill","south hill","town","36.725662","-78.128886"
"VA","Virginia","South Riding","south riding","cdp","38.911658","-77.513282"
"VA","Virginia","South Run","south run","cdp","38.748317","-77.273197"
"VA","Virginia","Southampton Meadows","southampton meadows","cdp","36.591619","-76.929289"
"VA","Virginia","Southern Gateway","southern gateway","cdp","38.344803","-77.502884"
"VA","Virginia","Southside Chesconessex","southside chesconessex","cdp","37.743966","-75.778684"
"VA","Virginia","Sperryville","sperryville","cdp","38.655516","-78.23608"
"VA","Virginia","Spotsylvania Courthouse","spotsylvania courthouse","cdp","38.199387","-77.589014"
"VA","Virginia","Springfield","springfield","cdp","38.781571","-77.183921"
"VA","Virginia","Springville","springville","cdp","37.187662","-81.39025"
"VA","Virginia","St. Charles","st charles","cdp","36.805133","-83.057336"
"VA","Virginia","St. Paul","st paul","town","36.906709","-82.317017"
"VA","Virginia","Stafford Courthouse","stafford courthouse","cdp","38.414916","-77.415702"
"VA","Virginia","Stanardsville","stanardsville","town","38.299056","-78.436826"
"VA","Virginia","Stanley","stanley","town","38.58104","-78.499404"
"VA","Virginia","Stanleytown","stanleytown","cdp","36.751455","-79.952403"
"VA","Virginia","Staunton","staunton","city","38.157978","-79.061876"
"VA","Virginia","Stephens City","stephens city","town","39.09314","-78.218325"
"VA","Virginia","Sterling","sterling","cdp","39.004733","-77.405368"
"VA","Virginia","Stevens Creek","stevens creek","cdp","36.731495","-80.994234"
"VA","Virginia","Stewartsville","stewartsville","cdp","37.260065","-79.791667"
"VA","Virginia","Stickleyville","stickleyville","cdp","36.713329","-82.912188"
"VA","Virginia","Stone Ridge","stone ridge","cdp","38.925016","-77.555494"
"VA","Virginia","Stonega","stonega","cdp","36.952182","-82.789929"
"VA","Virginia","Stony Creek","stony creek","town","36.94801","-77.400067"
"VA","Virginia","Strasburg","strasburg","town","39.003391","-78.349543"
"VA","Virginia","Stuart","stuart","town","36.640363","-80.268642"
"VA","Virginia","Stuarts Draft","stuarts draft","cdp","38.018834","-79.034692"
"VA","Virginia","Sudley","sudley","cdp","38.786758","-77.49901"
"VA","Virginia","Suffolk","suffolk","city","36.697157","-76.634781"
"VA","Virginia","Sugar Grove","sugar grove","cdp","36.760754","-81.401245"
"VA","Virginia","Sugarland Run","sugarland run","cdp","39.032558","-77.366631"
"VA","Virginia","Sully Square","sully square","cdp","38.921862","-77.426361"
"VA","Virginia","Surry","surry","town","37.137071","-76.833275"
"VA","Virginia","Sussex","sussex","cdp","36.917359","-77.271869"
"VA","Virginia","Tacoma","tacoma","cdp","36.935192","-82.53071"
"VA","Virginia","Tangier","tangier","town","37.823436","-75.992811"
"VA","Virginia","Tappahannock","tappahannock","town","37.912387","-76.866012"
"VA","Virginia","Tasley","tasley","cdp","37.71245","-75.697033"
"VA","Virginia","Tazewell","tazewell","town","37.128938","-81.506555"
"VA","Virginia","Temperanceville","temperanceville","cdp","37.907283","-75.557927"
"VA","Virginia","Templeton","templeton","cdp","37.081004","-77.356322"
"VA","Virginia","The Plains","the plains","town","38.862177","-77.774204"
"VA","Virginia","The University of Virginia's College at Wise","the university of virginia s college at wise","cdp","36.972439","-82.557387"
"VA","Virginia","Thynedale","thynedale","cdp","36.818218","-78.477468"
"VA","Virginia","Timberlake","timberlake","cdp","37.317163","-79.246893"
"VA","Virginia","Timberville","timberville","town","38.63266","-78.773717"
"VA","Virginia","Toms Brook","toms brook","town","38.946542","-78.440046"
"VA","Virginia","Triangle","triangle","cdp","38.547151","-77.318494"
"VA","Virginia","Troutdale","troutdale","town","36.696013","-81.437545"
"VA","Virginia","Troutville","troutville","town","37.416654","-79.878096"
"VA","Virginia","Tuckahoe","tuckahoe","cdp","37.58728","-77.588153"
"VA","Virginia","Twin Lakes","twin lakes","cdp","38.249804","-78.442772"
"VA","Virginia","Tysons","tysons","cdp","38.921355","-77.227621"
"VA","Virginia","Union Hall","union hall","cdp","37.02209","-79.680782"
"VA","Virginia","Union Level","union level","cdp","36.707114","-78.231843"
"VA","Virginia","Union Mill","union mill","cdp","38.801332","-77.387142"
"VA","Virginia","Unionville","unionville","cdp","38.25779","-77.977077"
"VA","Virginia","University Center","university center","cdp","39.062418","-77.445603"
"VA","Virginia","University of Virginia","university of virginia","cdp","38.034991","-78.520482"
"VA","Virginia","Upperville","upperville","cdp","38.991734","-77.881459"
"VA","Virginia","Urbanna","urbanna","town","37.639887","-76.575138"
"VA","Virginia","Vansant","vansant","cdp","37.235291","-82.096274"
"VA","Virginia","Verona","verona","cdp","38.194307","-79.009469"
"VA","Virginia","Victoria","victoria","town","36.994444","-78.224298"
"VA","Virginia","Vienna","vienna","town","38.898576","-77.258323"
"VA","Virginia","Villa Heights","villa heights","cdp","36.702171","-79.894608"
"VA","Virginia","Vinton","vinton","town","37.274236","-79.888194"
"VA","Virginia","Virgilina","virgilina","town","36.545675","-78.775213"
"VA","Virginia","Virginia Beach","virginia beach","city","36.779525","-76.029142"
"VA","Virginia","Wachapreague","wachapreague","town","37.606415","-75.689273"
"VA","Virginia","Wakefield","wakefield","cdp","38.824691","-77.242953"
"VA","Virginia","Wakefield","wakefield","town","36.969126","-76.988096"
"VA","Virginia","Warfield","warfield","cdp","36.895984","-77.818997"
"VA","Virginia","Warm Springs","warm springs","cdp","38.045038","-79.778713"
"VA","Virginia","Warrenton","warrenton","town","38.717817","-77.797316"
"VA","Virginia","Warsaw","warsaw","town","37.960351","-76.76095"
"VA","Virginia","Washington","washington","town","38.711733","-78.159959"
"VA","Virginia","Waterford","waterford","cdp","39.185174","-77.611896"
"VA","Virginia","Wattsville","wattsville","cdp","37.929099","-75.492534"
"VA","Virginia","Waverly","waverly","town","37.034024","-77.095596"
"VA","Virginia","Waynesboro","waynesboro","city","38.067157","-78.90142"
"VA","Virginia","Weber City","weber city","town","36.623721","-82.563351"
"VA","Virginia","Weems","weems","cdp","37.654708","-76.454642"
"VA","Virginia","West Falls Church","west falls church","cdp","38.865559","-77.187699"
"VA","Virginia","West Point","west point","town","37.552261","-76.801848"
"VA","Virginia","West Springfield","west springfield","cdp","38.775195","-77.224652"
"VA","Virginia","Westlake Corner","westlake corner","cdp","37.118628","-79.697888"
"VA","Virginia","Weyers Cave","weyers cave","cdp","38.28006","-78.914162"
"VA","Virginia","White Stone","white stone","town","37.644737","-76.389965"
"VA","Virginia","Whitesville","whitesville","cdp","37.781571","-75.66365"
"VA","Virginia","Williamsburg","williamsburg","city","37.269481","-76.708193"
"VA","Virginia","Willis Wharf","willis wharf","cdp","37.517888","-75.806853"
"VA","Virginia","Winchester","winchester","city","39.173869","-78.176356"
"VA","Virginia","Windsor","windsor","town","36.81119","-76.73841"
"VA","Virginia","Wintergreen","wintergreen","cdp","37.905545","-78.930202"
"VA","Virginia","Wise","wise","town","36.976869","-82.581087"
"VA","Virginia","Wolf Trap","wolf trap","cdp","38.937348","-77.282859"
"VA","Virginia","Woodbridge","woodbridge","cdp","38.640556","-77.255093"
"VA","Virginia","Woodburn","woodburn","cdp","38.849429","-77.226507"
"VA","Virginia","Woodlake","woodlake","cdp","37.42009","-77.677218"
"VA","Virginia","Woodlawn","woodlawn","cdp","36.738767","-80.809459"
"VA","Virginia","Woodlawn","woodlawn","cdp","38.732885","-77.11517"
"VA","Virginia","Woodstock","woodstock","town","38.872115","-78.51713"
"VA","Virginia","Wyndham","wyndham","cdp","37.692179","-77.610726"
"VA","Virginia","Wytheville","wytheville","town","36.953385","-81.088438"
"VA","Virginia","Yogaville","yogaville","cdp","37.667856","-78.689286"
"VA","Virginia","Yorkshire","yorkshire","cdp","38.788994","-77.449867"
"VA","Virginia","Yorktown","yorktown","cdp","37.234015","-76.518202"
